ISO-10303-21;
HEADER;
FILE_DESCRIPTION(('KiCad electronic assembly'),'2;1');
FILE_NAME('magnetic-limit-switch-C.step','2025-03-13T17:27:02',('Pcbnew'
    ),('Kicad'),'Open CASCADE STEP processor 7.8',
  'KiCad to STEP converter','Unknown');
FILE_SCHEMA(('AUTOMOTIVE_DESIGN { 1 0 10303 214 1 1 1 1 }'));
ENDSEC;
DATA;
#1 = APPLICATION_PROTOCOL_DEFINITION('international standard',
  'automotive_design',2000,#2);
#2 = APPLICATION_CONTEXT(
  'core data for automotive mechanical design processes');
#3 = SHAPE_DEFINITION_REPRESENTATION(#4,#10);
#4 = PRODUCT_DEFINITION_SHAPE('','',#5);
#5 = PRODUCT_DEFINITION('design','',#6,#9);
#6 = PRODUCT_DEFINITION_FORMATION('','',#7);
#7 = PRODUCT('magnetic-limit-switch-C 1','magnetic-limit-switch-C 1','',
  (#8));
#8 = PRODUCT_CONTEXT('',#2,'mechanical');
#9 = PRODUCT_DEFINITION_CONTEXT('part definition',#2,'design');
#10 = SHAPE_REPRESENTATION('',(#11,#15,#19,#23,#27,#31,#35),#39);
#11 = AXIS2_PLACEMENT_3D('',#12,#13,#14);
#12 = CARTESIAN_POINT('',(0.,0.,0.));
#13 = DIRECTION('',(0.,0.,1.));
#14 = DIRECTION('',(1.,0.,-0.));
#15 = AXIS2_PLACEMENT_3D('',#16,#17,#18);
#16 = CARTESIAN_POINT('',(40.,-31.5,1.565));
#17 = DIRECTION('',(-0.,0.,1.));
#18 = DIRECTION('',(1.110223024625E-16,-1.,0.));
#19 = AXIS2_PLACEMENT_3D('',#20,#21,#22);
#20 = CARTESIAN_POINT('',(40.,-43.5,1.565));
#21 = DIRECTION('',(0.,-1.,1.110223024625E-16));
#22 = DIRECTION('',(1.,0.,0.));
#23 = AXIS2_PLACEMENT_3D('',#24,#25,#26);
#24 = CARTESIAN_POINT('',(35.5,-31.,1.565));
#25 = DIRECTION('',(0.,-0.,1.));
#26 = DIRECTION('',(1.110223024625E-16,1.,0.));
#27 = AXIS2_PLACEMENT_3D('',#28,#29,#30);
#28 = CARTESIAN_POINT('',(42.75,-31.,1.565));
#29 = DIRECTION('',(0.,-0.,1.));
#30 = DIRECTION('',(1.110223024625E-16,1.,0.));
#31 = AXIS2_PLACEMENT_3D('',#32,#33,#34);
#32 = CARTESIAN_POINT('',(37.25,-31.,1.565));
#33 = DIRECTION('',(-0.,0.,1.));
#34 = DIRECTION('',(1.110223024625E-16,-1.,0.));
#35 = AXIS2_PLACEMENT_3D('',#36,#37,#38);
#36 = CARTESIAN_POINT('',(0.,0.,0.));
#37 = DIRECTION('',(0.,0.,1.));
#38 = DIRECTION('',(1.,0.,-0.));
#39 = ( GEOMETRIC_REPRESENTATION_CONTEXT(3) 
GLOBAL_UNCERTAINTY_ASSIGNED_CONTEXT((#43)) GLOBAL_UNIT_ASSIGNED_CONTEXT(
(#40,#41,#42)) REPRESENTATION_CONTEXT('Context #1',
  '3D Context with UNIT and UNCERTAINTY') );
#40 = ( LENGTH_UNIT() NAMED_UNIT(*) SI_UNIT(.MILLI.,.METRE.) );
#41 = ( NAMED_UNIT(*) PLANE_ANGLE_UNIT() SI_UNIT($,.RADIAN.) );
#42 = ( NAMED_UNIT(*) SI_UNIT($,.STERADIAN.) SOLID_ANGLE_UNIT() );
#43 = UNCERTAINTY_MEASURE_WITH_UNIT(LENGTH_MEASURE(1.E-07),#40,
  'distance_accuracy_value','confusion accuracy');
#44 = PRODUCT_RELATED_PRODUCT_CATEGORY('part',$,(#7));
#45 = SHAPE_DEFINITION_REPRESENTATION(#46,#52);
#46 = PRODUCT_DEFINITION_SHAPE('','',#47);
#47 = PRODUCT_DEFINITION('design','',#48,#51);
#48 = PRODUCT_DEFINITION_FORMATION('','',#49);
#49 = PRODUCT('SOT-23-3','SOT-23-3','',(#50));
#50 = PRODUCT_CONTEXT('',#2,'mechanical');
#51 = PRODUCT_DEFINITION_CONTEXT('part definition',#2,'design');
#52 = ADVANCED_BREP_SHAPE_REPRESENTATION('',(#11,#53),#2035);
#53 = MANIFOLD_SOLID_BREP('',#54);
#54 = CLOSED_SHELL('',(#55,#93,#156,#179,#208,#231,#286,#325,#348,#371,
    #388,#411,#499,#515,#545,#578,#609,#642,#659,#676,#709,#739,#762,
    #785,#802,#831,#885,#908,#931,#954,#993,#1015,#1059,#1134,#1158,
    #1226,#1243,#1318,#1342,#1410,#1485,#1509,#1577,#1594,#1611,#1657,
    #1673,#1689,#1706,#1718,#1735,#1752,#1769,#1786,#1803,#1820,#1832,
    #1849,#1866,#1883,#1900,#1917,#1929,#1946,#1963,#1980,#1997,#2014,
    #2026));
#55 = ADVANCED_FACE('',(#56),#88,.F.);
#56 = FACE_BOUND('',#57,.F.);
#57 = EDGE_LOOP('',(#58,#68,#75,#83));
#58 = ORIENTED_EDGE('',*,*,#59,.T.);
#59 = EDGE_CURVE('',#60,#62,#64,.T.);
#60 = VERTEX_POINT('',#61);
#61 = CARTESIAN_POINT('',(-0.571621551758,1.433243103516,0.1));
#62 = VERTEX_POINT('',#63);
#63 = CARTESIAN_POINT('',(0.571621551758,1.433243103516,0.1));
#64 = LINE('',#65,#66);
#65 = CARTESIAN_POINT('',(-0.571621551758,1.433243103516,0.1));
#66 = VECTOR('',#67,1.);
#67 = DIRECTION('',(1.,1.110223024625E-16,0.));
#68 = ORIENTED_EDGE('',*,*,#69,.T.);
#69 = EDGE_CURVE('',#62,#70,#72,.T.);
#70 = VERTEX_POINT('',#71);
#71 = CARTESIAN_POINT('',(0.605,1.5,0.575));
#72 = B_SPLINE_CURVE_WITH_KNOTS('',1,(#73,#74),.UNSPECIFIED.,.F.,.F.,(2,
    2),(0.,1.),.PIECEWISE_BEZIER_KNOTS.);
#73 = CARTESIAN_POINT('',(0.571621551758,1.433243103516,0.1));
#74 = CARTESIAN_POINT('',(0.605,1.5,0.575));
#75 = ORIENTED_EDGE('',*,*,#76,.F.);
#76 = EDGE_CURVE('',#77,#70,#79,.T.);
#77 = VERTEX_POINT('',#78);
#78 = CARTESIAN_POINT('',(-0.605,1.5,0.575));
#79 = LINE('',#80,#81);
#80 = CARTESIAN_POINT('',(-0.605,1.5,0.575));
#81 = VECTOR('',#82,1.);
#82 = DIRECTION('',(1.,1.110223024625E-16,0.));
#83 = ORIENTED_EDGE('',*,*,#84,.F.);
#84 = EDGE_CURVE('',#60,#77,#85,.T.);
#85 = B_SPLINE_CURVE_WITH_KNOTS('',1,(#86,#87),.UNSPECIFIED.,.F.,.F.,(2,
    2),(0.,1.),.PIECEWISE_BEZIER_KNOTS.);
#86 = CARTESIAN_POINT('',(-0.571621551758,1.433243103516,0.1));
#87 = CARTESIAN_POINT('',(-0.605,1.5,0.575));
#88 = B_SPLINE_SURFACE_WITH_KNOTS('',1,1,(
    (#89,#90)
    ,(#91,#92)),.UNSPECIFIED.,.F.,.F.,.F.,(2,2),(2,2),(0.,1.21),(0.,1.),
  .PIECEWISE_BEZIER_KNOTS.);
#89 = CARTESIAN_POINT('',(-0.571621551758,1.433243103516,0.1));
#90 = CARTESIAN_POINT('',(-0.605,1.5,0.575));
#91 = CARTESIAN_POINT('',(0.571621551758,1.433243103516,0.1));
#92 = CARTESIAN_POINT('',(0.605,1.5,0.575));
#93 = ADVANCED_FACE('',(#94),#151,.T.);
#94 = FACE_BOUND('',#95,.T.);
#95 = EDGE_LOOP('',(#96,#97,#105,#113,#121,#129,#137,#145));
#96 = ORIENTED_EDGE('',*,*,#59,.T.);
#97 = ORIENTED_EDGE('',*,*,#98,.T.);
#98 = EDGE_CURVE('',#62,#99,#101,.T.);
#99 = VERTEX_POINT('',#100);
#100 = CARTESIAN_POINT('',(0.633243103516,1.371621551758,0.1));
#101 = LINE('',#102,#103);
#102 = CARTESIAN_POINT('',(0.571621551758,1.433243103516,0.1));
#103 = VECTOR('',#104,1.);
#104 = DIRECTION('',(0.707106781187,-0.707106781187,0.));
#105 = ORIENTED_EDGE('',*,*,#106,.T.);
#106 = EDGE_CURVE('',#99,#107,#109,.T.);
#107 = VERTEX_POINT('',#108);
#108 = CARTESIAN_POINT('',(0.633243103516,-1.371621551758,0.1));
#109 = LINE('',#110,#111);
#110 = CARTESIAN_POINT('',(0.633243103516,1.371621551758,0.1));
#111 = VECTOR('',#112,1.);
#112 = DIRECTION('',(1.110223024625E-16,-1.,0.));
#113 = ORIENTED_EDGE('',*,*,#114,.T.);
#114 = EDGE_CURVE('',#107,#115,#117,.T.);
#115 = VERTEX_POINT('',#116);
#116 = CARTESIAN_POINT('',(0.571621551758,-1.433243103516,0.1));
#117 = LINE('',#118,#119);
#118 = CARTESIAN_POINT('',(0.633243103516,-1.371621551758,0.1));
#119 = VECTOR('',#120,1.);
#120 = DIRECTION('',(-0.707106781187,-0.707106781187,0.));
#121 = ORIENTED_EDGE('',*,*,#122,.T.);
#122 = EDGE_CURVE('',#115,#123,#125,.T.);
#123 = VERTEX_POINT('',#124);
#124 = CARTESIAN_POINT('',(-0.571621551758,-1.433243103516,0.1));
#125 = LINE('',#126,#127);
#126 = CARTESIAN_POINT('',(0.571621551758,-1.433243103516,0.1));
#127 = VECTOR('',#128,1.);
#128 = DIRECTION('',(-1.,-1.110223024625E-16,0.));
#129 = ORIENTED_EDGE('',*,*,#130,.T.);
#130 = EDGE_CURVE('',#123,#131,#133,.T.);
#131 = VERTEX_POINT('',#132);
#132 = CARTESIAN_POINT('',(-0.633243103516,-1.371621551758,0.1));
#133 = LINE('',#134,#135);
#134 = CARTESIAN_POINT('',(-0.571621551758,-1.433243103516,0.1));
#135 = VECTOR('',#136,1.);
#136 = DIRECTION('',(-0.707106781187,0.707106781187,0.));
#137 = ORIENTED_EDGE('',*,*,#138,.T.);
#138 = EDGE_CURVE('',#131,#139,#141,.T.);
#139 = VERTEX_POINT('',#140);
#140 = CARTESIAN_POINT('',(-0.633243103516,1.371621551758,0.1));
#141 = LINE('',#142,#143);
#142 = CARTESIAN_POINT('',(-0.633243103516,-1.371621551758,0.1));
#143 = VECTOR('',#144,1.);
#144 = DIRECTION('',(-1.110223024625E-16,1.,0.));
#145 = ORIENTED_EDGE('',*,*,#146,.T.);
#146 = EDGE_CURVE('',#139,#60,#147,.T.);
#147 = LINE('',#148,#149);
#148 = CARTESIAN_POINT('',(-0.633243103516,1.371621551758,0.1));
#149 = VECTOR('',#150,1.);
#150 = DIRECTION('',(0.707106781187,0.707106781187,0.));
#151 = PLANE('',#152);
#152 = AXIS2_PLACEMENT_3D('',#153,#154,#155);
#153 = CARTESIAN_POINT('',(-0.571621551758,1.433243103516,0.1));
#154 = DIRECTION('',(0.,0.,-1.));
#155 = DIRECTION('',(0.370454302632,-0.928850692879,0.));
#156 = ADVANCED_FACE('',(#157),#174,.F.);
#157 = FACE_BOUND('',#158,.F.);
#158 = EDGE_LOOP('',(#159,#160,#167,#173));
#159 = ORIENTED_EDGE('',*,*,#98,.T.);
#160 = ORIENTED_EDGE('',*,*,#161,.T.);
#161 = EDGE_CURVE('',#99,#162,#164,.T.);
#162 = VERTEX_POINT('',#163);
#163 = CARTESIAN_POINT('',(0.7,1.405,0.575));
#164 = B_SPLINE_CURVE_WITH_KNOTS('',1,(#165,#166),.UNSPECIFIED.,.F.,.F.,
  (2,2),(0.,1.),.PIECEWISE_BEZIER_KNOTS.);
#165 = CARTESIAN_POINT('',(0.633243103516,1.371621551758,0.1));
#166 = CARTESIAN_POINT('',(0.7,1.405,0.575));
#167 = ORIENTED_EDGE('',*,*,#168,.F.);
#168 = EDGE_CURVE('',#70,#162,#169,.T.);
#169 = LINE('',#170,#171);
#170 = CARTESIAN_POINT('',(0.605,1.5,0.575));
#171 = VECTOR('',#172,1.);
#172 = DIRECTION('',(0.707106781187,-0.707106781187,0.));
#173 = ORIENTED_EDGE('',*,*,#69,.F.);
#174 = B_SPLINE_SURFACE_WITH_KNOTS('',1,1,(
    (#175,#176)
    ,(#177,#178
    )),.UNSPECIFIED.,.F.,.F.,.F.,(2,2),(2,2),(0.,0.134350288425),(0.,1.)
  ,.PIECEWISE_BEZIER_KNOTS.);
#175 = CARTESIAN_POINT('',(0.571621551758,1.433243103516,0.1));
#176 = CARTESIAN_POINT('',(0.605,1.5,0.575));
#177 = CARTESIAN_POINT('',(0.633243103516,1.371621551758,0.1));
#178 = CARTESIAN_POINT('',(0.7,1.405,0.575));
#179 = ADVANCED_FACE('',(#180),#203,.F.);
#180 = FACE_BOUND('',#181,.F.);
#181 = EDGE_LOOP('',(#182,#183,#190,#198));
#182 = ORIENTED_EDGE('',*,*,#76,.T.);
#183 = ORIENTED_EDGE('',*,*,#184,.T.);
#184 = EDGE_CURVE('',#70,#185,#187,.T.);
#185 = VERTEX_POINT('',#186);
#186 = CARTESIAN_POINT('',(0.605,1.5,0.725));
#187 = B_SPLINE_CURVE_WITH_KNOTS('',1,(#188,#189),.UNSPECIFIED.,.F.,.F.,
  (2,2),(0.,1.),.PIECEWISE_BEZIER_KNOTS.);
#188 = CARTESIAN_POINT('',(0.605,1.5,0.575));
#189 = CARTESIAN_POINT('',(0.605,1.5,0.725));
#190 = ORIENTED_EDGE('',*,*,#191,.F.);
#191 = EDGE_CURVE('',#192,#185,#194,.T.);
#192 = VERTEX_POINT('',#193);
#193 = CARTESIAN_POINT('',(-0.605,1.5,0.725));
#194 = LINE('',#195,#196);
#195 = CARTESIAN_POINT('',(-0.605,1.5,0.725));
#196 = VECTOR('',#197,1.);
#197 = DIRECTION('',(1.,1.110223024625E-16,0.));
#198 = ORIENTED_EDGE('',*,*,#199,.F.);
#199 = EDGE_CURVE('',#77,#192,#200,.T.);
#200 = B_SPLINE_CURVE_WITH_KNOTS('',1,(#201,#202),.UNSPECIFIED.,.F.,.F.,
  (2,2),(0.,1.),.PIECEWISE_BEZIER_KNOTS.);
#201 = CARTESIAN_POINT('',(-0.605,1.5,0.575));
#202 = CARTESIAN_POINT('',(-0.605,1.5,0.725));
#203 = PLANE('',#204);
#204 = AXIS2_PLACEMENT_3D('',#205,#206,#207);
#205 = CARTESIAN_POINT('',(-0.605,1.5,0.725));
#206 = DIRECTION('',(1.110223024625E-16,-1.,0.));
#207 = DIRECTION('',(1.,1.110223024625E-16,0.));
#208 = ADVANCED_FACE('',(#209),#226,.F.);
#209 = FACE_BOUND('',#210,.F.);
#210 = EDGE_LOOP('',(#211,#212,#213,#221));
#211 = ORIENTED_EDGE('',*,*,#146,.T.);
#212 = ORIENTED_EDGE('',*,*,#84,.T.);
#213 = ORIENTED_EDGE('',*,*,#214,.F.);
#214 = EDGE_CURVE('',#215,#77,#217,.T.);
#215 = VERTEX_POINT('',#216);
#216 = CARTESIAN_POINT('',(-0.7,1.405,0.575));
#217 = LINE('',#218,#219);
#218 = CARTESIAN_POINT('',(-0.7,1.405,0.575));
#219 = VECTOR('',#220,1.);
#220 = DIRECTION('',(0.707106781187,0.707106781187,0.));
#221 = ORIENTED_EDGE('',*,*,#222,.F.);
#222 = EDGE_CURVE('',#139,#215,#223,.T.);
#223 = B_SPLINE_CURVE_WITH_KNOTS('',1,(#224,#225),.UNSPECIFIED.,.F.,.F.,
  (2,2),(0.,1.),.PIECEWISE_BEZIER_KNOTS.);
#224 = CARTESIAN_POINT('',(-0.633243103516,1.371621551758,0.1));
#225 = CARTESIAN_POINT('',(-0.7,1.405,0.575));
#226 = B_SPLINE_SURFACE_WITH_KNOTS('',1,1,(
    (#227,#228)
    ,(#229,#230
    )),.UNSPECIFIED.,.F.,.F.,.F.,(2,2),(2,2),(0.,0.134350288425),(0.,1.)
  ,.PIECEWISE_BEZIER_KNOTS.);
#227 = CARTESIAN_POINT('',(-0.633243103516,1.371621551758,0.1));
#228 = CARTESIAN_POINT('',(-0.7,1.405,0.575));
#229 = CARTESIAN_POINT('',(-0.571621551758,1.433243103516,0.1));
#230 = CARTESIAN_POINT('',(-0.605,1.5,0.575));
#231 = ADVANCED_FACE('',(#232),#281,.F.);
#232 = FACE_BOUND('',#233,.F.);
#233 = EDGE_LOOP('',(#234,#235,#236,#244,#252,#260,#268,#276));
#234 = ORIENTED_EDGE('',*,*,#138,.T.);
#235 = ORIENTED_EDGE('',*,*,#222,.T.);
#236 = ORIENTED_EDGE('',*,*,#237,.F.);
#237 = EDGE_CURVE('',#238,#215,#240,.T.);
#238 = VERTEX_POINT('',#239);
#239 = CARTESIAN_POINT('',(-0.7,1.15,0.575));
#240 = LINE('',#241,#242);
#241 = CARTESIAN_POINT('',(-0.7,-1.405,0.575));
#242 = VECTOR('',#243,1.);
#243 = DIRECTION('',(-1.110223024625E-16,1.,0.));
#244 = ORIENTED_EDGE('',*,*,#245,.F.);
#245 = EDGE_CURVE('',#246,#238,#248,.T.);
#246 = VERTEX_POINT('',#247);
#247 = CARTESIAN_POINT('',(-0.7,0.75,0.575));
#248 = LINE('',#249,#250);
#249 = CARTESIAN_POINT('',(-0.7,0.75,0.575));
#250 = VECTOR('',#251,1.);
#251 = DIRECTION('',(1.144237745222E-17,1.,0.));
#252 = ORIENTED_EDGE('',*,*,#253,.F.);
#253 = EDGE_CURVE('',#254,#246,#256,.T.);
#254 = VERTEX_POINT('',#255);
#255 = CARTESIAN_POINT('',(-0.7,-0.75,0.575));
#256 = LINE('',#257,#258);
#257 = CARTESIAN_POINT('',(-0.7,-1.405,0.575));
#258 = VECTOR('',#259,1.);
#259 = DIRECTION('',(-1.110223024625E-16,1.,0.));
#260 = ORIENTED_EDGE('',*,*,#261,.F.);
#261 = EDGE_CURVE('',#262,#254,#264,.T.);
#262 = VERTEX_POINT('',#263);
#263 = CARTESIAN_POINT('',(-0.7,-1.15,0.575));
#264 = LINE('',#265,#266);
#265 = CARTESIAN_POINT('',(-0.7,-1.15,0.575));
#266 = VECTOR('',#267,1.);
#267 = DIRECTION('',(1.144237745222E-17,1.,0.));
#268 = ORIENTED_EDGE('',*,*,#269,.F.);
#269 = EDGE_CURVE('',#270,#262,#272,.T.);
#270 = VERTEX_POINT('',#271);
#271 = CARTESIAN_POINT('',(-0.7,-1.405,0.575));
#272 = LINE('',#273,#274);
#273 = CARTESIAN_POINT('',(-0.7,-1.405,0.575));
#274 = VECTOR('',#275,1.);
#275 = DIRECTION('',(-1.110223024625E-16,1.,0.));
#276 = ORIENTED_EDGE('',*,*,#277,.F.);
#277 = EDGE_CURVE('',#131,#270,#278,.T.);
#278 = B_SPLINE_CURVE_WITH_KNOTS('',1,(#279,#280),.UNSPECIFIED.,.F.,.F.,
  (2,2),(0.,1.),.PIECEWISE_BEZIER_KNOTS.);
#279 = CARTESIAN_POINT('',(-0.633243103516,-1.371621551758,0.1));
#280 = CARTESIAN_POINT('',(-0.7,-1.405,0.575));
#281 = B_SPLINE_SURFACE_WITH_KNOTS('',1,1,(
    (#282,#283)
    ,(#284,#285
    )),.UNSPECIFIED.,.F.,.F.,.F.,(2,2),(2,2),(0.,2.81),(0.,1.),
  .PIECEWISE_BEZIER_KNOTS.);
#282 = CARTESIAN_POINT('',(-0.633243103516,-1.371621551758,0.1));
#283 = CARTESIAN_POINT('',(-0.7,-1.405,0.575));
#284 = CARTESIAN_POINT('',(-0.633243103516,1.371621551758,0.1));
#285 = CARTESIAN_POINT('',(-0.7,1.405,0.575));
#286 = ADVANCED_FACE('',(#287),#320,.F.);
#287 = FACE_BOUND('',#288,.F.);
#288 = EDGE_LOOP('',(#289,#290,#297,#305,#313,#319));
#289 = ORIENTED_EDGE('',*,*,#106,.T.);
#290 = ORIENTED_EDGE('',*,*,#291,.T.);
#291 = EDGE_CURVE('',#107,#292,#294,.T.);
#292 = VERTEX_POINT('',#293);
#293 = CARTESIAN_POINT('',(0.7,-1.405,0.575));
#294 = B_SPLINE_CURVE_WITH_KNOTS('',1,(#295,#296),.UNSPECIFIED.,.F.,.F.,
  (2,2),(0.,1.),.PIECEWISE_BEZIER_KNOTS.);
#295 = CARTESIAN_POINT('',(0.633243103516,-1.371621551758,0.1));
#296 = CARTESIAN_POINT('',(0.7,-1.405,0.575));
#297 = ORIENTED_EDGE('',*,*,#298,.F.);
#298 = EDGE_CURVE('',#299,#292,#301,.T.);
#299 = VERTEX_POINT('',#300);
#300 = CARTESIAN_POINT('',(0.7,-0.2,0.575));
#301 = LINE('',#302,#303);
#302 = CARTESIAN_POINT('',(0.7,1.405,0.575));
#303 = VECTOR('',#304,1.);
#304 = DIRECTION('',(1.110223024625E-16,-1.,0.));
#305 = ORIENTED_EDGE('',*,*,#306,.F.);
#306 = EDGE_CURVE('',#307,#299,#309,.T.);
#307 = VERTEX_POINT('',#308);
#308 = CARTESIAN_POINT('',(0.7,0.2,0.575));
#309 = LINE('',#310,#311);
#310 = CARTESIAN_POINT('',(0.7,0.2,0.575));
#311 = VECTOR('',#312,1.);
#312 = DIRECTION('',(1.110223024625E-16,-1.,0.));
#313 = ORIENTED_EDGE('',*,*,#314,.F.);
#314 = EDGE_CURVE('',#162,#307,#315,.T.);
#315 = LINE('',#316,#317);
#316 = CARTESIAN_POINT('',(0.7,1.405,0.575));
#317 = VECTOR('',#318,1.);
#318 = DIRECTION('',(1.110223024625E-16,-1.,0.));
#319 = ORIENTED_EDGE('',*,*,#161,.F.);
#320 = B_SPLINE_SURFACE_WITH_KNOTS('',1,1,(
    (#321,#322)
    ,(#323,#324
    )),.UNSPECIFIED.,.F.,.F.,.F.,(2,2),(2,2),(0.,2.81),(0.,1.),
  .PIECEWISE_BEZIER_KNOTS.);
#321 = CARTESIAN_POINT('',(0.633243103516,1.371621551758,0.1));
#322 = CARTESIAN_POINT('',(0.7,1.405,0.575));
#323 = CARTESIAN_POINT('',(0.633243103516,-1.371621551758,0.1));
#324 = CARTESIAN_POINT('',(0.7,-1.405,0.575));
#325 = ADVANCED_FACE('',(#326),#343,.F.);
#326 = FACE_BOUND('',#327,.F.);
#327 = EDGE_LOOP('',(#328,#329,#330,#338));
#328 = ORIENTED_EDGE('',*,*,#130,.T.);
#329 = ORIENTED_EDGE('',*,*,#277,.T.);
#330 = ORIENTED_EDGE('',*,*,#331,.F.);
#331 = EDGE_CURVE('',#332,#270,#334,.T.);
#332 = VERTEX_POINT('',#333);
#333 = CARTESIAN_POINT('',(-0.605,-1.5,0.575));
#334 = LINE('',#335,#336);
#335 = CARTESIAN_POINT('',(-0.605,-1.5,0.575));
#336 = VECTOR('',#337,1.);
#337 = DIRECTION('',(-0.707106781187,0.707106781187,0.));
#338 = ORIENTED_EDGE('',*,*,#339,.F.);
#339 = EDGE_CURVE('',#123,#332,#340,.T.);
#340 = B_SPLINE_CURVE_WITH_KNOTS('',1,(#341,#342),.UNSPECIFIED.,.F.,.F.,
  (2,2),(0.,1.),.PIECEWISE_BEZIER_KNOTS.);
#341 = CARTESIAN_POINT('',(-0.571621551758,-1.433243103516,0.1));
#342 = CARTESIAN_POINT('',(-0.605,-1.5,0.575));
#343 = B_SPLINE_SURFACE_WITH_KNOTS('',1,1,(
    (#344,#345)
    ,(#346,#347
    )),.UNSPECIFIED.,.F.,.F.,.F.,(2,2),(2,2),(0.,0.134350288425),(0.,1.)
  ,.PIECEWISE_BEZIER_KNOTS.);
#344 = CARTESIAN_POINT('',(-0.571621551758,-1.433243103516,0.1));
#345 = CARTESIAN_POINT('',(-0.605,-1.5,0.575));
#346 = CARTESIAN_POINT('',(-0.633243103516,-1.371621551758,0.1));
#347 = CARTESIAN_POINT('',(-0.7,-1.405,0.575));
#348 = ADVANCED_FACE('',(#349),#366,.F.);
#349 = FACE_BOUND('',#350,.F.);
#350 = EDGE_LOOP('',(#351,#352,#359,#365));
#351 = ORIENTED_EDGE('',*,*,#114,.T.);
#352 = ORIENTED_EDGE('',*,*,#353,.T.);
#353 = EDGE_CURVE('',#115,#354,#356,.T.);
#354 = VERTEX_POINT('',#355);
#355 = CARTESIAN_POINT('',(0.605,-1.5,0.575));
#356 = B_SPLINE_CURVE_WITH_KNOTS('',1,(#357,#358),.UNSPECIFIED.,.F.,.F.,
  (2,2),(0.,1.),.PIECEWISE_BEZIER_KNOTS.);
#357 = CARTESIAN_POINT('',(0.571621551758,-1.433243103516,0.1));
#358 = CARTESIAN_POINT('',(0.605,-1.5,0.575));
#359 = ORIENTED_EDGE('',*,*,#360,.F.);
#360 = EDGE_CURVE('',#292,#354,#361,.T.);
#361 = LINE('',#362,#363);
#362 = CARTESIAN_POINT('',(0.7,-1.405,0.575));
#363 = VECTOR('',#364,1.);
#364 = DIRECTION('',(-0.707106781187,-0.707106781187,0.));
#365 = ORIENTED_EDGE('',*,*,#291,.F.);
#366 = B_SPLINE_SURFACE_WITH_KNOTS('',1,1,(
    (#367,#368)
    ,(#369,#370
    )),.UNSPECIFIED.,.F.,.F.,.F.,(2,2),(2,2),(0.,0.134350288425),(0.,1.)
  ,.PIECEWISE_BEZIER_KNOTS.);
#367 = CARTESIAN_POINT('',(0.633243103516,-1.371621551758,0.1));
#368 = CARTESIAN_POINT('',(0.7,-1.405,0.575));
#369 = CARTESIAN_POINT('',(0.571621551758,-1.433243103516,0.1));
#370 = CARTESIAN_POINT('',(0.605,-1.5,0.575));
#371 = ADVANCED_FACE('',(#372),#383,.F.);
#372 = FACE_BOUND('',#373,.F.);
#373 = EDGE_LOOP('',(#374,#375,#376,#382));
#374 = ORIENTED_EDGE('',*,*,#122,.T.);
#375 = ORIENTED_EDGE('',*,*,#339,.T.);
#376 = ORIENTED_EDGE('',*,*,#377,.F.);
#377 = EDGE_CURVE('',#354,#332,#378,.T.);
#378 = LINE('',#379,#380);
#379 = CARTESIAN_POINT('',(0.605,-1.5,0.575));
#380 = VECTOR('',#381,1.);
#381 = DIRECTION('',(-1.,-1.110223024625E-16,0.));
#382 = ORIENTED_EDGE('',*,*,#353,.F.);
#383 = B_SPLINE_SURFACE_WITH_KNOTS('',1,1,(
    (#384,#385)
    ,(#386,#387
    )),.UNSPECIFIED.,.F.,.F.,.F.,(2,2),(2,2),(0.,1.21),(0.,1.),
  .PIECEWISE_BEZIER_KNOTS.);
#384 = CARTESIAN_POINT('',(0.571621551758,-1.433243103516,0.1));
#385 = CARTESIAN_POINT('',(0.605,-1.5,0.575));
#386 = CARTESIAN_POINT('',(-0.571621551758,-1.433243103516,0.1));
#387 = CARTESIAN_POINT('',(-0.605,-1.5,0.575));
#388 = ADVANCED_FACE('',(#389),#406,.F.);
#389 = FACE_BOUND('',#390,.F.);
#390 = EDGE_LOOP('',(#391,#392,#399,#405));
#391 = ORIENTED_EDGE('',*,*,#168,.T.);
#392 = ORIENTED_EDGE('',*,*,#393,.T.);
#393 = EDGE_CURVE('',#162,#394,#396,.T.);
#394 = VERTEX_POINT('',#395);
#395 = CARTESIAN_POINT('',(0.7,1.405,0.725));
#396 = B_SPLINE_CURVE_WITH_KNOTS('',1,(#397,#398),.UNSPECIFIED.,.F.,.F.,
  (2,2),(0.,1.),.PIECEWISE_BEZIER_KNOTS.);
#397 = CARTESIAN_POINT('',(0.7,1.405,0.575));
#398 = CARTESIAN_POINT('',(0.7,1.405,0.725));
#399 = ORIENTED_EDGE('',*,*,#400,.F.);
#400 = EDGE_CURVE('',#185,#394,#401,.T.);
#401 = LINE('',#402,#403);
#402 = CARTESIAN_POINT('',(0.605,1.5,0.725));
#403 = VECTOR('',#404,1.);
#404 = DIRECTION('',(0.707106781187,-0.707106781187,0.));
#405 = ORIENTED_EDGE('',*,*,#184,.F.);
#406 = PLANE('',#407);
#407 = AXIS2_PLACEMENT_3D('',#408,#409,#410);
#408 = CARTESIAN_POINT('',(0.605,1.5,0.725));
#409 = DIRECTION('',(-0.707106781187,-0.707106781187,0.));
#410 = DIRECTION('',(0.707106781187,-0.707106781187,0.));
#411 = ADVANCED_FACE('',(#412),#494,.F.);
#412 = FACE_BOUND('',#413,.F.);
#413 = EDGE_LOOP('',(#414,#422,#423,#424,#432,#440,#448,#456,#464,#472,
    #480,#488));
#414 = ORIENTED_EDGE('',*,*,#415,.T.);
#415 = EDGE_CURVE('',#416,#192,#418,.T.);
#416 = VERTEX_POINT('',#417);
#417 = CARTESIAN_POINT('',(-0.7,1.405,0.725));
#418 = LINE('',#419,#420);
#419 = CARTESIAN_POINT('',(-0.7,1.405,0.725));
#420 = VECTOR('',#421,1.);
#421 = DIRECTION('',(0.707106781187,0.707106781187,0.));
#422 = ORIENTED_EDGE('',*,*,#191,.T.);
#423 = ORIENTED_EDGE('',*,*,#400,.T.);
#424 = ORIENTED_EDGE('',*,*,#425,.T.);
#425 = EDGE_CURVE('',#394,#426,#428,.T.);
#426 = VERTEX_POINT('',#427);
#427 = CARTESIAN_POINT('',(0.7,0.2,0.725));
#428 = LINE('',#429,#430);
#429 = CARTESIAN_POINT('',(0.7,1.405,0.725));
#430 = VECTOR('',#431,1.);
#431 = DIRECTION('',(1.110223024625E-16,-1.,0.));
#432 = ORIENTED_EDGE('',*,*,#433,.T.);
#433 = EDGE_CURVE('',#426,#434,#436,.T.);
#434 = VERTEX_POINT('',#435);
#435 = CARTESIAN_POINT('',(0.675,0.2,0.725));
#436 = LINE('',#437,#438);
#437 = CARTESIAN_POINT('',(0.7,0.2,0.725));
#438 = VECTOR('',#439,1.);
#439 = DIRECTION('',(-1.,-1.110223024625E-16,0.));
#440 = ORIENTED_EDGE('',*,*,#441,.F.);
#441 = EDGE_CURVE('',#442,#434,#444,.T.);
#442 = VERTEX_POINT('',#443);
#443 = CARTESIAN_POINT('',(0.675,1.3925,0.725));
#444 = LINE('',#445,#446);
#445 = CARTESIAN_POINT('',(0.675,1.3925,0.725));
#446 = VECTOR('',#447,1.);
#447 = DIRECTION('',(1.110223024625E-16,-1.,0.));
#448 = ORIENTED_EDGE('',*,*,#449,.F.);
#449 = EDGE_CURVE('',#450,#442,#452,.T.);
#450 = VERTEX_POINT('',#451);
#451 = CARTESIAN_POINT('',(0.5925,1.475,0.725));
#452 = LINE('',#453,#454);
#453 = CARTESIAN_POINT('',(0.5925,1.475,0.725));
#454 = VECTOR('',#455,1.);
#455 = DIRECTION('',(0.707106781187,-0.707106781187,0.));
#456 = ORIENTED_EDGE('',*,*,#457,.F.);
#457 = EDGE_CURVE('',#458,#450,#460,.T.);
#458 = VERTEX_POINT('',#459);
#459 = CARTESIAN_POINT('',(-0.5925,1.475,0.725));
#460 = LINE('',#461,#462);
#461 = CARTESIAN_POINT('',(-0.5925,1.475,0.725));
#462 = VECTOR('',#463,1.);
#463 = DIRECTION('',(1.,1.110223024625E-16,0.));
#464 = ORIENTED_EDGE('',*,*,#465,.F.);
#465 = EDGE_CURVE('',#466,#458,#468,.T.);
#466 = VERTEX_POINT('',#467);
#467 = CARTESIAN_POINT('',(-0.675,1.3925,0.725));
#468 = LINE('',#469,#470);
#469 = CARTESIAN_POINT('',(-0.675,1.3925,0.725));
#470 = VECTOR('',#471,1.);
#471 = DIRECTION('',(0.707106781187,0.707106781187,0.));
#472 = ORIENTED_EDGE('',*,*,#473,.F.);
#473 = EDGE_CURVE('',#474,#466,#476,.T.);
#474 = VERTEX_POINT('',#475);
#475 = CARTESIAN_POINT('',(-0.675,1.15,0.725));
#476 = LINE('',#477,#478);
#477 = CARTESIAN_POINT('',(-0.675,-1.3925,0.725));
#478 = VECTOR('',#479,1.);
#479 = DIRECTION('',(-1.110223024625E-16,1.,0.));
#480 = ORIENTED_EDGE('',*,*,#481,.F.);
#481 = EDGE_CURVE('',#482,#474,#484,.T.);
#482 = VERTEX_POINT('',#483);
#483 = CARTESIAN_POINT('',(-0.7,1.15,0.725));
#484 = LINE('',#485,#486);
#485 = CARTESIAN_POINT('',(-0.7,1.15,0.725));
#486 = VECTOR('',#487,1.);
#487 = DIRECTION('',(1.,-1.144237745222E-17,0.));
#488 = ORIENTED_EDGE('',*,*,#489,.T.);
#489 = EDGE_CURVE('',#482,#416,#490,.T.);
#490 = LINE('',#491,#492);
#491 = CARTESIAN_POINT('',(-0.7,-1.405,0.725));
#492 = VECTOR('',#493,1.);
#493 = DIRECTION('',(-1.110223024625E-16,1.,0.));
#494 = PLANE('',#495);
#495 = AXIS2_PLACEMENT_3D('',#496,#497,#498);
#496 = CARTESIAN_POINT('',(-1.486299604971E-16,1.4875,0.725));
#497 = DIRECTION('',(1.022886882533E-31,-6.310887241768E-27,-1.));
#498 = DIRECTION('',(1.,1.217738924546E-16,1.022886882525E-31));
#499 = ADVANCED_FACE('',(#500),#510,.F.);
#500 = FACE_BOUND('',#501,.F.);
#501 = EDGE_LOOP('',(#502,#503,#504,#505));
#502 = ORIENTED_EDGE('',*,*,#214,.T.);
#503 = ORIENTED_EDGE('',*,*,#199,.T.);
#504 = ORIENTED_EDGE('',*,*,#415,.F.);
#505 = ORIENTED_EDGE('',*,*,#506,.F.);
#506 = EDGE_CURVE('',#215,#416,#507,.T.);
#507 = B_SPLINE_CURVE_WITH_KNOTS('',1,(#508,#509),.UNSPECIFIED.,.F.,.F.,
  (2,2),(0.,1.),.PIECEWISE_BEZIER_KNOTS.);
#508 = CARTESIAN_POINT('',(-0.7,1.405,0.575));
#509 = CARTESIAN_POINT('',(-0.7,1.405,0.725));
#510 = PLANE('',#511);
#511 = AXIS2_PLACEMENT_3D('',#512,#513,#514);
#512 = CARTESIAN_POINT('',(-0.7,1.405,0.725));
#513 = DIRECTION('',(0.707106781187,-0.707106781187,0.));
#514 = DIRECTION('',(0.707106781187,0.707106781187,0.));
#515 = ADVANCED_FACE('',(#516),#540,.F.);
#516 = FACE_BOUND('',#517,.F.);
#517 = EDGE_LOOP('',(#518,#525,#526,#534));
#518 = ORIENTED_EDGE('',*,*,#519,.F.);
#519 = EDGE_CURVE('',#270,#520,#522,.T.);
#520 = VERTEX_POINT('',#521);
#521 = CARTESIAN_POINT('',(-0.7,-1.405,0.725));
#522 = B_SPLINE_CURVE_WITH_KNOTS('',1,(#523,#524),.UNSPECIFIED.,.F.,.F.,
  (2,2),(0.,1.),.PIECEWISE_BEZIER_KNOTS.);
#523 = CARTESIAN_POINT('',(-0.7,-1.405,0.575));
#524 = CARTESIAN_POINT('',(-0.7,-1.405,0.725));
#525 = ORIENTED_EDGE('',*,*,#269,.T.);
#526 = ORIENTED_EDGE('',*,*,#527,.T.);
#527 = EDGE_CURVE('',#262,#528,#530,.T.);
#528 = VERTEX_POINT('',#529);
#529 = CARTESIAN_POINT('',(-0.7,-1.15,0.725));
#530 = LINE('',#531,#532);
#531 = CARTESIAN_POINT('',(-0.7,-1.15,0.525297170697));
#532 = VECTOR('',#533,1.);
#533 = DIRECTION('',(0.,0.,1.));
#534 = ORIENTED_EDGE('',*,*,#535,.F.);
#535 = EDGE_CURVE('',#520,#528,#536,.T.);
#536 = LINE('',#537,#538);
#537 = CARTESIAN_POINT('',(-0.7,-1.405,0.725));
#538 = VECTOR('',#539,1.);
#539 = DIRECTION('',(-1.110223024625E-16,1.,0.));
#540 = PLANE('',#541);
#541 = AXIS2_PLACEMENT_3D('',#542,#543,#544);
#542 = CARTESIAN_POINT('',(-0.7,-1.405,0.725));
#543 = DIRECTION('',(1.,1.110223024625E-16,0.));
#544 = DIRECTION('',(-1.110223024625E-16,1.,0.));
#545 = ADVANCED_FACE('',(#546),#573,.F.);
#546 = FACE_BOUND('',#547,.F.);
#547 = EDGE_LOOP('',(#548,#549,#558,#566));
#548 = ORIENTED_EDGE('',*,*,#261,.T.);
#549 = ORIENTED_EDGE('',*,*,#550,.T.);
#550 = EDGE_CURVE('',#254,#551,#553,.T.);
#551 = VERTEX_POINT('',#552);
#552 = CARTESIAN_POINT('',(-0.8,-0.75,0.475));
#553 = CIRCLE('',#554,0.1);
#554 = AXIS2_PLACEMENT_3D('',#555,#556,#557);
#555 = CARTESIAN_POINT('',(-0.7,-0.75,0.475));
#556 = DIRECTION('',(-1.144237745222E-17,-1.,2.736911063134E-48));
#557 = DIRECTION('',(-1.110223024625E-15,1.27035909039E-32,1.));
#558 = ORIENTED_EDGE('',*,*,#559,.F.);
#559 = EDGE_CURVE('',#560,#551,#562,.T.);
#560 = VERTEX_POINT('',#561);
#561 = CARTESIAN_POINT('',(-0.8,-1.15,0.475));
#562 = LINE('',#563,#564);
#563 = CARTESIAN_POINT('',(-0.8,-1.15,0.475));
#564 = VECTOR('',#565,1.);
#565 = DIRECTION('',(1.144237745222E-17,1.,0.));
#566 = ORIENTED_EDGE('',*,*,#567,.F.);
#567 = EDGE_CURVE('',#262,#560,#568,.T.);
#568 = CIRCLE('',#569,0.1);
#569 = AXIS2_PLACEMENT_3D('',#570,#571,#572);
#570 = CARTESIAN_POINT('',(-0.7,-1.15,0.475));
#571 = DIRECTION('',(-1.144237745222E-17,-1.,2.736911063134E-48));
#572 = DIRECTION('',(-1.110223024625E-15,1.27035909039E-32,1.));
#573 = CYLINDRICAL_SURFACE('',#574,0.1);
#574 = AXIS2_PLACEMENT_3D('',#575,#576,#577);
#575 = CARTESIAN_POINT('',(-0.7,-1.15,0.475));
#576 = DIRECTION('',(-1.144237745222E-17,-1.,0.));
#577 = DIRECTION('',(-1.110223024625E-15,1.27035909039E-32,1.));
#578 = ADVANCED_FACE('',(#579),#604,.F.);
#579 = FACE_BOUND('',#580,.F.);
#580 = EDGE_LOOP('',(#581,#589,#590,#598));
#581 = ORIENTED_EDGE('',*,*,#582,.F.);
#582 = EDGE_CURVE('',#254,#583,#585,.T.);
#583 = VERTEX_POINT('',#584);
#584 = CARTESIAN_POINT('',(-0.7,-0.75,0.725));
#585 = LINE('',#586,#587);
#586 = CARTESIAN_POINT('',(-0.7,-0.75,0.525297170697));
#587 = VECTOR('',#588,1.);
#588 = DIRECTION('',(0.,0.,1.));
#589 = ORIENTED_EDGE('',*,*,#253,.T.);
#590 = ORIENTED_EDGE('',*,*,#591,.T.);
#591 = EDGE_CURVE('',#246,#592,#594,.T.);
#592 = VERTEX_POINT('',#593);
#593 = CARTESIAN_POINT('',(-0.7,0.75,0.725));
#594 = LINE('',#595,#596);
#595 = CARTESIAN_POINT('',(-0.7,0.75,0.525297170697));
#596 = VECTOR('',#597,1.);
#597 = DIRECTION('',(0.,0.,1.));
#598 = ORIENTED_EDGE('',*,*,#599,.F.);
#599 = EDGE_CURVE('',#583,#592,#600,.T.);
#600 = LINE('',#601,#602);
#601 = CARTESIAN_POINT('',(-0.7,-1.405,0.725));
#602 = VECTOR('',#603,1.);
#603 = DIRECTION('',(-1.110223024625E-16,1.,0.));
#604 = PLANE('',#605);
#605 = AXIS2_PLACEMENT_3D('',#606,#607,#608);
#606 = CARTESIAN_POINT('',(-0.7,-1.405,0.725));
#607 = DIRECTION('',(1.,1.110223024625E-16,0.));
#608 = DIRECTION('',(-1.110223024625E-16,1.,0.));
#609 = ADVANCED_FACE('',(#610),#637,.F.);
#610 = FACE_BOUND('',#611,.F.);
#611 = EDGE_LOOP('',(#612,#613,#622,#630));
#612 = ORIENTED_EDGE('',*,*,#245,.T.);
#613 = ORIENTED_EDGE('',*,*,#614,.T.);
#614 = EDGE_CURVE('',#238,#615,#617,.T.);
#615 = VERTEX_POINT('',#616);
#616 = CARTESIAN_POINT('',(-0.8,1.15,0.475));
#617 = CIRCLE('',#618,0.1);
#618 = AXIS2_PLACEMENT_3D('',#619,#620,#621);
#619 = CARTESIAN_POINT('',(-0.7,1.15,0.475));
#620 = DIRECTION('',(-1.144237745222E-17,-1.,2.736911063134E-48));
#621 = DIRECTION('',(-1.110223024625E-15,1.27035909039E-32,1.));
#622 = ORIENTED_EDGE('',*,*,#623,.F.);
#623 = EDGE_CURVE('',#624,#615,#626,.T.);
#624 = VERTEX_POINT('',#625);
#625 = CARTESIAN_POINT('',(-0.8,0.75,0.475));
#626 = LINE('',#627,#628);
#627 = CARTESIAN_POINT('',(-0.8,0.75,0.475));
#628 = VECTOR('',#629,1.);
#629 = DIRECTION('',(1.144237745222E-17,1.,0.));
#630 = ORIENTED_EDGE('',*,*,#631,.F.);
#631 = EDGE_CURVE('',#246,#624,#632,.T.);
#632 = CIRCLE('',#633,0.1);
#633 = AXIS2_PLACEMENT_3D('',#634,#635,#636);
#634 = CARTESIAN_POINT('',(-0.7,0.75,0.475));
#635 = DIRECTION('',(-1.144237745222E-17,-1.,2.736911063134E-48));
#636 = DIRECTION('',(-1.110223024625E-15,1.27035909039E-32,1.));
#637 = CYLINDRICAL_SURFACE('',#638,0.1);
#638 = AXIS2_PLACEMENT_3D('',#639,#640,#641);
#639 = CARTESIAN_POINT('',(-0.7,0.75,0.475));
#640 = DIRECTION('',(-1.144237745222E-17,-1.,0.));
#641 = DIRECTION('',(-1.110223024625E-15,1.27035909039E-32,1.));
#642 = ADVANCED_FACE('',(#643),#654,.F.);
#643 = FACE_BOUND('',#644,.F.);
#644 = EDGE_LOOP('',(#645,#651,#652,#653));
#645 = ORIENTED_EDGE('',*,*,#646,.F.);
#646 = EDGE_CURVE('',#238,#482,#647,.T.);
#647 = LINE('',#648,#649);
#648 = CARTESIAN_POINT('',(-0.7,1.15,0.525297170697));
#649 = VECTOR('',#650,1.);
#650 = DIRECTION('',(0.,0.,1.));
#651 = ORIENTED_EDGE('',*,*,#237,.T.);
#652 = ORIENTED_EDGE('',*,*,#506,.T.);
#653 = ORIENTED_EDGE('',*,*,#489,.F.);
#654 = PLANE('',#655);
#655 = AXIS2_PLACEMENT_3D('',#656,#657,#658);
#656 = CARTESIAN_POINT('',(-0.7,-1.405,0.725));
#657 = DIRECTION('',(1.,1.110223024625E-16,0.));
#658 = DIRECTION('',(-1.110223024625E-16,1.,0.));
#659 = ADVANCED_FACE('',(#660),#671,.F.);
#660 = FACE_BOUND('',#661,.F.);
#661 = EDGE_LOOP('',(#662,#663,#664,#670));
#662 = ORIENTED_EDGE('',*,*,#393,.F.);
#663 = ORIENTED_EDGE('',*,*,#314,.T.);
#664 = ORIENTED_EDGE('',*,*,#665,.T.);
#665 = EDGE_CURVE('',#307,#426,#666,.T.);
#666 = LINE('',#667,#668);
#667 = CARTESIAN_POINT('',(0.7,0.2,0.525297170697));
#668 = VECTOR('',#669,1.);
#669 = DIRECTION('',(0.,0.,1.));
#670 = ORIENTED_EDGE('',*,*,#425,.F.);
#671 = PLANE('',#672);
#672 = AXIS2_PLACEMENT_3D('',#673,#674,#675);
#673 = CARTESIAN_POINT('',(0.7,1.405,0.725));
#674 = DIRECTION('',(-1.,-1.110223024625E-16,0.));
#675 = DIRECTION('',(1.110223024625E-16,-1.,0.));
#676 = ADVANCED_FACE('',(#677),#704,.F.);
#677 = FACE_BOUND('',#678,.F.);
#678 = EDGE_LOOP('',(#679,#680,#689,#697));
#679 = ORIENTED_EDGE('',*,*,#306,.T.);
#680 = ORIENTED_EDGE('',*,*,#681,.T.);
#681 = EDGE_CURVE('',#299,#682,#684,.T.);
#682 = VERTEX_POINT('',#683);
#683 = CARTESIAN_POINT('',(0.8,-0.2,0.475));
#684 = CIRCLE('',#685,0.1);
#685 = AXIS2_PLACEMENT_3D('',#686,#687,#688);
#686 = CARTESIAN_POINT('',(0.7,-0.2,0.475));
#687 = DIRECTION('',(-1.110223024625E-16,1.,0.));
#688 = DIRECTION('',(1.110223024625E-15,1.232595164407E-31,1.));
#689 = ORIENTED_EDGE('',*,*,#690,.F.);
#690 = EDGE_CURVE('',#691,#682,#693,.T.);
#691 = VERTEX_POINT('',#692);
#692 = CARTESIAN_POINT('',(0.8,0.2,0.475));
#693 = LINE('',#694,#695);
#694 = CARTESIAN_POINT('',(0.8,0.2,0.475));
#695 = VECTOR('',#696,1.);
#696 = DIRECTION('',(1.110223024625E-16,-1.,0.));
#697 = ORIENTED_EDGE('',*,*,#698,.F.);
#698 = EDGE_CURVE('',#307,#691,#699,.T.);
#699 = CIRCLE('',#700,0.1);
#700 = AXIS2_PLACEMENT_3D('',#701,#702,#703);
#701 = CARTESIAN_POINT('',(0.7,0.2,0.475));
#702 = DIRECTION('',(-1.110223024625E-16,1.,0.));
#703 = DIRECTION('',(1.110223024625E-15,1.232595164407E-31,1.));
#704 = CYLINDRICAL_SURFACE('',#705,0.1);
#705 = AXIS2_PLACEMENT_3D('',#706,#707,#708);
#706 = CARTESIAN_POINT('',(0.7,0.2,0.475));
#707 = DIRECTION('',(-1.110223024625E-16,1.,0.));
#708 = DIRECTION('',(1.110223024625E-15,1.232595164407E-31,1.));
#709 = ADVANCED_FACE('',(#710),#734,.F.);
#710 = FACE_BOUND('',#711,.F.);
#711 = EDGE_LOOP('',(#712,#720,#721,#728));
#712 = ORIENTED_EDGE('',*,*,#713,.F.);
#713 = EDGE_CURVE('',#299,#714,#716,.T.);
#714 = VERTEX_POINT('',#715);
#715 = CARTESIAN_POINT('',(0.7,-0.2,0.725));
#716 = LINE('',#717,#718);
#717 = CARTESIAN_POINT('',(0.7,-0.2,0.525297170697));
#718 = VECTOR('',#719,1.);
#719 = DIRECTION('',(0.,0.,1.));
#720 = ORIENTED_EDGE('',*,*,#298,.T.);
#721 = ORIENTED_EDGE('',*,*,#722,.T.);
#722 = EDGE_CURVE('',#292,#723,#725,.T.);
#723 = VERTEX_POINT('',#724);
#724 = CARTESIAN_POINT('',(0.7,-1.405,0.725));
#725 = B_SPLINE_CURVE_WITH_KNOTS('',1,(#726,#727),.UNSPECIFIED.,.F.,.F.,
  (2,2),(0.,1.),.PIECEWISE_BEZIER_KNOTS.);
#726 = CARTESIAN_POINT('',(0.7,-1.405,0.575));
#727 = CARTESIAN_POINT('',(0.7,-1.405,0.725));
#728 = ORIENTED_EDGE('',*,*,#729,.F.);
#729 = EDGE_CURVE('',#714,#723,#730,.T.);
#730 = LINE('',#731,#732);
#731 = CARTESIAN_POINT('',(0.7,1.405,0.725));
#732 = VECTOR('',#733,1.);
#733 = DIRECTION('',(1.110223024625E-16,-1.,0.));
#734 = PLANE('',#735);
#735 = AXIS2_PLACEMENT_3D('',#736,#737,#738);
#736 = CARTESIAN_POINT('',(0.7,1.405,0.725));
#737 = DIRECTION('',(-1.,-1.110223024625E-16,0.));
#738 = DIRECTION('',(1.110223024625E-16,-1.,0.));
#739 = ADVANCED_FACE('',(#740),#757,.F.);
#740 = FACE_BOUND('',#741,.F.);
#741 = EDGE_LOOP('',(#742,#743,#744,#752));
#742 = ORIENTED_EDGE('',*,*,#331,.T.);
#743 = ORIENTED_EDGE('',*,*,#519,.T.);
#744 = ORIENTED_EDGE('',*,*,#745,.F.);
#745 = EDGE_CURVE('',#746,#520,#748,.T.);
#746 = VERTEX_POINT('',#747);
#747 = CARTESIAN_POINT('',(-0.605,-1.5,0.725));
#748 = LINE('',#749,#750);
#749 = CARTESIAN_POINT('',(-0.605,-1.5,0.725));
#750 = VECTOR('',#751,1.);
#751 = DIRECTION('',(-0.707106781187,0.707106781187,0.));
#752 = ORIENTED_EDGE('',*,*,#753,.F.);
#753 = EDGE_CURVE('',#332,#746,#754,.T.);
#754 = B_SPLINE_CURVE_WITH_KNOTS('',1,(#755,#756),.UNSPECIFIED.,.F.,.F.,
  (2,2),(0.,1.),.PIECEWISE_BEZIER_KNOTS.);
#755 = CARTESIAN_POINT('',(-0.605,-1.5,0.575));
#756 = CARTESIAN_POINT('',(-0.605,-1.5,0.725));
#757 = PLANE('',#758);
#758 = AXIS2_PLACEMENT_3D('',#759,#760,#761);
#759 = CARTESIAN_POINT('',(-0.605,-1.5,0.725));
#760 = DIRECTION('',(0.707106781187,0.707106781187,0.));
#761 = DIRECTION('',(-0.707106781187,0.707106781187,0.));
#762 = ADVANCED_FACE('',(#763),#780,.F.);
#763 = FACE_BOUND('',#764,.F.);
#764 = EDGE_LOOP('',(#765,#766,#773,#779));
#765 = ORIENTED_EDGE('',*,*,#360,.T.);
#766 = ORIENTED_EDGE('',*,*,#767,.T.);
#767 = EDGE_CURVE('',#354,#768,#770,.T.);
#768 = VERTEX_POINT('',#769);
#769 = CARTESIAN_POINT('',(0.605,-1.5,0.725));
#770 = B_SPLINE_CURVE_WITH_KNOTS('',1,(#771,#772),.UNSPECIFIED.,.F.,.F.,
  (2,2),(0.,1.),.PIECEWISE_BEZIER_KNOTS.);
#771 = CARTESIAN_POINT('',(0.605,-1.5,0.575));
#772 = CARTESIAN_POINT('',(0.605,-1.5,0.725));
#773 = ORIENTED_EDGE('',*,*,#774,.F.);
#774 = EDGE_CURVE('',#723,#768,#775,.T.);
#775 = LINE('',#776,#777);
#776 = CARTESIAN_POINT('',(0.7,-1.405,0.725));
#777 = VECTOR('',#778,1.);
#778 = DIRECTION('',(-0.707106781187,-0.707106781187,0.));
#779 = ORIENTED_EDGE('',*,*,#722,.F.);
#780 = PLANE('',#781);
#781 = AXIS2_PLACEMENT_3D('',#782,#783,#784);
#782 = CARTESIAN_POINT('',(0.7,-1.405,0.725));
#783 = DIRECTION('',(-0.707106781187,0.707106781187,0.));
#784 = DIRECTION('',(-0.707106781187,-0.707106781187,0.));
#785 = ADVANCED_FACE('',(#786),#797,.F.);
#786 = FACE_BOUND('',#787,.F.);
#787 = EDGE_LOOP('',(#788,#789,#790,#796));
#788 = ORIENTED_EDGE('',*,*,#377,.T.);
#789 = ORIENTED_EDGE('',*,*,#753,.T.);
#790 = ORIENTED_EDGE('',*,*,#791,.F.);
#791 = EDGE_CURVE('',#768,#746,#792,.T.);
#792 = LINE('',#793,#794);
#793 = CARTESIAN_POINT('',(0.605,-1.5,0.725));
#794 = VECTOR('',#795,1.);
#795 = DIRECTION('',(-1.,-1.110223024625E-16,0.));
#796 = ORIENTED_EDGE('',*,*,#767,.F.);
#797 = PLANE('',#798);
#798 = AXIS2_PLACEMENT_3D('',#799,#800,#801);
#799 = CARTESIAN_POINT('',(0.605,-1.5,0.725));
#800 = DIRECTION('',(-1.110223024625E-16,1.,0.));
#801 = DIRECTION('',(-1.,-1.110223024625E-16,0.));
#802 = ADVANCED_FACE('',(#803),#826,.F.);
#803 = FACE_BOUND('',#804,.F.);
#804 = EDGE_LOOP('',(#805,#813,#819,#820));
#805 = ORIENTED_EDGE('',*,*,#806,.F.);
#806 = EDGE_CURVE('',#592,#807,#809,.T.);
#807 = VERTEX_POINT('',#808);
#808 = CARTESIAN_POINT('',(-0.675,0.75,0.725));
#809 = LINE('',#810,#811);
#810 = CARTESIAN_POINT('',(-0.7,0.75,0.725));
#811 = VECTOR('',#812,1.);
#812 = DIRECTION('',(1.,-1.144237745222E-17,0.));
#813 = ORIENTED_EDGE('',*,*,#814,.T.);
#814 = EDGE_CURVE('',#592,#482,#815,.T.);
#815 = LINE('',#816,#817);
#816 = CARTESIAN_POINT('',(-0.7,0.75,0.725));
#817 = VECTOR('',#818,1.);
#818 = DIRECTION('',(1.144237745222E-17,1.,0.));
#819 = ORIENTED_EDGE('',*,*,#481,.T.);
#820 = ORIENTED_EDGE('',*,*,#821,.F.);
#821 = EDGE_CURVE('',#807,#474,#822,.T.);
#822 = LINE('',#823,#824);
#823 = CARTESIAN_POINT('',(-0.675,-1.3925,0.725));
#824 = VECTOR('',#825,1.);
#825 = DIRECTION('',(-1.110223024625E-16,1.,0.));
#826 = PLANE('',#827);
#827 = AXIS2_PLACEMENT_3D('',#828,#829,#830);
#828 = CARTESIAN_POINT('',(-0.7,0.75,0.725));
#829 = DIRECTION('',(0.,0.,-1.));
#830 = DIRECTION('',(1.,-1.144237745222E-17,0.));
#831 = ADVANCED_FACE('',(#832),#880,.F.);
#832 = FACE_BOUND('',#833,.F.);
#833 = EDGE_LOOP('',(#834,#844,#852,#858,#859,#860,#867,#875));
#834 = ORIENTED_EDGE('',*,*,#835,.T.);
#835 = EDGE_CURVE('',#836,#838,#840,.T.);
#836 = VERTEX_POINT('',#837);
#837 = CARTESIAN_POINT('',(-0.675,-1.3925,0.725));
#838 = VERTEX_POINT('',#839);
#839 = CARTESIAN_POINT('',(-0.675,-1.15,0.725));
#840 = LINE('',#841,#842);
#841 = CARTESIAN_POINT('',(-0.675,-1.3925,0.725));
#842 = VECTOR('',#843,1.);
#843 = DIRECTION('',(-1.110223024625E-16,1.,0.));
#844 = ORIENTED_EDGE('',*,*,#845,.T.);
#845 = EDGE_CURVE('',#838,#846,#848,.T.);
#846 = VERTEX_POINT('',#847);
#847 = CARTESIAN_POINT('',(-0.675,-0.75,0.725));
#848 = LINE('',#849,#850);
#849 = CARTESIAN_POINT('',(-0.675,-1.3925,0.725));
#850 = VECTOR('',#851,1.);
#851 = DIRECTION('',(-1.110223024625E-16,1.,0.));
#852 = ORIENTED_EDGE('',*,*,#853,.T.);
#853 = EDGE_CURVE('',#846,#807,#854,.T.);
#854 = LINE('',#855,#856);
#855 = CARTESIAN_POINT('',(-0.675,-1.3925,0.725));
#856 = VECTOR('',#857,1.);
#857 = DIRECTION('',(-1.110223024625E-16,1.,0.));
#858 = ORIENTED_EDGE('',*,*,#821,.T.);
#859 = ORIENTED_EDGE('',*,*,#473,.T.);
#860 = ORIENTED_EDGE('',*,*,#861,.T.);
#861 = EDGE_CURVE('',#466,#862,#864,.T.);
#862 = VERTEX_POINT('',#863);
#863 = CARTESIAN_POINT('',(-0.608243103516,1.359121551758,1.2));
#864 = B_SPLINE_CURVE_WITH_KNOTS('',1,(#865,#866),.UNSPECIFIED.,.F.,.F.,
  (2,2),(0.,1.),.PIECEWISE_BEZIER_KNOTS.);
#865 = CARTESIAN_POINT('',(-0.675,1.3925,0.725));
#866 = CARTESIAN_POINT('',(-0.608243103516,1.359121551758,1.2));
#867 = ORIENTED_EDGE('',*,*,#868,.F.);
#868 = EDGE_CURVE('',#869,#862,#871,.T.);
#869 = VERTEX_POINT('',#870);
#870 = CARTESIAN_POINT('',(-0.608243103516,-1.359121551758,1.2));
#871 = LINE('',#872,#873);
#872 = CARTESIAN_POINT('',(-0.608243103516,-1.359121551758,1.2));
#873 = VECTOR('',#874,1.);
#874 = DIRECTION('',(-1.110223024625E-16,1.,0.));
#875 = ORIENTED_EDGE('',*,*,#876,.F.);
#876 = EDGE_CURVE('',#836,#869,#877,.T.);
#877 = B_SPLINE_CURVE_WITH_KNOTS('',1,(#878,#879),.UNSPECIFIED.,.F.,.F.,
  (2,2),(0.,1.),.PIECEWISE_BEZIER_KNOTS.);
#878 = CARTESIAN_POINT('',(-0.675,-1.3925,0.725));
#879 = CARTESIAN_POINT('',(-0.608243103516,-1.359121551758,1.2));
#880 = B_SPLINE_SURFACE_WITH_KNOTS('',1,1,(
    (#881,#882)
    ,(#883,#884
    )),.UNSPECIFIED.,.F.,.F.,.F.,(2,2),(2,2),(0.,2.785),(0.,1.),
  .PIECEWISE_BEZIER_KNOTS.);
#881 = CARTESIAN_POINT('',(-0.675,-1.3925,0.725));
#882 = CARTESIAN_POINT('',(-0.608243103516,-1.359121551758,1.2));
#883 = CARTESIAN_POINT('',(-0.675,1.3925,0.725));
#884 = CARTESIAN_POINT('',(-0.608243103516,1.359121551758,1.2));
#885 = ADVANCED_FACE('',(#886),#903,.F.);
#886 = FACE_BOUND('',#887,.F.);
#887 = EDGE_LOOP('',(#888,#889,#896,#902));
#888 = ORIENTED_EDGE('',*,*,#465,.T.);
#889 = ORIENTED_EDGE('',*,*,#890,.T.);
#890 = EDGE_CURVE('',#458,#891,#893,.T.);
#891 = VERTEX_POINT('',#892);
#892 = CARTESIAN_POINT('',(-0.559121551758,1.408243103516,1.2));
#893 = B_SPLINE_CURVE_WITH_KNOTS('',1,(#894,#895),.UNSPECIFIED.,.F.,.F.,
  (2,2),(0.,1.),.PIECEWISE_BEZIER_KNOTS.);
#894 = CARTESIAN_POINT('',(-0.5925,1.475,0.725));
#895 = CARTESIAN_POINT('',(-0.559121551758,1.408243103516,1.2));
#896 = ORIENTED_EDGE('',*,*,#897,.F.);
#897 = EDGE_CURVE('',#862,#891,#898,.T.);
#898 = LINE('',#899,#900);
#899 = CARTESIAN_POINT('',(-0.608243103516,1.359121551758,1.2));
#900 = VECTOR('',#901,1.);
#901 = DIRECTION('',(0.707106781187,0.707106781187,0.));
#902 = ORIENTED_EDGE('',*,*,#861,.F.);
#903 = B_SPLINE_SURFACE_WITH_KNOTS('',1,1,(
    (#904,#905)
    ,(#906,#907
    )),.UNSPECIFIED.,.F.,.F.,.F.,(2,2),(2,2),(0.,0.116672618896),(0.,1.)
  ,.PIECEWISE_BEZIER_KNOTS.);
#904 = CARTESIAN_POINT('',(-0.675,1.3925,0.725));
#905 = CARTESIAN_POINT('',(-0.608243103516,1.359121551758,1.2));
#906 = CARTESIAN_POINT('',(-0.5925,1.475,0.725));
#907 = CARTESIAN_POINT('',(-0.559121551758,1.408243103516,1.2));
#908 = ADVANCED_FACE('',(#909),#926,.F.);
#909 = FACE_BOUND('',#910,.F.);
#910 = EDGE_LOOP('',(#911,#912,#919,#925));
#911 = ORIENTED_EDGE('',*,*,#457,.T.);
#912 = ORIENTED_EDGE('',*,*,#913,.T.);
#913 = EDGE_CURVE('',#450,#914,#916,.T.);
#914 = VERTEX_POINT('',#915);
#915 = CARTESIAN_POINT('',(0.559121551758,1.408243103516,1.2));
#916 = B_SPLINE_CURVE_WITH_KNOTS('',1,(#917,#918),.UNSPECIFIED.,.F.,.F.,
  (2,2),(0.,1.),.PIECEWISE_BEZIER_KNOTS.);
#917 = CARTESIAN_POINT('',(0.5925,1.475,0.725));
#918 = CARTESIAN_POINT('',(0.559121551758,1.408243103516,1.2));
#919 = ORIENTED_EDGE('',*,*,#920,.F.);
#920 = EDGE_CURVE('',#891,#914,#921,.T.);
#921 = LINE('',#922,#923);
#922 = CARTESIAN_POINT('',(-0.559121551758,1.408243103516,1.2));
#923 = VECTOR('',#924,1.);
#924 = DIRECTION('',(1.,1.110223024625E-16,0.));
#925 = ORIENTED_EDGE('',*,*,#890,.F.);
#926 = B_SPLINE_SURFACE_WITH_KNOTS('',1,1,(
    (#927,#928)
    ,(#929,#930
    )),.UNSPECIFIED.,.F.,.F.,.F.,(2,2),(2,2),(0.,1.185),(0.,1.),
  .PIECEWISE_BEZIER_KNOTS.);
#927 = CARTESIAN_POINT('',(-0.5925,1.475,0.725));
#928 = CARTESIAN_POINT('',(-0.559121551758,1.408243103516,1.2));
#929 = CARTESIAN_POINT('',(0.5925,1.475,0.725));
#930 = CARTESIAN_POINT('',(0.559121551758,1.408243103516,1.2));
#931 = ADVANCED_FACE('',(#932),#949,.F.);
#932 = FACE_BOUND('',#933,.F.);
#933 = EDGE_LOOP('',(#934,#935,#942,#948));
#934 = ORIENTED_EDGE('',*,*,#449,.T.);
#935 = ORIENTED_EDGE('',*,*,#936,.T.);
#936 = EDGE_CURVE('',#442,#937,#939,.T.);
#937 = VERTEX_POINT('',#938);
#938 = CARTESIAN_POINT('',(0.608243103516,1.359121551758,1.2));
#939 = B_SPLINE_CURVE_WITH_KNOTS('',1,(#940,#941),.UNSPECIFIED.,.F.,.F.,
  (2,2),(0.,1.),.PIECEWISE_BEZIER_KNOTS.);
#940 = CARTESIAN_POINT('',(0.675,1.3925,0.725));
#941 = CARTESIAN_POINT('',(0.608243103516,1.359121551758,1.2));
#942 = ORIENTED_EDGE('',*,*,#943,.F.);
#943 = EDGE_CURVE('',#914,#937,#944,.T.);
#944 = LINE('',#945,#946);
#945 = CARTESIAN_POINT('',(0.559121551758,1.408243103516,1.2));
#946 = VECTOR('',#947,1.);
#947 = DIRECTION('',(0.707106781187,-0.707106781187,0.));
#948 = ORIENTED_EDGE('',*,*,#913,.F.);
#949 = B_SPLINE_SURFACE_WITH_KNOTS('',1,1,(
    (#950,#951)
    ,(#952,#953
    )),.UNSPECIFIED.,.F.,.F.,.F.,(2,2),(2,2),(0.,0.116672618896),(0.,1.)
  ,.PIECEWISE_BEZIER_KNOTS.);
#950 = CARTESIAN_POINT('',(0.5925,1.475,0.725));
#951 = CARTESIAN_POINT('',(0.559121551758,1.408243103516,1.2));
#952 = CARTESIAN_POINT('',(0.675,1.3925,0.725));
#953 = CARTESIAN_POINT('',(0.608243103516,1.359121551758,1.2));
#954 = ADVANCED_FACE('',(#955),#988,.F.);
#955 = FACE_BOUND('',#956,.F.);
#956 = EDGE_LOOP('',(#957,#958,#966,#974,#981,#987));
#957 = ORIENTED_EDGE('',*,*,#441,.T.);
#958 = ORIENTED_EDGE('',*,*,#959,.T.);
#959 = EDGE_CURVE('',#434,#960,#962,.T.);
#960 = VERTEX_POINT('',#961);
#961 = CARTESIAN_POINT('',(0.675,-0.2,0.725));
#962 = LINE('',#963,#964);
#963 = CARTESIAN_POINT('',(0.675,1.3925,0.725));
#964 = VECTOR('',#965,1.);
#965 = DIRECTION('',(1.110223024625E-16,-1.,0.));
#966 = ORIENTED_EDGE('',*,*,#967,.T.);
#967 = EDGE_CURVE('',#960,#968,#970,.T.);
#968 = VERTEX_POINT('',#969);
#969 = CARTESIAN_POINT('',(0.675,-1.3925,0.725));
#970 = LINE('',#971,#972);
#971 = CARTESIAN_POINT('',(0.675,1.3925,0.725));
#972 = VECTOR('',#973,1.);
#973 = DIRECTION('',(1.110223024625E-16,-1.,0.));
#974 = ORIENTED_EDGE('',*,*,#975,.T.);
#975 = EDGE_CURVE('',#968,#976,#978,.T.);
#976 = VERTEX_POINT('',#977);
#977 = CARTESIAN_POINT('',(0.608243103516,-1.359121551758,1.2));
#978 = B_SPLINE_CURVE_WITH_KNOTS('',1,(#979,#980),.UNSPECIFIED.,.F.,.F.,
  (2,2),(0.,1.),.PIECEWISE_BEZIER_KNOTS.);
#979 = CARTESIAN_POINT('',(0.675,-1.3925,0.725));
#980 = CARTESIAN_POINT('',(0.608243103516,-1.359121551758,1.2));
#981 = ORIENTED_EDGE('',*,*,#982,.F.);
#982 = EDGE_CURVE('',#937,#976,#983,.T.);
#983 = LINE('',#984,#985);
#984 = CARTESIAN_POINT('',(0.608243103516,1.359121551758,1.2));
#985 = VECTOR('',#986,1.);
#986 = DIRECTION('',(1.110223024625E-16,-1.,0.));
#987 = ORIENTED_EDGE('',*,*,#936,.F.);
#988 = B_SPLINE_SURFACE_WITH_KNOTS('',1,1,(
    (#989,#990)
    ,(#991,#992
    )),.UNSPECIFIED.,.F.,.F.,.F.,(2,2),(2,2),(0.,2.785),(0.,1.),
  .PIECEWISE_BEZIER_KNOTS.);
#989 = CARTESIAN_POINT('',(0.675,1.3925,0.725));
#990 = CARTESIAN_POINT('',(0.608243103516,1.359121551758,1.2));
#991 = CARTESIAN_POINT('',(0.675,-1.3925,0.725));
#992 = CARTESIAN_POINT('',(0.608243103516,-1.359121551758,1.2));
#993 = ADVANCED_FACE('',(#994),#1010,.F.);
#994 = FACE_BOUND('',#995,.F.);
#995 = EDGE_LOOP('',(#996,#997,#1003,#1009));
#996 = ORIENTED_EDGE('',*,*,#433,.F.);
#997 = ORIENTED_EDGE('',*,*,#998,.T.);
#998 = EDGE_CURVE('',#426,#714,#999,.T.);
#999 = LINE('',#1000,#1001);
#1000 = CARTESIAN_POINT('',(0.7,0.2,0.725));
#1001 = VECTOR('',#1002,1.);
#1002 = DIRECTION('',(1.110223024625E-16,-1.,0.));
#1003 = ORIENTED_EDGE('',*,*,#1004,.T.);
#1004 = EDGE_CURVE('',#714,#960,#1005,.T.);
#1005 = LINE('',#1006,#1007);
#1006 = CARTESIAN_POINT('',(0.7,-0.2,0.725));
#1007 = VECTOR('',#1008,1.);
#1008 = DIRECTION('',(-1.,-1.110223024625E-16,0.));
#1009 = ORIENTED_EDGE('',*,*,#959,.F.);
#1010 = PLANE('',#1011);
#1011 = AXIS2_PLACEMENT_3D('',#1012,#1013,#1014);
#1012 = CARTESIAN_POINT('',(0.7,0.2,0.725));
#1013 = DIRECTION('',(0.,0.,-1.));
#1014 = DIRECTION('',(-1.,-1.110223024625E-16,-0.));
#1015 = ADVANCED_FACE('',(#1016),#1054,.F.);
#1016 = FACE_BOUND('',#1017,.F.);
#1017 = EDGE_LOOP('',(#1018,#1019,#1020,#1021,#1022,#1023,#1024,#1030,
    #1031,#1039,#1047,#1053));
#1018 = ORIENTED_EDGE('',*,*,#1004,.F.);
#1019 = ORIENTED_EDGE('',*,*,#729,.T.);
#1020 = ORIENTED_EDGE('',*,*,#774,.T.);
#1021 = ORIENTED_EDGE('',*,*,#791,.T.);
#1022 = ORIENTED_EDGE('',*,*,#745,.T.);
#1023 = ORIENTED_EDGE('',*,*,#535,.T.);
#1024 = ORIENTED_EDGE('',*,*,#1025,.T.);
#1025 = EDGE_CURVE('',#528,#838,#1026,.T.);
#1026 = LINE('',#1027,#1028);
#1027 = CARTESIAN_POINT('',(-0.7,-1.15,0.725));
#1028 = VECTOR('',#1029,1.);
#1029 = DIRECTION('',(1.,-1.144237745222E-17,0.));
#1030 = ORIENTED_EDGE('',*,*,#835,.F.);
#1031 = ORIENTED_EDGE('',*,*,#1032,.F.);
#1032 = EDGE_CURVE('',#1033,#836,#1035,.T.);
#1033 = VERTEX_POINT('',#1034);
#1034 = CARTESIAN_POINT('',(-0.5925,-1.475,0.725));
#1035 = LINE('',#1036,#1037);
#1036 = CARTESIAN_POINT('',(-0.5925,-1.475,0.725));
#1037 = VECTOR('',#1038,1.);
#1038 = DIRECTION('',(-0.707106781187,0.707106781187,0.));
#1039 = ORIENTED_EDGE('',*,*,#1040,.F.);
#1040 = EDGE_CURVE('',#1041,#1033,#1043,.T.);
#1041 = VERTEX_POINT('',#1042);
#1042 = CARTESIAN_POINT('',(0.5925,-1.475,0.725));
#1043 = LINE('',#1044,#1045);
#1044 = CARTESIAN_POINT('',(0.5925,-1.475,0.725));
#1045 = VECTOR('',#1046,1.);
#1046 = DIRECTION('',(-1.,-1.110223024625E-16,0.));
#1047 = ORIENTED_EDGE('',*,*,#1048,.F.);
#1048 = EDGE_CURVE('',#968,#1041,#1049,.T.);
#1049 = LINE('',#1050,#1051);
#1050 = CARTESIAN_POINT('',(0.675,-1.3925,0.725));
#1051 = VECTOR('',#1052,1.);
#1052 = DIRECTION('',(-0.707106781187,-0.707106781187,0.));
#1053 = ORIENTED_EDGE('',*,*,#967,.F.);
#1054 = PLANE('',#1055);
#1055 = AXIS2_PLACEMENT_3D('',#1056,#1057,#1058);
#1056 = CARTESIAN_POINT('',(-1.486299604971E-16,1.4875,0.725));
#1057 = DIRECTION('',(1.022886882533E-31,-6.310887241768E-27,-1.));
#1058 = DIRECTION('',(1.,1.217738924546E-16,1.022886882525E-31));
#1059 = ADVANCED_FACE('',(#1060),#1129,.F.);
#1060 = FACE_BOUND('',#1061,.F.);
#1061 = EDGE_LOOP('',(#1062,#1063,#1064,#1072,#1081,#1089,#1097,#1105,
    #1114,#1122));
#1062 = ORIENTED_EDGE('',*,*,#527,.F.);
#1063 = ORIENTED_EDGE('',*,*,#567,.T.);
#1064 = ORIENTED_EDGE('',*,*,#1065,.T.);
#1065 = EDGE_CURVE('',#560,#1066,#1068,.T.);
#1066 = VERTEX_POINT('',#1067);
#1067 = CARTESIAN_POINT('',(-0.8,-1.15,0.25));
#1068 = LINE('',#1069,#1070);
#1069 = CARTESIAN_POINT('',(-0.8,-1.15,0.475));
#1070 = VECTOR('',#1071,1.);
#1071 = DIRECTION('',(0.,0.,-1.));
#1072 = ORIENTED_EDGE('',*,*,#1073,.T.);
#1073 = EDGE_CURVE('',#1066,#1074,#1076,.T.);
#1074 = VERTEX_POINT('',#1075);
#1075 = CARTESIAN_POINT('',(-1.05,-1.15,0.));
#1076 = CIRCLE('',#1077,0.25);
#1077 = AXIS2_PLACEMENT_3D('',#1078,#1079,#1080);
#1078 = CARTESIAN_POINT('',(-1.05,-1.15,0.25));
#1079 = DIRECTION('',(1.144237745222E-17,1.,2.052683297351E-48));
#1080 = DIRECTION('',(1.,-1.144237745222E-17,-4.440892098501E-16));
#1081 = ORIENTED_EDGE('',*,*,#1082,.T.);
#1082 = EDGE_CURVE('',#1074,#1083,#1085,.T.);
#1083 = VERTEX_POINT('',#1084);
#1084 = CARTESIAN_POINT('',(-1.25,-1.15,0.));
#1085 = LINE('',#1086,#1087);
#1086 = CARTESIAN_POINT('',(-1.05,-1.15,0.));
#1087 = VECTOR('',#1088,1.);
#1088 = DIRECTION('',(-1.,1.144237745222E-17,0.));
#1089 = ORIENTED_EDGE('',*,*,#1090,.T.);
#1090 = EDGE_CURVE('',#1083,#1091,#1093,.T.);
#1091 = VERTEX_POINT('',#1092);
#1092 = CARTESIAN_POINT('',(-1.25,-1.15,0.15));
#1093 = LINE('',#1094,#1095);
#1094 = CARTESIAN_POINT('',(-1.25,-1.15,0.));
#1095 = VECTOR('',#1096,1.);
#1096 = DIRECTION('',(0.,0.,1.));
#1097 = ORIENTED_EDGE('',*,*,#1098,.T.);
#1098 = EDGE_CURVE('',#1091,#1099,#1101,.T.);
#1099 = VERTEX_POINT('',#1100);
#1100 = CARTESIAN_POINT('',(-1.05,-1.15,0.15));
#1101 = LINE('',#1102,#1103);
#1102 = CARTESIAN_POINT('',(-1.25,-1.15,0.15));
#1103 = VECTOR('',#1104,1.);
#1104 = DIRECTION('',(1.,-1.144237745222E-17,0.));
#1105 = ORIENTED_EDGE('',*,*,#1106,.T.);
#1106 = EDGE_CURVE('',#1099,#1107,#1109,.T.);
#1107 = VERTEX_POINT('',#1108);
#1108 = CARTESIAN_POINT('',(-0.95,-1.15,0.25));
#1109 = CIRCLE('',#1110,0.1);
#1110 = AXIS2_PLACEMENT_3D('',#1111,#1112,#1113);
#1111 = CARTESIAN_POINT('',(-1.05,-1.15,0.25));
#1112 = DIRECTION('',(-1.144237745222E-17,-1.,-2.189528850508E-47));
#1113 = DIRECTION('',(2.22044604925E-15,-2.540718180781E-32,-1.));
#1114 = ORIENTED_EDGE('',*,*,#1115,.T.);
#1115 = EDGE_CURVE('',#1107,#1116,#1118,.T.);
#1116 = VERTEX_POINT('',#1117);
#1117 = CARTESIAN_POINT('',(-0.95,-1.15,0.475));
#1118 = LINE('',#1119,#1120);
#1119 = CARTESIAN_POINT('',(-0.95,-1.15,0.25));
#1120 = VECTOR('',#1121,1.);
#1121 = DIRECTION('',(0.,0.,1.));
#1122 = ORIENTED_EDGE('',*,*,#1123,.T.);
#1123 = EDGE_CURVE('',#1116,#528,#1124,.T.);
#1124 = CIRCLE('',#1125,0.25);
#1125 = AXIS2_PLACEMENT_3D('',#1126,#1127,#1128);
#1126 = CARTESIAN_POINT('',(-0.7,-1.15,0.475));
#1127 = DIRECTION('',(1.144237745222E-17,1.,-0.));
#1128 = DIRECTION('',(-1.,1.144237745222E-17,0.));
#1129 = PLANE('',#1130);
#1130 = AXIS2_PLACEMENT_3D('',#1131,#1132,#1133);
#1131 = CARTESIAN_POINT('',(-0.923137815574,-1.15,0.325594341393));
#1132 = DIRECTION('',(1.144237745222E-17,1.,0.));
#1133 = DIRECTION('',(0.,-0.,1.));
#1134 = ADVANCED_FACE('',(#1135),#1153,.F.);
#1135 = FACE_BOUND('',#1136,.F.);
#1136 = EDGE_LOOP('',(#1137,#1138,#1146,#1152));
#1137 = ORIENTED_EDGE('',*,*,#559,.T.);
#1138 = ORIENTED_EDGE('',*,*,#1139,.T.);
#1139 = EDGE_CURVE('',#551,#1140,#1142,.T.);
#1140 = VERTEX_POINT('',#1141);
#1141 = CARTESIAN_POINT('',(-0.8,-0.75,0.25));
#1142 = LINE('',#1143,#1144);
#1143 = CARTESIAN_POINT('',(-0.8,-0.75,0.475));
#1144 = VECTOR('',#1145,1.);
#1145 = DIRECTION('',(0.,0.,-1.));
#1146 = ORIENTED_EDGE('',*,*,#1147,.F.);
#1147 = EDGE_CURVE('',#1066,#1140,#1148,.T.);
#1148 = LINE('',#1149,#1150);
#1149 = CARTESIAN_POINT('',(-0.8,-1.15,0.25));
#1150 = VECTOR('',#1151,1.);
#1151 = DIRECTION('',(1.144237745222E-17,1.,0.));
#1152 = ORIENTED_EDGE('',*,*,#1065,.F.);
#1153 = PLANE('',#1154);
#1154 = AXIS2_PLACEMENT_3D('',#1155,#1156,#1157);
#1155 = CARTESIAN_POINT('',(-0.8,-1.15,0.475));
#1156 = DIRECTION('',(-1.,1.144237745222E-17,0.));
#1157 = DIRECTION('',(0.,0.,-1.));
#1158 = ADVANCED_FACE('',(#1159),#1221,.T.);
#1159 = FACE_BOUND('',#1160,.T.);
#1160 = EDGE_LOOP('',(#1161,#1162,#1163,#1164,#1173,#1181,#1189,#1197,
    #1206,#1214));
#1161 = ORIENTED_EDGE('',*,*,#582,.F.);
#1162 = ORIENTED_EDGE('',*,*,#550,.T.);
#1163 = ORIENTED_EDGE('',*,*,#1139,.T.);
#1164 = ORIENTED_EDGE('',*,*,#1165,.T.);
#1165 = EDGE_CURVE('',#1140,#1166,#1168,.T.);
#1166 = VERTEX_POINT('',#1167);
#1167 = CARTESIAN_POINT('',(-1.05,-0.75,0.));
#1168 = CIRCLE('',#1169,0.25);
#1169 = AXIS2_PLACEMENT_3D('',#1170,#1171,#1172);
#1170 = CARTESIAN_POINT('',(-1.05,-0.75,0.25));
#1171 = DIRECTION('',(1.144237745222E-17,1.,2.052683297351E-48));
#1172 = DIRECTION('',(1.,-1.144237745222E-17,-4.440892098501E-16));
#1173 = ORIENTED_EDGE('',*,*,#1174,.T.);
#1174 = EDGE_CURVE('',#1166,#1175,#1177,.T.);
#1175 = VERTEX_POINT('',#1176);
#1176 = CARTESIAN_POINT('',(-1.25,-0.75,0.));
#1177 = LINE('',#1178,#1179);
#1178 = CARTESIAN_POINT('',(-1.05,-0.75,0.));
#1179 = VECTOR('',#1180,1.);
#1180 = DIRECTION('',(-1.,1.144237745222E-17,0.));
#1181 = ORIENTED_EDGE('',*,*,#1182,.T.);
#1182 = EDGE_CURVE('',#1175,#1183,#1185,.T.);
#1183 = VERTEX_POINT('',#1184);
#1184 = CARTESIAN_POINT('',(-1.25,-0.75,0.15));
#1185 = LINE('',#1186,#1187);
#1186 = CARTESIAN_POINT('',(-1.25,-0.75,0.));
#1187 = VECTOR('',#1188,1.);
#1188 = DIRECTION('',(0.,0.,1.));
#1189 = ORIENTED_EDGE('',*,*,#1190,.T.);
#1190 = EDGE_CURVE('',#1183,#1191,#1193,.T.);
#1191 = VERTEX_POINT('',#1192);
#1192 = CARTESIAN_POINT('',(-1.05,-0.75,0.15));
#1193 = LINE('',#1194,#1195);
#1194 = CARTESIAN_POINT('',(-1.25,-0.75,0.15));
#1195 = VECTOR('',#1196,1.);
#1196 = DIRECTION('',(1.,-1.144237745222E-17,0.));
#1197 = ORIENTED_EDGE('',*,*,#1198,.T.);
#1198 = EDGE_CURVE('',#1191,#1199,#1201,.T.);
#1199 = VERTEX_POINT('',#1200);
#1200 = CARTESIAN_POINT('',(-0.95,-0.75,0.25));
#1201 = CIRCLE('',#1202,0.1);
#1202 = AXIS2_PLACEMENT_3D('',#1203,#1204,#1205);
#1203 = CARTESIAN_POINT('',(-1.05,-0.75,0.25));
#1204 = DIRECTION('',(-1.144237745222E-17,-1.,-2.189528850508E-47));
#1205 = DIRECTION('',(2.22044604925E-15,-2.540718180781E-32,-1.));
#1206 = ORIENTED_EDGE('',*,*,#1207,.T.);
#1207 = EDGE_CURVE('',#1199,#1208,#1210,.T.);
#1208 = VERTEX_POINT('',#1209);
#1209 = CARTESIAN_POINT('',(-0.95,-0.75,0.475));
#1210 = LINE('',#1211,#1212);
#1211 = CARTESIAN_POINT('',(-0.95,-0.75,0.25));
#1212 = VECTOR('',#1213,1.);
#1213 = DIRECTION('',(0.,0.,1.));
#1214 = ORIENTED_EDGE('',*,*,#1215,.T.);
#1215 = EDGE_CURVE('',#1208,#583,#1216,.T.);
#1216 = CIRCLE('',#1217,0.25);
#1217 = AXIS2_PLACEMENT_3D('',#1218,#1219,#1220);
#1218 = CARTESIAN_POINT('',(-0.7,-0.75,0.475));
#1219 = DIRECTION('',(1.144237745222E-17,1.,-0.));
#1220 = DIRECTION('',(-1.,1.144237745222E-17,0.));
#1221 = PLANE('',#1222);
#1222 = AXIS2_PLACEMENT_3D('',#1223,#1224,#1225);
#1223 = CARTESIAN_POINT('',(-0.923137815574,-0.75,0.325594341393));
#1224 = DIRECTION('',(1.144237745222E-17,1.,0.));
#1225 = DIRECTION('',(0.,-0.,1.));
#1226 = ADVANCED_FACE('',(#1227),#1238,.F.);
#1227 = FACE_BOUND('',#1228,.F.);
#1228 = EDGE_LOOP('',(#1229,#1230,#1231,#1232));
#1229 = ORIENTED_EDGE('',*,*,#599,.T.);
#1230 = ORIENTED_EDGE('',*,*,#806,.T.);
#1231 = ORIENTED_EDGE('',*,*,#853,.F.);
#1232 = ORIENTED_EDGE('',*,*,#1233,.F.);
#1233 = EDGE_CURVE('',#583,#846,#1234,.T.);
#1234 = LINE('',#1235,#1236);
#1235 = CARTESIAN_POINT('',(-0.7,-0.75,0.725));
#1236 = VECTOR('',#1237,1.);
#1237 = DIRECTION('',(1.,-1.144237745222E-17,0.));
#1238 = PLANE('',#1239);
#1239 = AXIS2_PLACEMENT_3D('',#1240,#1241,#1242);
#1240 = CARTESIAN_POINT('',(-1.486299604971E-16,1.4875,0.725));
#1241 = DIRECTION('',(1.022886882533E-31,-6.310887241768E-27,-1.));
#1242 = DIRECTION('',(1.,1.217738924546E-16,1.022886882525E-31));
#1243 = ADVANCED_FACE('',(#1244),#1313,.F.);
#1244 = FACE_BOUND('',#1245,.F.);
#1245 = EDGE_LOOP('',(#1246,#1247,#1248,#1256,#1265,#1273,#1281,#1289,
    #1298,#1306));
#1246 = ORIENTED_EDGE('',*,*,#591,.F.);
#1247 = ORIENTED_EDGE('',*,*,#631,.T.);
#1248 = ORIENTED_EDGE('',*,*,#1249,.T.);
#1249 = EDGE_CURVE('',#624,#1250,#1252,.T.);
#1250 = VERTEX_POINT('',#1251);
#1251 = CARTESIAN_POINT('',(-0.8,0.75,0.25));
#1252 = LINE('',#1253,#1254);
#1253 = CARTESIAN_POINT('',(-0.8,0.75,0.475));
#1254 = VECTOR('',#1255,1.);
#1255 = DIRECTION('',(0.,0.,-1.));
#1256 = ORIENTED_EDGE('',*,*,#1257,.T.);
#1257 = EDGE_CURVE('',#1250,#1258,#1260,.T.);
#1258 = VERTEX_POINT('',#1259);
#1259 = CARTESIAN_POINT('',(-1.05,0.75,0.));
#1260 = CIRCLE('',#1261,0.25);
#1261 = AXIS2_PLACEMENT_3D('',#1262,#1263,#1264);
#1262 = CARTESIAN_POINT('',(-1.05,0.75,0.25));
#1263 = DIRECTION('',(1.144237745222E-17,1.,2.052683297351E-48));
#1264 = DIRECTION('',(1.,-1.144237745222E-17,-4.440892098501E-16));
#1265 = ORIENTED_EDGE('',*,*,#1266,.T.);
#1266 = EDGE_CURVE('',#1258,#1267,#1269,.T.);
#1267 = VERTEX_POINT('',#1268);
#1268 = CARTESIAN_POINT('',(-1.25,0.75,0.));
#1269 = LINE('',#1270,#1271);
#1270 = CARTESIAN_POINT('',(-1.05,0.75,0.));
#1271 = VECTOR('',#1272,1.);
#1272 = DIRECTION('',(-1.,1.144237745222E-17,0.));
#1273 = ORIENTED_EDGE('',*,*,#1274,.T.);
#1274 = EDGE_CURVE('',#1267,#1275,#1277,.T.);
#1275 = VERTEX_POINT('',#1276);
#1276 = CARTESIAN_POINT('',(-1.25,0.75,0.15));
#1277 = LINE('',#1278,#1279);
#1278 = CARTESIAN_POINT('',(-1.25,0.75,0.));
#1279 = VECTOR('',#1280,1.);
#1280 = DIRECTION('',(0.,0.,1.));
#1281 = ORIENTED_EDGE('',*,*,#1282,.T.);
#1282 = EDGE_CURVE('',#1275,#1283,#1285,.T.);
#1283 = VERTEX_POINT('',#1284);
#1284 = CARTESIAN_POINT('',(-1.05,0.75,0.15));
#1285 = LINE('',#1286,#1287);
#1286 = CARTESIAN_POINT('',(-1.25,0.75,0.15));
#1287 = VECTOR('',#1288,1.);
#1288 = DIRECTION('',(1.,-1.144237745222E-17,0.));
#1289 = ORIENTED_EDGE('',*,*,#1290,.T.);
#1290 = EDGE_CURVE('',#1283,#1291,#1293,.T.);
#1291 = VERTEX_POINT('',#1292);
#1292 = CARTESIAN_POINT('',(-0.95,0.75,0.25));
#1293 = CIRCLE('',#1294,0.1);
#1294 = AXIS2_PLACEMENT_3D('',#1295,#1296,#1297);
#1295 = CARTESIAN_POINT('',(-1.05,0.75,0.25));
#1296 = DIRECTION('',(-1.144237745222E-17,-1.,-2.189528850508E-47));
#1297 = DIRECTION('',(2.22044604925E-15,-2.540718180781E-32,-1.));
#1298 = ORIENTED_EDGE('',*,*,#1299,.T.);
#1299 = EDGE_CURVE('',#1291,#1300,#1302,.T.);
#1300 = VERTEX_POINT('',#1301);
#1301 = CARTESIAN_POINT('',(-0.95,0.75,0.475));
#1302 = LINE('',#1303,#1304);
#1303 = CARTESIAN_POINT('',(-0.95,0.75,0.25));
#1304 = VECTOR('',#1305,1.);
#1305 = DIRECTION('',(0.,0.,1.));
#1306 = ORIENTED_EDGE('',*,*,#1307,.T.);
#1307 = EDGE_CURVE('',#1300,#592,#1308,.T.);
#1308 = CIRCLE('',#1309,0.25);
#1309 = AXIS2_PLACEMENT_3D('',#1310,#1311,#1312);
#1310 = CARTESIAN_POINT('',(-0.7,0.75,0.475));
#1311 = DIRECTION('',(1.144237745222E-17,1.,-0.));
#1312 = DIRECTION('',(-1.,1.144237745222E-17,0.));
#1313 = PLANE('',#1314);
#1314 = AXIS2_PLACEMENT_3D('',#1315,#1316,#1317);
#1315 = CARTESIAN_POINT('',(-0.923137815574,0.75,0.325594341393));
#1316 = DIRECTION('',(1.144237745222E-17,1.,0.));
#1317 = DIRECTION('',(0.,-0.,1.));
#1318 = ADVANCED_FACE('',(#1319),#1337,.F.);
#1319 = FACE_BOUND('',#1320,.F.);
#1320 = EDGE_LOOP('',(#1321,#1322,#1330,#1336));
#1321 = ORIENTED_EDGE('',*,*,#623,.T.);
#1322 = ORIENTED_EDGE('',*,*,#1323,.T.);
#1323 = EDGE_CURVE('',#615,#1324,#1326,.T.);
#1324 = VERTEX_POINT('',#1325);
#1325 = CARTESIAN_POINT('',(-0.8,1.15,0.25));
#1326 = LINE('',#1327,#1328);
#1327 = CARTESIAN_POINT('',(-0.8,1.15,0.475));
#1328 = VECTOR('',#1329,1.);
#1329 = DIRECTION('',(0.,0.,-1.));
#1330 = ORIENTED_EDGE('',*,*,#1331,.F.);
#1331 = EDGE_CURVE('',#1250,#1324,#1332,.T.);
#1332 = LINE('',#1333,#1334);
#1333 = CARTESIAN_POINT('',(-0.8,0.75,0.25));
#1334 = VECTOR('',#1335,1.);
#1335 = DIRECTION('',(1.144237745222E-17,1.,0.));
#1336 = ORIENTED_EDGE('',*,*,#1249,.F.);
#1337 = PLANE('',#1338);
#1338 = AXIS2_PLACEMENT_3D('',#1339,#1340,#1341);
#1339 = CARTESIAN_POINT('',(-0.8,0.75,0.475));
#1340 = DIRECTION('',(-1.,1.144237745222E-17,0.));
#1341 = DIRECTION('',(0.,0.,-1.));
#1342 = ADVANCED_FACE('',(#1343),#1405,.T.);
#1343 = FACE_BOUND('',#1344,.T.);
#1344 = EDGE_LOOP('',(#1345,#1346,#1347,#1348,#1357,#1365,#1373,#1381,
    #1390,#1398));
#1345 = ORIENTED_EDGE('',*,*,#646,.F.);
#1346 = ORIENTED_EDGE('',*,*,#614,.T.);
#1347 = ORIENTED_EDGE('',*,*,#1323,.T.);
#1348 = ORIENTED_EDGE('',*,*,#1349,.T.);
#1349 = EDGE_CURVE('',#1324,#1350,#1352,.T.);
#1350 = VERTEX_POINT('',#1351);
#1351 = CARTESIAN_POINT('',(-1.05,1.15,0.));
#1352 = CIRCLE('',#1353,0.25);
#1353 = AXIS2_PLACEMENT_3D('',#1354,#1355,#1356);
#1354 = CARTESIAN_POINT('',(-1.05,1.15,0.25));
#1355 = DIRECTION('',(1.144237745222E-17,1.,2.052683297351E-48));
#1356 = DIRECTION('',(1.,-1.144237745222E-17,-4.440892098501E-16));
#1357 = ORIENTED_EDGE('',*,*,#1358,.T.);
#1358 = EDGE_CURVE('',#1350,#1359,#1361,.T.);
#1359 = VERTEX_POINT('',#1360);
#1360 = CARTESIAN_POINT('',(-1.25,1.15,0.));
#1361 = LINE('',#1362,#1363);
#1362 = CARTESIAN_POINT('',(-1.05,1.15,0.));
#1363 = VECTOR('',#1364,1.);
#1364 = DIRECTION('',(-1.,1.144237745222E-17,0.));
#1365 = ORIENTED_EDGE('',*,*,#1366,.T.);
#1366 = EDGE_CURVE('',#1359,#1367,#1369,.T.);
#1367 = VERTEX_POINT('',#1368);
#1368 = CARTESIAN_POINT('',(-1.25,1.15,0.15));
#1369 = LINE('',#1370,#1371);
#1370 = CARTESIAN_POINT('',(-1.25,1.15,0.));
#1371 = VECTOR('',#1372,1.);
#1372 = DIRECTION('',(0.,0.,1.));
#1373 = ORIENTED_EDGE('',*,*,#1374,.T.);
#1374 = EDGE_CURVE('',#1367,#1375,#1377,.T.);
#1375 = VERTEX_POINT('',#1376);
#1376 = CARTESIAN_POINT('',(-1.05,1.15,0.15));
#1377 = LINE('',#1378,#1379);
#1378 = CARTESIAN_POINT('',(-1.25,1.15,0.15));
#1379 = VECTOR('',#1380,1.);
#1380 = DIRECTION('',(1.,-1.144237745222E-17,0.));
#1381 = ORIENTED_EDGE('',*,*,#1382,.T.);
#1382 = EDGE_CURVE('',#1375,#1383,#1385,.T.);
#1383 = VERTEX_POINT('',#1384);
#1384 = CARTESIAN_POINT('',(-0.95,1.15,0.25));
#1385 = CIRCLE('',#1386,0.1);
#1386 = AXIS2_PLACEMENT_3D('',#1387,#1388,#1389);
#1387 = CARTESIAN_POINT('',(-1.05,1.15,0.25));
#1388 = DIRECTION('',(-1.144237745222E-17,-1.,-2.189528850508E-47));
#1389 = DIRECTION('',(2.22044604925E-15,-2.540718180781E-32,-1.));
#1390 = ORIENTED_EDGE('',*,*,#1391,.T.);
#1391 = EDGE_CURVE('',#1383,#1392,#1394,.T.);
#1392 = VERTEX_POINT('',#1393);
#1393 = CARTESIAN_POINT('',(-0.95,1.15,0.475));
#1394 = LINE('',#1395,#1396);
#1395 = CARTESIAN_POINT('',(-0.95,1.15,0.25));
#1396 = VECTOR('',#1397,1.);
#1397 = DIRECTION('',(0.,0.,1.));
#1398 = ORIENTED_EDGE('',*,*,#1399,.T.);
#1399 = EDGE_CURVE('',#1392,#482,#1400,.T.);
#1400 = CIRCLE('',#1401,0.25);
#1401 = AXIS2_PLACEMENT_3D('',#1402,#1403,#1404);
#1402 = CARTESIAN_POINT('',(-0.7,1.15,0.475));
#1403 = DIRECTION('',(1.144237745222E-17,1.,-0.));
#1404 = DIRECTION('',(-1.,1.144237745222E-17,0.));
#1405 = PLANE('',#1406);
#1406 = AXIS2_PLACEMENT_3D('',#1407,#1408,#1409);
#1407 = CARTESIAN_POINT('',(-0.923137815574,1.15,0.325594341393));
#1408 = DIRECTION('',(1.144237745222E-17,1.,0.));
#1409 = DIRECTION('',(0.,-0.,1.));
#1410 = ADVANCED_FACE('',(#1411),#1480,.F.);
#1411 = FACE_BOUND('',#1412,.F.);
#1412 = EDGE_LOOP('',(#1413,#1414,#1415,#1423,#1432,#1440,#1448,#1456,
    #1465,#1473));
#1413 = ORIENTED_EDGE('',*,*,#665,.F.);
#1414 = ORIENTED_EDGE('',*,*,#698,.T.);
#1415 = ORIENTED_EDGE('',*,*,#1416,.T.);
#1416 = EDGE_CURVE('',#691,#1417,#1419,.T.);
#1417 = VERTEX_POINT('',#1418);
#1418 = CARTESIAN_POINT('',(0.8,0.2,0.25));
#1419 = LINE('',#1420,#1421);
#1420 = CARTESIAN_POINT('',(0.8,0.2,0.475));
#1421 = VECTOR('',#1422,1.);
#1422 = DIRECTION('',(0.,0.,-1.));
#1423 = ORIENTED_EDGE('',*,*,#1424,.T.);
#1424 = EDGE_CURVE('',#1417,#1425,#1427,.T.);
#1425 = VERTEX_POINT('',#1426);
#1426 = CARTESIAN_POINT('',(1.05,0.2,0.));
#1427 = CIRCLE('',#1428,0.25);
#1428 = AXIS2_PLACEMENT_3D('',#1429,#1430,#1431);
#1429 = CARTESIAN_POINT('',(1.05,0.2,0.25));
#1430 = DIRECTION('',(1.110223024625E-16,-1.,0.));
#1431 = DIRECTION('',(-1.,-1.110223024625E-16,-4.440892098501E-16));
#1432 = ORIENTED_EDGE('',*,*,#1433,.T.);
#1433 = EDGE_CURVE('',#1425,#1434,#1436,.T.);
#1434 = VERTEX_POINT('',#1435);
#1435 = CARTESIAN_POINT('',(1.25,0.2,0.));
#1436 = LINE('',#1437,#1438);
#1437 = CARTESIAN_POINT('',(1.05,0.2,0.));
#1438 = VECTOR('',#1439,1.);
#1439 = DIRECTION('',(1.,1.110223024625E-16,0.));
#1440 = ORIENTED_EDGE('',*,*,#1441,.T.);
#1441 = EDGE_CURVE('',#1434,#1442,#1444,.T.);
#1442 = VERTEX_POINT('',#1443);
#1443 = CARTESIAN_POINT('',(1.25,0.2,0.15));
#1444 = LINE('',#1445,#1446);
#1445 = CARTESIAN_POINT('',(1.25,0.2,0.));
#1446 = VECTOR('',#1447,1.);
#1447 = DIRECTION('',(0.,0.,1.));
#1448 = ORIENTED_EDGE('',*,*,#1449,.T.);
#1449 = EDGE_CURVE('',#1442,#1450,#1452,.T.);
#1450 = VERTEX_POINT('',#1451);
#1451 = CARTESIAN_POINT('',(1.05,0.2,0.15));
#1452 = LINE('',#1453,#1454);
#1453 = CARTESIAN_POINT('',(1.25,0.2,0.15));
#1454 = VECTOR('',#1455,1.);
#1455 = DIRECTION('',(-1.,-1.110223024625E-16,0.));
#1456 = ORIENTED_EDGE('',*,*,#1457,.T.);
#1457 = EDGE_CURVE('',#1450,#1458,#1460,.T.);
#1458 = VERTEX_POINT('',#1459);
#1459 = CARTESIAN_POINT('',(0.95,0.2,0.25));
#1460 = CIRCLE('',#1461,0.1);
#1461 = AXIS2_PLACEMENT_3D('',#1462,#1463,#1464);
#1462 = CARTESIAN_POINT('',(1.05,0.2,0.25));
#1463 = DIRECTION('',(-1.110223024625E-16,1.,0.));
#1464 = DIRECTION('',(-2.22044604925E-15,-2.465190328815E-31,-1.));
#1465 = ORIENTED_EDGE('',*,*,#1466,.T.);
#1466 = EDGE_CURVE('',#1458,#1467,#1469,.T.);
#1467 = VERTEX_POINT('',#1468);
#1468 = CARTESIAN_POINT('',(0.95,0.2,0.475));
#1469 = LINE('',#1470,#1471);
#1470 = CARTESIAN_POINT('',(0.95,0.2,0.25));
#1471 = VECTOR('',#1472,1.);
#1472 = DIRECTION('',(0.,0.,1.));
#1473 = ORIENTED_EDGE('',*,*,#1474,.T.);
#1474 = EDGE_CURVE('',#1467,#426,#1475,.T.);
#1475 = CIRCLE('',#1476,0.25);
#1476 = AXIS2_PLACEMENT_3D('',#1477,#1478,#1479);
#1477 = CARTESIAN_POINT('',(0.7,0.2,0.475));
#1478 = DIRECTION('',(1.110223024625E-16,-1.,0.));
#1479 = DIRECTION('',(1.,1.110223024625E-16,0.));
#1480 = PLANE('',#1481);
#1481 = AXIS2_PLACEMENT_3D('',#1482,#1483,#1484);
#1482 = CARTESIAN_POINT('',(0.923137815574,0.2,0.325594341393));
#1483 = DIRECTION('',(1.110223024625E-16,-1.,0.));
#1484 = DIRECTION('',(0.,0.,1.));
#1485 = ADVANCED_FACE('',(#1486),#1504,.F.);
#1486 = FACE_BOUND('',#1487,.F.);
#1487 = EDGE_LOOP('',(#1488,#1489,#1497,#1503));
#1488 = ORIENTED_EDGE('',*,*,#690,.T.);
#1489 = ORIENTED_EDGE('',*,*,#1490,.T.);
#1490 = EDGE_CURVE('',#682,#1491,#1493,.T.);
#1491 = VERTEX_POINT('',#1492);
#1492 = CARTESIAN_POINT('',(0.8,-0.2,0.25));
#1493 = LINE('',#1494,#1495);
#1494 = CARTESIAN_POINT('',(0.8,-0.2,0.475));
#1495 = VECTOR('',#1496,1.);
#1496 = DIRECTION('',(0.,0.,-1.));
#1497 = ORIENTED_EDGE('',*,*,#1498,.F.);
#1498 = EDGE_CURVE('',#1417,#1491,#1499,.T.);
#1499 = LINE('',#1500,#1501);
#1500 = CARTESIAN_POINT('',(0.8,0.2,0.25));
#1501 = VECTOR('',#1502,1.);
#1502 = DIRECTION('',(1.110223024625E-16,-1.,0.));
#1503 = ORIENTED_EDGE('',*,*,#1416,.F.);
#1504 = PLANE('',#1505);
#1505 = AXIS2_PLACEMENT_3D('',#1506,#1507,#1508);
#1506 = CARTESIAN_POINT('',(0.8,0.2,0.475));
#1507 = DIRECTION('',(1.,1.110223024625E-16,0.));
#1508 = DIRECTION('',(0.,0.,-1.));
#1509 = ADVANCED_FACE('',(#1510),#1572,.T.);
#1510 = FACE_BOUND('',#1511,.T.);
#1511 = EDGE_LOOP('',(#1512,#1513,#1514,#1515,#1524,#1532,#1540,#1548,
    #1557,#1565));
#1512 = ORIENTED_EDGE('',*,*,#713,.F.);
#1513 = ORIENTED_EDGE('',*,*,#681,.T.);
#1514 = ORIENTED_EDGE('',*,*,#1490,.T.);
#1515 = ORIENTED_EDGE('',*,*,#1516,.T.);
#1516 = EDGE_CURVE('',#1491,#1517,#1519,.T.);
#1517 = VERTEX_POINT('',#1518);
#1518 = CARTESIAN_POINT('',(1.05,-0.2,0.));
#1519 = CIRCLE('',#1520,0.25);
#1520 = AXIS2_PLACEMENT_3D('',#1521,#1522,#1523);
#1521 = CARTESIAN_POINT('',(1.05,-0.2,0.25));
#1522 = DIRECTION('',(1.110223024625E-16,-1.,0.));
#1523 = DIRECTION('',(-1.,-1.110223024625E-16,-4.440892098501E-16));
#1524 = ORIENTED_EDGE('',*,*,#1525,.T.);
#1525 = EDGE_CURVE('',#1517,#1526,#1528,.T.);
#1526 = VERTEX_POINT('',#1527);
#1527 = CARTESIAN_POINT('',(1.25,-0.2,0.));
#1528 = LINE('',#1529,#1530);
#1529 = CARTESIAN_POINT('',(1.05,-0.2,0.));
#1530 = VECTOR('',#1531,1.);
#1531 = DIRECTION('',(1.,1.110223024625E-16,0.));
#1532 = ORIENTED_EDGE('',*,*,#1533,.T.);
#1533 = EDGE_CURVE('',#1526,#1534,#1536,.T.);
#1534 = VERTEX_POINT('',#1535);
#1535 = CARTESIAN_POINT('',(1.25,-0.2,0.15));
#1536 = LINE('',#1537,#1538);
#1537 = CARTESIAN_POINT('',(1.25,-0.2,0.));
#1538 = VECTOR('',#1539,1.);
#1539 = DIRECTION('',(0.,0.,1.));
#1540 = ORIENTED_EDGE('',*,*,#1541,.T.);
#1541 = EDGE_CURVE('',#1534,#1542,#1544,.T.);
#1542 = VERTEX_POINT('',#1543);
#1543 = CARTESIAN_POINT('',(1.05,-0.2,0.15));
#1544 = LINE('',#1545,#1546);
#1545 = CARTESIAN_POINT('',(1.25,-0.2,0.15));
#1546 = VECTOR('',#1547,1.);
#1547 = DIRECTION('',(-1.,-1.110223024625E-16,0.));
#1548 = ORIENTED_EDGE('',*,*,#1549,.T.);
#1549 = EDGE_CURVE('',#1542,#1550,#1552,.T.);
#1550 = VERTEX_POINT('',#1551);
#1551 = CARTESIAN_POINT('',(0.95,-0.2,0.25));
#1552 = CIRCLE('',#1553,0.1);
#1553 = AXIS2_PLACEMENT_3D('',#1554,#1555,#1556);
#1554 = CARTESIAN_POINT('',(1.05,-0.2,0.25));
#1555 = DIRECTION('',(-1.110223024625E-16,1.,0.));
#1556 = DIRECTION('',(-2.22044604925E-15,-2.465190328815E-31,-1.));
#1557 = ORIENTED_EDGE('',*,*,#1558,.T.);
#1558 = EDGE_CURVE('',#1550,#1559,#1561,.T.);
#1559 = VERTEX_POINT('',#1560);
#1560 = CARTESIAN_POINT('',(0.95,-0.2,0.475));
#1561 = LINE('',#1562,#1563);
#1562 = CARTESIAN_POINT('',(0.95,-0.2,0.25));
#1563 = VECTOR('',#1564,1.);
#1564 = DIRECTION('',(0.,0.,1.));
#1565 = ORIENTED_EDGE('',*,*,#1566,.T.);
#1566 = EDGE_CURVE('',#1559,#714,#1567,.T.);
#1567 = CIRCLE('',#1568,0.25);
#1568 = AXIS2_PLACEMENT_3D('',#1569,#1570,#1571);
#1569 = CARTESIAN_POINT('',(0.7,-0.2,0.475));
#1570 = DIRECTION('',(1.110223024625E-16,-1.,0.));
#1571 = DIRECTION('',(1.,1.110223024625E-16,0.));
#1572 = PLANE('',#1573);
#1573 = AXIS2_PLACEMENT_3D('',#1574,#1575,#1576);
#1574 = CARTESIAN_POINT('',(0.923137815574,-0.2,0.325594341393));
#1575 = DIRECTION('',(1.110223024625E-16,-1.,0.));
#1576 = DIRECTION('',(0.,0.,1.));
#1577 = ADVANCED_FACE('',(#1578),#1589,.T.);
#1578 = FACE_BOUND('',#1579,.T.);
#1579 = EDGE_LOOP('',(#1580,#1581,#1582,#1583));
#1580 = ORIENTED_EDGE('',*,*,#1307,.T.);
#1581 = ORIENTED_EDGE('',*,*,#814,.T.);
#1582 = ORIENTED_EDGE('',*,*,#1399,.F.);
#1583 = ORIENTED_EDGE('',*,*,#1584,.F.);
#1584 = EDGE_CURVE('',#1300,#1392,#1585,.T.);
#1585 = LINE('',#1586,#1587);
#1586 = CARTESIAN_POINT('',(-0.95,0.75,0.475));
#1587 = VECTOR('',#1588,1.);
#1588 = DIRECTION('',(1.144237745222E-17,1.,0.));
#1589 = CYLINDRICAL_SURFACE('',#1590,0.25);
#1590 = AXIS2_PLACEMENT_3D('',#1591,#1592,#1593);
#1591 = CARTESIAN_POINT('',(-0.7,0.75,0.475));
#1592 = DIRECTION('',(-1.144237745222E-17,-1.,0.));
#1593 = DIRECTION('',(-1.,1.144237745222E-17,0.));
#1594 = ADVANCED_FACE('',(#1595),#1606,.F.);
#1595 = FACE_BOUND('',#1596,.F.);
#1596 = EDGE_LOOP('',(#1597,#1598,#1604,#1605));
#1597 = ORIENTED_EDGE('',*,*,#1025,.F.);
#1598 = ORIENTED_EDGE('',*,*,#1599,.T.);
#1599 = EDGE_CURVE('',#528,#583,#1600,.T.);
#1600 = LINE('',#1601,#1602);
#1601 = CARTESIAN_POINT('',(-0.7,-1.15,0.725));
#1602 = VECTOR('',#1603,1.);
#1603 = DIRECTION('',(1.144237745222E-17,1.,0.));
#1604 = ORIENTED_EDGE('',*,*,#1233,.T.);
#1605 = ORIENTED_EDGE('',*,*,#845,.F.);
#1606 = PLANE('',#1607);
#1607 = AXIS2_PLACEMENT_3D('',#1608,#1609,#1610);
#1608 = CARTESIAN_POINT('',(-0.7,-1.15,0.725));
#1609 = DIRECTION('',(0.,0.,-1.));
#1610 = DIRECTION('',(1.,-1.144237745222E-17,0.));
#1611 = ADVANCED_FACE('',(#1612,#1641),#1652,.T.);
#1612 = FACE_BOUND('',#1613,.T.);
#1613 = EDGE_LOOP('',(#1614,#1615,#1616,#1617,#1625,#1633,#1639,#1640));
#1614 = ORIENTED_EDGE('',*,*,#920,.F.);
#1615 = ORIENTED_EDGE('',*,*,#897,.F.);
#1616 = ORIENTED_EDGE('',*,*,#868,.F.);
#1617 = ORIENTED_EDGE('',*,*,#1618,.F.);
#1618 = EDGE_CURVE('',#1619,#869,#1621,.T.);
#1619 = VERTEX_POINT('',#1620);
#1620 = CARTESIAN_POINT('',(-0.559121551758,-1.408243103516,1.2));
#1621 = LINE('',#1622,#1623);
#1622 = CARTESIAN_POINT('',(-0.559121551758,-1.408243103516,1.2));
#1623 = VECTOR('',#1624,1.);
#1624 = DIRECTION('',(-0.707106781187,0.707106781187,0.));
#1625 = ORIENTED_EDGE('',*,*,#1626,.F.);
#1626 = EDGE_CURVE('',#1627,#1619,#1629,.T.);
#1627 = VERTEX_POINT('',#1628);
#1628 = CARTESIAN_POINT('',(0.559121551758,-1.408243103516,1.2));
#1629 = LINE('',#1630,#1631);
#1630 = CARTESIAN_POINT('',(0.559121551758,-1.408243103516,1.2));
#1631 = VECTOR('',#1632,1.);
#1632 = DIRECTION('',(-1.,-1.110223024625E-16,0.));
#1633 = ORIENTED_EDGE('',*,*,#1634,.F.);
#1634 = EDGE_CURVE('',#976,#1627,#1635,.T.);
#1635 = LINE('',#1636,#1637);
#1636 = CARTESIAN_POINT('',(0.608243103516,-1.359121551758,1.2));
#1637 = VECTOR('',#1638,1.);
#1638 = DIRECTION('',(-0.707106781187,-0.707106781187,0.));
#1639 = ORIENTED_EDGE('',*,*,#982,.F.);
#1640 = ORIENTED_EDGE('',*,*,#943,.F.);
#1641 = FACE_BOUND('',#1642,.T.);
#1642 = EDGE_LOOP('',(#1643));
#1643 = ORIENTED_EDGE('',*,*,#1644,.T.);
#1644 = EDGE_CURVE('',#1645,#1645,#1647,.T.);
#1645 = VERTEX_POINT('',#1646);
#1646 = CARTESIAN_POINT('',(-0.428243103516,1.178243103516,1.2));
#1647 = CIRCLE('',#1648,5.E-02);
#1648 = AXIS2_PLACEMENT_3D('',#1649,#1650,#1651);
#1649 = CARTESIAN_POINT('',(-0.428243103516,1.228243103516,1.2));
#1650 = DIRECTION('',(0.,-0.,-1.));
#1651 = DIRECTION('',(1.110223024625E-16,-1.,0.));
#1652 = PLANE('',#1653);
#1653 = AXIS2_PLACEMENT_3D('',#1654,#1655,#1656);
#1654 = CARTESIAN_POINT('',(-0.559121551758,1.408243103516,1.2));
#1655 = DIRECTION('',(0.,0.,1.));
#1656 = DIRECTION('',(0.369013679242,-0.929423963825,0.));
#1657 = ADVANCED_FACE('',(#1658),#1668,.F.);
#1658 = FACE_BOUND('',#1659,.F.);
#1659 = EDGE_LOOP('',(#1660,#1661,#1662,#1663));
#1660 = ORIENTED_EDGE('',*,*,#1032,.T.);
#1661 = ORIENTED_EDGE('',*,*,#876,.T.);
#1662 = ORIENTED_EDGE('',*,*,#1618,.F.);
#1663 = ORIENTED_EDGE('',*,*,#1664,.F.);
#1664 = EDGE_CURVE('',#1033,#1619,#1665,.T.);
#1665 = B_SPLINE_CURVE_WITH_KNOTS('',1,(#1666,#1667),.UNSPECIFIED.,.F.,
  .F.,(2,2),(0.,1.),.PIECEWISE_BEZIER_KNOTS.);
#1666 = CARTESIAN_POINT('',(-0.5925,-1.475,0.725));
#1667 = CARTESIAN_POINT('',(-0.559121551758,-1.408243103516,1.2));
#1668 = B_SPLINE_SURFACE_WITH_KNOTS('',1,1,(
    (#1669,#1670)
    ,(#1671,#1672
    )),.UNSPECIFIED.,.F.,.F.,.F.,(2,2),(2,2),(0.,0.116672618896),(0.,1.)
  ,.PIECEWISE_BEZIER_KNOTS.);
#1669 = CARTESIAN_POINT('',(-0.5925,-1.475,0.725));
#1670 = CARTESIAN_POINT('',(-0.559121551758,-1.408243103516,1.2));
#1671 = CARTESIAN_POINT('',(-0.675,-1.3925,0.725));
#1672 = CARTESIAN_POINT('',(-0.608243103516,-1.359121551758,1.2));
#1673 = ADVANCED_FACE('',(#1674),#1684,.F.);
#1674 = FACE_BOUND('',#1675,.F.);
#1675 = EDGE_LOOP('',(#1676,#1677,#1682,#1683));
#1676 = ORIENTED_EDGE('',*,*,#1048,.T.);
#1677 = ORIENTED_EDGE('',*,*,#1678,.T.);
#1678 = EDGE_CURVE('',#1041,#1627,#1679,.T.);
#1679 = B_SPLINE_CURVE_WITH_KNOTS('',1,(#1680,#1681),.UNSPECIFIED.,.F.,
  .F.,(2,2),(0.,1.),.PIECEWISE_BEZIER_KNOTS.);
#1680 = CARTESIAN_POINT('',(0.5925,-1.475,0.725));
#1681 = CARTESIAN_POINT('',(0.559121551758,-1.408243103516,1.2));
#1682 = ORIENTED_EDGE('',*,*,#1634,.F.);
#1683 = ORIENTED_EDGE('',*,*,#975,.F.);
#1684 = B_SPLINE_SURFACE_WITH_KNOTS('',1,1,(
    (#1685,#1686)
    ,(#1687,#1688
    )),.UNSPECIFIED.,.F.,.F.,.F.,(2,2),(2,2),(0.,0.116672618896),(0.,1.)
  ,.PIECEWISE_BEZIER_KNOTS.);
#1685 = CARTESIAN_POINT('',(0.675,-1.3925,0.725));
#1686 = CARTESIAN_POINT('',(0.608243103516,-1.359121551758,1.2));
#1687 = CARTESIAN_POINT('',(0.5925,-1.475,0.725));
#1688 = CARTESIAN_POINT('',(0.559121551758,-1.408243103516,1.2));
#1689 = ADVANCED_FACE('',(#1690),#1701,.T.);
#1690 = FACE_BOUND('',#1691,.T.);
#1691 = EDGE_LOOP('',(#1692,#1693,#1694,#1695));
#1692 = ORIENTED_EDGE('',*,*,#1474,.T.);
#1693 = ORIENTED_EDGE('',*,*,#998,.T.);
#1694 = ORIENTED_EDGE('',*,*,#1566,.F.);
#1695 = ORIENTED_EDGE('',*,*,#1696,.F.);
#1696 = EDGE_CURVE('',#1467,#1559,#1697,.T.);
#1697 = LINE('',#1698,#1699);
#1698 = CARTESIAN_POINT('',(0.95,0.2,0.475));
#1699 = VECTOR('',#1700,1.);
#1700 = DIRECTION('',(1.110223024625E-16,-1.,0.));
#1701 = CYLINDRICAL_SURFACE('',#1702,0.25);
#1702 = AXIS2_PLACEMENT_3D('',#1703,#1704,#1705);
#1703 = CARTESIAN_POINT('',(0.7,0.2,0.475));
#1704 = DIRECTION('',(-1.110223024625E-16,1.,-0.));
#1705 = DIRECTION('',(1.,1.110223024625E-16,0.));
#1706 = ADVANCED_FACE('',(#1707),#1713,.F.);
#1707 = FACE_BOUND('',#1708,.F.);
#1708 = EDGE_LOOP('',(#1709,#1710,#1711,#1712));
#1709 = ORIENTED_EDGE('',*,*,#1040,.T.);
#1710 = ORIENTED_EDGE('',*,*,#1664,.T.);
#1711 = ORIENTED_EDGE('',*,*,#1626,.F.);
#1712 = ORIENTED_EDGE('',*,*,#1678,.F.);
#1713 = B_SPLINE_SURFACE_WITH_KNOTS('',1,1,(
    (#1714,#1715)
    ,(#1716,#1717
    )),.UNSPECIFIED.,.F.,.F.,.F.,(2,2),(2,2),(0.,1.185),(0.,1.),
  .PIECEWISE_BEZIER_KNOTS.);
#1714 = CARTESIAN_POINT('',(0.5925,-1.475,0.725));
#1715 = CARTESIAN_POINT('',(0.559121551758,-1.408243103516,1.2));
#1716 = CARTESIAN_POINT('',(-0.5925,-1.475,0.725));
#1717 = CARTESIAN_POINT('',(-0.559121551758,-1.408243103516,1.2));
#1718 = ADVANCED_FACE('',(#1719),#1730,.T.);
#1719 = FACE_BOUND('',#1720,.T.);
#1720 = EDGE_LOOP('',(#1721,#1722,#1723,#1724));
#1721 = ORIENTED_EDGE('',*,*,#1123,.T.);
#1722 = ORIENTED_EDGE('',*,*,#1599,.T.);
#1723 = ORIENTED_EDGE('',*,*,#1215,.F.);
#1724 = ORIENTED_EDGE('',*,*,#1725,.F.);
#1725 = EDGE_CURVE('',#1116,#1208,#1726,.T.);
#1726 = LINE('',#1727,#1728);
#1727 = CARTESIAN_POINT('',(-0.95,-1.15,0.475));
#1728 = VECTOR('',#1729,1.);
#1729 = DIRECTION('',(1.144237745222E-17,1.,0.));
#1730 = CYLINDRICAL_SURFACE('',#1731,0.25);
#1731 = AXIS2_PLACEMENT_3D('',#1732,#1733,#1734);
#1732 = CARTESIAN_POINT('',(-0.7,-1.15,0.475));
#1733 = DIRECTION('',(-1.144237745222E-17,-1.,0.));
#1734 = DIRECTION('',(-1.,1.144237745222E-17,0.));
#1735 = ADVANCED_FACE('',(#1736),#1747,.F.);
#1736 = FACE_BOUND('',#1737,.F.);
#1737 = EDGE_LOOP('',(#1738,#1744,#1745,#1746));
#1738 = ORIENTED_EDGE('',*,*,#1739,.T.);
#1739 = EDGE_CURVE('',#1107,#1199,#1740,.T.);
#1740 = LINE('',#1741,#1742);
#1741 = CARTESIAN_POINT('',(-0.95,-1.15,0.25));
#1742 = VECTOR('',#1743,1.);
#1743 = DIRECTION('',(1.144237745222E-17,1.,0.));
#1744 = ORIENTED_EDGE('',*,*,#1207,.T.);
#1745 = ORIENTED_EDGE('',*,*,#1725,.F.);
#1746 = ORIENTED_EDGE('',*,*,#1115,.F.);
#1747 = PLANE('',#1748);
#1748 = AXIS2_PLACEMENT_3D('',#1749,#1750,#1751);
#1749 = CARTESIAN_POINT('',(-0.95,-1.15,0.25));
#1750 = DIRECTION('',(1.,-1.144237745222E-17,0.));
#1751 = DIRECTION('',(0.,0.,1.));
#1752 = ADVANCED_FACE('',(#1753),#1764,.F.);
#1753 = FACE_BOUND('',#1754,.F.);
#1754 = EDGE_LOOP('',(#1755,#1761,#1762,#1763));
#1755 = ORIENTED_EDGE('',*,*,#1756,.T.);
#1756 = EDGE_CURVE('',#1099,#1191,#1757,.T.);
#1757 = LINE('',#1758,#1759);
#1758 = CARTESIAN_POINT('',(-1.05,-1.15,0.15));
#1759 = VECTOR('',#1760,1.);
#1760 = DIRECTION('',(1.144237745222E-17,1.,0.));
#1761 = ORIENTED_EDGE('',*,*,#1198,.T.);
#1762 = ORIENTED_EDGE('',*,*,#1739,.F.);
#1763 = ORIENTED_EDGE('',*,*,#1106,.F.);
#1764 = CYLINDRICAL_SURFACE('',#1765,0.1);
#1765 = AXIS2_PLACEMENT_3D('',#1766,#1767,#1768);
#1766 = CARTESIAN_POINT('',(-1.05,-1.15,0.25));
#1767 = DIRECTION('',(-1.144237745222E-17,-1.,0.));
#1768 = DIRECTION('',(2.22044604925E-15,-2.540718180781E-32,-1.));
#1769 = ADVANCED_FACE('',(#1770),#1781,.F.);
#1770 = FACE_BOUND('',#1771,.F.);
#1771 = EDGE_LOOP('',(#1772,#1778,#1779,#1780));
#1772 = ORIENTED_EDGE('',*,*,#1773,.T.);
#1773 = EDGE_CURVE('',#1091,#1183,#1774,.T.);
#1774 = LINE('',#1775,#1776);
#1775 = CARTESIAN_POINT('',(-1.25,-1.15,0.15));
#1776 = VECTOR('',#1777,1.);
#1777 = DIRECTION('',(1.144237745222E-17,1.,0.));
#1778 = ORIENTED_EDGE('',*,*,#1190,.T.);
#1779 = ORIENTED_EDGE('',*,*,#1756,.F.);
#1780 = ORIENTED_EDGE('',*,*,#1098,.F.);
#1781 = PLANE('',#1782);
#1782 = AXIS2_PLACEMENT_3D('',#1783,#1784,#1785);
#1783 = CARTESIAN_POINT('',(-1.25,-1.15,0.15));
#1784 = DIRECTION('',(0.,0.,-1.));
#1785 = DIRECTION('',(1.,-1.144237745222E-17,0.));
#1786 = ADVANCED_FACE('',(#1787),#1798,.F.);
#1787 = FACE_BOUND('',#1788,.F.);
#1788 = EDGE_LOOP('',(#1789,#1795,#1796,#1797));
#1789 = ORIENTED_EDGE('',*,*,#1790,.T.);
#1790 = EDGE_CURVE('',#1083,#1175,#1791,.T.);
#1791 = LINE('',#1792,#1793);
#1792 = CARTESIAN_POINT('',(-1.25,-1.15,0.));
#1793 = VECTOR('',#1794,1.);
#1794 = DIRECTION('',(1.144237745222E-17,1.,0.));
#1795 = ORIENTED_EDGE('',*,*,#1182,.T.);
#1796 = ORIENTED_EDGE('',*,*,#1773,.F.);
#1797 = ORIENTED_EDGE('',*,*,#1090,.F.);
#1798 = PLANE('',#1799);
#1799 = AXIS2_PLACEMENT_3D('',#1800,#1801,#1802);
#1800 = CARTESIAN_POINT('',(-1.25,-1.15,0.));
#1801 = DIRECTION('',(1.,-1.144237745222E-17,0.));
#1802 = DIRECTION('',(0.,0.,1.));
#1803 = ADVANCED_FACE('',(#1804),#1815,.F.);
#1804 = FACE_BOUND('',#1805,.F.);
#1805 = EDGE_LOOP('',(#1806,#1812,#1813,#1814));
#1806 = ORIENTED_EDGE('',*,*,#1807,.T.);
#1807 = EDGE_CURVE('',#1074,#1166,#1808,.T.);
#1808 = LINE('',#1809,#1810);
#1809 = CARTESIAN_POINT('',(-1.05,-1.15,0.));
#1810 = VECTOR('',#1811,1.);
#1811 = DIRECTION('',(1.144237745222E-17,1.,0.));
#1812 = ORIENTED_EDGE('',*,*,#1174,.T.);
#1813 = ORIENTED_EDGE('',*,*,#1790,.F.);
#1814 = ORIENTED_EDGE('',*,*,#1082,.F.);
#1815 = PLANE('',#1816);
#1816 = AXIS2_PLACEMENT_3D('',#1817,#1818,#1819);
#1817 = CARTESIAN_POINT('',(-1.05,-1.15,0.));
#1818 = DIRECTION('',(0.,0.,1.));
#1819 = DIRECTION('',(-1.,1.144237745222E-17,0.));
#1820 = ADVANCED_FACE('',(#1821),#1827,.T.);
#1821 = FACE_BOUND('',#1822,.T.);
#1822 = EDGE_LOOP('',(#1823,#1824,#1825,#1826));
#1823 = ORIENTED_EDGE('',*,*,#1073,.T.);
#1824 = ORIENTED_EDGE('',*,*,#1807,.T.);
#1825 = ORIENTED_EDGE('',*,*,#1165,.F.);
#1826 = ORIENTED_EDGE('',*,*,#1147,.F.);
#1827 = CYLINDRICAL_SURFACE('',#1828,0.25);
#1828 = AXIS2_PLACEMENT_3D('',#1829,#1830,#1831);
#1829 = CARTESIAN_POINT('',(-1.05,-1.15,0.25));
#1830 = DIRECTION('',(-1.144237745222E-17,-1.,0.));
#1831 = DIRECTION('',(1.,-1.144237745222E-17,-4.440892098501E-16));
#1832 = ADVANCED_FACE('',(#1833),#1844,.F.);
#1833 = FACE_BOUND('',#1834,.F.);
#1834 = EDGE_LOOP('',(#1835,#1841,#1842,#1843));
#1835 = ORIENTED_EDGE('',*,*,#1836,.T.);
#1836 = EDGE_CURVE('',#1291,#1383,#1837,.T.);
#1837 = LINE('',#1838,#1839);
#1838 = CARTESIAN_POINT('',(-0.95,0.75,0.25));
#1839 = VECTOR('',#1840,1.);
#1840 = DIRECTION('',(1.144237745222E-17,1.,0.));
#1841 = ORIENTED_EDGE('',*,*,#1391,.T.);
#1842 = ORIENTED_EDGE('',*,*,#1584,.F.);
#1843 = ORIENTED_EDGE('',*,*,#1299,.F.);
#1844 = PLANE('',#1845);
#1845 = AXIS2_PLACEMENT_3D('',#1846,#1847,#1848);
#1846 = CARTESIAN_POINT('',(-0.95,0.75,0.25));
#1847 = DIRECTION('',(1.,-1.144237745222E-17,0.));
#1848 = DIRECTION('',(0.,0.,1.));
#1849 = ADVANCED_FACE('',(#1850),#1861,.F.);
#1850 = FACE_BOUND('',#1851,.F.);
#1851 = EDGE_LOOP('',(#1852,#1858,#1859,#1860));
#1852 = ORIENTED_EDGE('',*,*,#1853,.T.);
#1853 = EDGE_CURVE('',#1283,#1375,#1854,.T.);
#1854 = LINE('',#1855,#1856);
#1855 = CARTESIAN_POINT('',(-1.05,0.75,0.15));
#1856 = VECTOR('',#1857,1.);
#1857 = DIRECTION('',(1.144237745222E-17,1.,0.));
#1858 = ORIENTED_EDGE('',*,*,#1382,.T.);
#1859 = ORIENTED_EDGE('',*,*,#1836,.F.);
#1860 = ORIENTED_EDGE('',*,*,#1290,.F.);
#1861 = CYLINDRICAL_SURFACE('',#1862,0.1);
#1862 = AXIS2_PLACEMENT_3D('',#1863,#1864,#1865);
#1863 = CARTESIAN_POINT('',(-1.05,0.75,0.25));
#1864 = DIRECTION('',(-1.144237745222E-17,-1.,0.));
#1865 = DIRECTION('',(2.22044604925E-15,-2.540718180781E-32,-1.));
#1866 = ADVANCED_FACE('',(#1867),#1878,.F.);
#1867 = FACE_BOUND('',#1868,.F.);
#1868 = EDGE_LOOP('',(#1869,#1875,#1876,#1877));
#1869 = ORIENTED_EDGE('',*,*,#1870,.T.);
#1870 = EDGE_CURVE('',#1275,#1367,#1871,.T.);
#1871 = LINE('',#1872,#1873);
#1872 = CARTESIAN_POINT('',(-1.25,0.75,0.15));
#1873 = VECTOR('',#1874,1.);
#1874 = DIRECTION('',(1.144237745222E-17,1.,0.));
#1875 = ORIENTED_EDGE('',*,*,#1374,.T.);
#1876 = ORIENTED_EDGE('',*,*,#1853,.F.);
#1877 = ORIENTED_EDGE('',*,*,#1282,.F.);
#1878 = PLANE('',#1879);
#1879 = AXIS2_PLACEMENT_3D('',#1880,#1881,#1882);
#1880 = CARTESIAN_POINT('',(-1.25,0.75,0.15));
#1881 = DIRECTION('',(0.,0.,-1.));
#1882 = DIRECTION('',(1.,-1.144237745222E-17,0.));
#1883 = ADVANCED_FACE('',(#1884),#1895,.F.);
#1884 = FACE_BOUND('',#1885,.F.);
#1885 = EDGE_LOOP('',(#1886,#1892,#1893,#1894));
#1886 = ORIENTED_EDGE('',*,*,#1887,.T.);
#1887 = EDGE_CURVE('',#1267,#1359,#1888,.T.);
#1888 = LINE('',#1889,#1890);
#1889 = CARTESIAN_POINT('',(-1.25,0.75,0.));
#1890 = VECTOR('',#1891,1.);
#1891 = DIRECTION('',(1.144237745222E-17,1.,0.));
#1892 = ORIENTED_EDGE('',*,*,#1366,.T.);
#1893 = ORIENTED_EDGE('',*,*,#1870,.F.);
#1894 = ORIENTED_EDGE('',*,*,#1274,.F.);
#1895 = PLANE('',#1896);
#1896 = AXIS2_PLACEMENT_3D('',#1897,#1898,#1899);
#1897 = CARTESIAN_POINT('',(-1.25,0.75,0.));
#1898 = DIRECTION('',(1.,-1.144237745222E-17,0.));
#1899 = DIRECTION('',(0.,0.,1.));
#1900 = ADVANCED_FACE('',(#1901),#1912,.F.);
#1901 = FACE_BOUND('',#1902,.F.);
#1902 = EDGE_LOOP('',(#1903,#1909,#1910,#1911));
#1903 = ORIENTED_EDGE('',*,*,#1904,.T.);
#1904 = EDGE_CURVE('',#1258,#1350,#1905,.T.);
#1905 = LINE('',#1906,#1907);
#1906 = CARTESIAN_POINT('',(-1.05,0.75,0.));
#1907 = VECTOR('',#1908,1.);
#1908 = DIRECTION('',(1.144237745222E-17,1.,0.));
#1909 = ORIENTED_EDGE('',*,*,#1358,.T.);
#1910 = ORIENTED_EDGE('',*,*,#1887,.F.);
#1911 = ORIENTED_EDGE('',*,*,#1266,.F.);
#1912 = PLANE('',#1913);
#1913 = AXIS2_PLACEMENT_3D('',#1914,#1915,#1916);
#1914 = CARTESIAN_POINT('',(-1.05,0.75,0.));
#1915 = DIRECTION('',(0.,0.,1.));
#1916 = DIRECTION('',(-1.,1.144237745222E-17,0.));
#1917 = ADVANCED_FACE('',(#1918),#1924,.T.);
#1918 = FACE_BOUND('',#1919,.T.);
#1919 = EDGE_LOOP('',(#1920,#1921,#1922,#1923));
#1920 = ORIENTED_EDGE('',*,*,#1257,.T.);
#1921 = ORIENTED_EDGE('',*,*,#1904,.T.);
#1922 = ORIENTED_EDGE('',*,*,#1349,.F.);
#1923 = ORIENTED_EDGE('',*,*,#1331,.F.);
#1924 = CYLINDRICAL_SURFACE('',#1925,0.25);
#1925 = AXIS2_PLACEMENT_3D('',#1926,#1927,#1928);
#1926 = CARTESIAN_POINT('',(-1.05,0.75,0.25));
#1927 = DIRECTION('',(-1.144237745222E-17,-1.,0.));
#1928 = DIRECTION('',(1.,-1.144237745222E-17,-4.440892098501E-16));
#1929 = ADVANCED_FACE('',(#1930),#1941,.F.);
#1930 = FACE_BOUND('',#1931,.F.);
#1931 = EDGE_LOOP('',(#1932,#1938,#1939,#1940));
#1932 = ORIENTED_EDGE('',*,*,#1933,.T.);
#1933 = EDGE_CURVE('',#1458,#1550,#1934,.T.);
#1934 = LINE('',#1935,#1936);
#1935 = CARTESIAN_POINT('',(0.95,0.2,0.25));
#1936 = VECTOR('',#1937,1.);
#1937 = DIRECTION('',(1.110223024625E-16,-1.,0.));
#1938 = ORIENTED_EDGE('',*,*,#1558,.T.);
#1939 = ORIENTED_EDGE('',*,*,#1696,.F.);
#1940 = ORIENTED_EDGE('',*,*,#1466,.F.);
#1941 = PLANE('',#1942);
#1942 = AXIS2_PLACEMENT_3D('',#1943,#1944,#1945);
#1943 = CARTESIAN_POINT('',(0.95,0.2,0.25));
#1944 = DIRECTION('',(-1.,-1.110223024625E-16,0.));
#1945 = DIRECTION('',(0.,0.,1.));
#1946 = ADVANCED_FACE('',(#1947),#1958,.F.);
#1947 = FACE_BOUND('',#1948,.F.);
#1948 = EDGE_LOOP('',(#1949,#1955,#1956,#1957));
#1949 = ORIENTED_EDGE('',*,*,#1950,.T.);
#1950 = EDGE_CURVE('',#1450,#1542,#1951,.T.);
#1951 = LINE('',#1952,#1953);
#1952 = CARTESIAN_POINT('',(1.05,0.2,0.15));
#1953 = VECTOR('',#1954,1.);
#1954 = DIRECTION('',(1.110223024625E-16,-1.,0.));
#1955 = ORIENTED_EDGE('',*,*,#1549,.T.);
#1956 = ORIENTED_EDGE('',*,*,#1933,.F.);
#1957 = ORIENTED_EDGE('',*,*,#1457,.F.);
#1958 = CYLINDRICAL_SURFACE('',#1959,0.1);
#1959 = AXIS2_PLACEMENT_3D('',#1960,#1961,#1962);
#1960 = CARTESIAN_POINT('',(1.05,0.2,0.25));
#1961 = DIRECTION('',(-1.110223024625E-16,1.,0.));
#1962 = DIRECTION('',(-2.22044604925E-15,-2.465190328815E-31,-1.));
#1963 = ADVANCED_FACE('',(#1964),#1975,.F.);
#1964 = FACE_BOUND('',#1965,.F.);
#1965 = EDGE_LOOP('',(#1966,#1972,#1973,#1974));
#1966 = ORIENTED_EDGE('',*,*,#1967,.T.);
#1967 = EDGE_CURVE('',#1442,#1534,#1968,.T.);
#1968 = LINE('',#1969,#1970);
#1969 = CARTESIAN_POINT('',(1.25,0.2,0.15));
#1970 = VECTOR('',#1971,1.);
#1971 = DIRECTION('',(1.110223024625E-16,-1.,0.));
#1972 = ORIENTED_EDGE('',*,*,#1541,.T.);
#1973 = ORIENTED_EDGE('',*,*,#1950,.F.);
#1974 = ORIENTED_EDGE('',*,*,#1449,.F.);
#1975 = PLANE('',#1976);
#1976 = AXIS2_PLACEMENT_3D('',#1977,#1978,#1979);
#1977 = CARTESIAN_POINT('',(1.25,0.2,0.15));
#1978 = DIRECTION('',(0.,0.,-1.));
#1979 = DIRECTION('',(-1.,-1.110223024625E-16,-0.));
#1980 = ADVANCED_FACE('',(#1981),#1992,.F.);
#1981 = FACE_BOUND('',#1982,.F.);
#1982 = EDGE_LOOP('',(#1983,#1989,#1990,#1991));
#1983 = ORIENTED_EDGE('',*,*,#1984,.T.);
#1984 = EDGE_CURVE('',#1434,#1526,#1985,.T.);
#1985 = LINE('',#1986,#1987);
#1986 = CARTESIAN_POINT('',(1.25,0.2,0.));
#1987 = VECTOR('',#1988,1.);
#1988 = DIRECTION('',(1.110223024625E-16,-1.,0.));
#1989 = ORIENTED_EDGE('',*,*,#1533,.T.);
#1990 = ORIENTED_EDGE('',*,*,#1967,.F.);
#1991 = ORIENTED_EDGE('',*,*,#1441,.F.);
#1992 = PLANE('',#1993);
#1993 = AXIS2_PLACEMENT_3D('',#1994,#1995,#1996);
#1994 = CARTESIAN_POINT('',(1.25,0.2,0.));
#1995 = DIRECTION('',(-1.,-1.110223024625E-16,0.));
#1996 = DIRECTION('',(0.,0.,1.));
#1997 = ADVANCED_FACE('',(#1998),#2009,.F.);
#1998 = FACE_BOUND('',#1999,.F.);
#1999 = EDGE_LOOP('',(#2000,#2006,#2007,#2008));
#2000 = ORIENTED_EDGE('',*,*,#2001,.T.);
#2001 = EDGE_CURVE('',#1425,#1517,#2002,.T.);
#2002 = LINE('',#2003,#2004);
#2003 = CARTESIAN_POINT('',(1.05,0.2,0.));
#2004 = VECTOR('',#2005,1.);
#2005 = DIRECTION('',(1.110223024625E-16,-1.,0.));
#2006 = ORIENTED_EDGE('',*,*,#1525,.T.);
#2007 = ORIENTED_EDGE('',*,*,#1984,.F.);
#2008 = ORIENTED_EDGE('',*,*,#1433,.F.);
#2009 = PLANE('',#2010);
#2010 = AXIS2_PLACEMENT_3D('',#2011,#2012,#2013);
#2011 = CARTESIAN_POINT('',(1.05,0.2,0.));
#2012 = DIRECTION('',(0.,0.,1.));
#2013 = DIRECTION('',(1.,1.110223024625E-16,-0.));
#2014 = ADVANCED_FACE('',(#2015),#2021,.T.);
#2015 = FACE_BOUND('',#2016,.T.);
#2016 = EDGE_LOOP('',(#2017,#2018,#2019,#2020));
#2017 = ORIENTED_EDGE('',*,*,#1424,.T.);
#2018 = ORIENTED_EDGE('',*,*,#2001,.T.);
#2019 = ORIENTED_EDGE('',*,*,#1516,.F.);
#2020 = ORIENTED_EDGE('',*,*,#1498,.F.);
#2021 = CYLINDRICAL_SURFACE('',#2022,0.25);
#2022 = AXIS2_PLACEMENT_3D('',#2023,#2024,#2025);
#2023 = CARTESIAN_POINT('',(1.05,0.2,0.25));
#2024 = DIRECTION('',(-1.110223024625E-16,1.,-0.));
#2025 = DIRECTION('',(-1.,-1.110223024625E-16,-4.440892098501E-16));
#2026 = ADVANCED_FACE('',(#2027),#2030,.F.);
#2027 = FACE_BOUND('',#2028,.T.);
#2028 = EDGE_LOOP('',(#2029));
#2029 = ORIENTED_EDGE('',*,*,#1644,.F.);
#2030 = PLANE('',#2031);
#2031 = AXIS2_PLACEMENT_3D('',#2032,#2033,#2034);
#2032 = CARTESIAN_POINT('',(-0.428243103516,1.228243103516,1.2));
#2033 = DIRECTION('',(0.,0.,-1.));
#2034 = DIRECTION('',(1.110223024625E-16,-1.,0.));
#2035 = ( GEOMETRIC_REPRESENTATION_CONTEXT(3) 
GLOBAL_UNCERTAINTY_ASSIGNED_CONTEXT((#2039)) 
GLOBAL_UNIT_ASSIGNED_CONTEXT((#2036,#2037,#2038)) REPRESENTATION_CONTEXT
('Context #1','3D Context with UNIT and UNCERTAINTY') );
#2036 = ( LENGTH_UNIT() NAMED_UNIT(*) SI_UNIT(.MILLI.,.METRE.) );
#2037 = ( NAMED_UNIT(*) PLANE_ANGLE_UNIT() SI_UNIT($,.RADIAN.) );
#2038 = ( NAMED_UNIT(*) SI_UNIT($,.STERADIAN.) SOLID_ANGLE_UNIT() );
#2039 = UNCERTAINTY_MEASURE_WITH_UNIT(LENGTH_MEASURE(1.E-07),#2036,
  'distance_accuracy_value','confusion accuracy');
#2040 = CONTEXT_DEPENDENT_SHAPE_REPRESENTATION(#2041,#2043);
#2041 = ( REPRESENTATION_RELATIONSHIP('','',#52,#10) 
REPRESENTATION_RELATIONSHIP_WITH_TRANSFORMATION(#2042) 
SHAPE_REPRESENTATION_RELATIONSHIP() );
#2042 = ITEM_DEFINED_TRANSFORMATION('','',#11,#15);
#2043 = PRODUCT_DEFINITION_SHAPE('Placement','Placement of an item',
  #2044);
#2044 = NEXT_ASSEMBLY_USAGE_OCCURRENCE('1','U1','',#5,#47,$);
#2045 = PRODUCT_RELATED_PRODUCT_CATEGORY('part',$,(#49));
#2046 = SHAPE_DEFINITION_REPRESENTATION(#2047,#2053);
#2047 = PRODUCT_DEFINITION_SHAPE('','',#2048);
#2048 = PRODUCT_DEFINITION('design','',#2049,#2052);
#2049 = PRODUCT_DEFINITION_FORMATION('','',#2050);
#2050 = PRODUCT('S3B-XH-SM4-TB','S3B-XH-SM4-TB','',(#2051));
#2051 = PRODUCT_CONTEXT('',#2,'mechanical');
#2052 = PRODUCT_DEFINITION_CONTEXT('part definition',#2,'design');
#2053 = SHAPE_REPRESENTATION('',(#11,#2054,#2058,#2062,#2066),#2070);
#2054 = AXIS2_PLACEMENT_3D('',#2055,#2056,#2057);
#2055 = CARTESIAN_POINT('',(0.,0.,-3.05));
#2056 = DIRECTION('',(0.,0.,1.));
#2057 = DIRECTION('',(1.,0.,0.));
#2058 = AXIS2_PLACEMENT_3D('',#2059,#2060,#2061);
#2059 = CARTESIAN_POINT('',(0.,0.,0.));
#2060 = DIRECTION('',(0.,0.,1.));
#2061 = DIRECTION('',(1.,0.,0.));
#2062 = AXIS2_PLACEMENT_3D('',#2063,#2064,#2065);
#2063 = CARTESIAN_POINT('',(-2.5,0.,0.));
#2064 = DIRECTION('',(0.,0.,1.));
#2065 = DIRECTION('',(1.,0.,0.));
#2066 = AXIS2_PLACEMENT_3D('',#2067,#2068,#2069);
#2067 = CARTESIAN_POINT('',(-5.,0.,0.));
#2068 = DIRECTION('',(0.,0.,1.));
#2069 = DIRECTION('',(1.,0.,0.));
#2070 = ( GEOMETRIC_REPRESENTATION_CONTEXT(3) 
GLOBAL_UNCERTAINTY_ASSIGNED_CONTEXT((#2074)) 
GLOBAL_UNIT_ASSIGNED_CONTEXT((#2071,#2072,#2073)) REPRESENTATION_CONTEXT
('Context #1','3D Context with UNIT and UNCERTAINTY') );
#2071 = ( LENGTH_UNIT() NAMED_UNIT(*) SI_UNIT(.MILLI.,.METRE.) );
#2072 = ( NAMED_UNIT(*) PLANE_ANGLE_UNIT() SI_UNIT($,.RADIAN.) );
#2073 = ( NAMED_UNIT(*) SI_UNIT($,.STERADIAN.) SOLID_ANGLE_UNIT() );
#2074 = UNCERTAINTY_MEASURE_WITH_UNIT(LENGTH_MEASURE(1.E-07),#2071,
  'distance_accuracy_value','confusion accuracy');
#2075 = CONTEXT_DEPENDENT_SHAPE_REPRESENTATION(#2076,#2078);
#2076 = ( REPRESENTATION_RELATIONSHIP('','',#2053,#10) 
REPRESENTATION_RELATIONSHIP_WITH_TRANSFORMATION(#2077) 
SHAPE_REPRESENTATION_RELATIONSHIP() );
#2077 = ITEM_DEFINED_TRANSFORMATION('','',#11,#19);
#2078 = PRODUCT_DEFINITION_SHAPE('Placement','Placement of an item',
  #2079);
#2079 = NEXT_ASSEMBLY_USAGE_OCCURRENCE('6','J7','',#5,#2048,$);
#2080 = PRODUCT_RELATED_PRODUCT_CATEGORY('part',$,(#2050));
#2081 = SHAPE_DEFINITION_REPRESENTATION(#2082,#2088);
#2082 = PRODUCT_DEFINITION_SHAPE('','',#2083);
#2083 = PRODUCT_DEFINITION('design','',#2084,#2087);
#2084 = PRODUCT_DEFINITION_FORMATION('','',#2085);
#2085 = PRODUCT('SxB-XH-SM4-TB_3','SxB-XH-SM4-TB_3','',(#2086));
#2086 = PRODUCT_CONTEXT('',#2,'mechanical');
#2087 = PRODUCT_DEFINITION_CONTEXT('part definition',#2,'design');
#2088 = SHAPE_REPRESENTATION('',(#11,#2089,#2371,#2653),#5926);
#2089 = MANIFOLD_SOLID_BREP('',#2090);
#2090 = CLOSED_SHELL('',(#2091,#2131,#2162,#2193,#2224,#2255,#2286,#2317
    ,#2339,#2355));
#2091 = ADVANCED_FACE('',(#2092),#2126,.F.);
#2092 = FACE_BOUND('',#2093,.T.);
#2093 = EDGE_LOOP('',(#2094,#2104,#2112,#2120));
#2094 = ORIENTED_EDGE('',*,*,#2095,.F.);
#2095 = EDGE_CURVE('',#2096,#2098,#2100,.T.);
#2096 = VERTEX_POINT('',#2097);
#2097 = CARTESIAN_POINT('',(5.75,0.185,1.43));
#2098 = VERTEX_POINT('',#2099);
#2099 = CARTESIAN_POINT('',(5.75,0.475,1.43));
#2100 = LINE('',#2101,#2102);
#2101 = CARTESIAN_POINT('',(5.75,0.185,1.43));
#2102 = VECTOR('',#2103,1.);
#2103 = DIRECTION('',(0.,1.,0.));
#2104 = ORIENTED_EDGE('',*,*,#2105,.T.);
#2105 = EDGE_CURVE('',#2096,#2106,#2108,.T.);
#2106 = VERTEX_POINT('',#2107);
#2107 = CARTESIAN_POINT('',(5.3,0.185,1.43));
#2108 = LINE('',#2109,#2110);
#2109 = CARTESIAN_POINT('',(10.252499305941,0.185,1.43));
#2110 = VECTOR('',#2111,1.);
#2111 = DIRECTION('',(-1.,-0.,-0.));
#2112 = ORIENTED_EDGE('',*,*,#2113,.T.);
#2113 = EDGE_CURVE('',#2106,#2114,#2116,.T.);
#2114 = VERTEX_POINT('',#2115);
#2115 = CARTESIAN_POINT('',(5.3,0.475,1.43));
#2116 = LINE('',#2117,#2118);
#2117 = CARTESIAN_POINT('',(5.3,0.185,1.43));
#2118 = VECTOR('',#2119,1.);
#2119 = DIRECTION('',(0.,1.,0.));
#2120 = ORIENTED_EDGE('',*,*,#2121,.F.);
#2121 = EDGE_CURVE('',#2098,#2114,#2122,.T.);
#2122 = LINE('',#2123,#2124);
#2123 = CARTESIAN_POINT('',(10.252499305941,0.475,1.43));
#2124 = VECTOR('',#2125,1.);
#2125 = DIRECTION('',(-1.,-0.,-0.));
#2126 = PLANE('',#2127);
#2127 = AXIS2_PLACEMENT_3D('',#2128,#2129,#2130);
#2128 = CARTESIAN_POINT('',(10.252499305941,0.185,1.43));
#2129 = DIRECTION('',(0.,0.,1.));
#2130 = DIRECTION('',(1.,0.,-0.));
#2131 = ADVANCED_FACE('',(#2132),#2157,.F.);
#2132 = FACE_BOUND('',#2133,.T.);
#2133 = EDGE_LOOP('',(#2134,#2142,#2143,#2151));
#2134 = ORIENTED_EDGE('',*,*,#2135,.F.);
#2135 = EDGE_CURVE('',#2098,#2136,#2138,.T.);
#2136 = VERTEX_POINT('',#2137);
#2137 = CARTESIAN_POINT('',(5.75,0.475,1.1));
#2138 = LINE('',#2139,#2140);
#2139 = CARTESIAN_POINT('',(5.75,0.475,1.43));
#2140 = VECTOR('',#2141,1.);
#2141 = DIRECTION('',(0.,0.,-1.));
#2142 = ORIENTED_EDGE('',*,*,#2121,.T.);
#2143 = ORIENTED_EDGE('',*,*,#2144,.T.);
#2144 = EDGE_CURVE('',#2114,#2145,#2147,.T.);
#2145 = VERTEX_POINT('',#2146);
#2146 = CARTESIAN_POINT('',(5.3,0.475,1.1));
#2147 = LINE('',#2148,#2149);
#2148 = CARTESIAN_POINT('',(5.3,0.475,1.43));
#2149 = VECTOR('',#2150,1.);
#2150 = DIRECTION('',(0.,0.,-1.));
#2151 = ORIENTED_EDGE('',*,*,#2152,.F.);
#2152 = EDGE_CURVE('',#2136,#2145,#2153,.T.);
#2153 = LINE('',#2154,#2155);
#2154 = CARTESIAN_POINT('',(10.252499305941,0.475,1.1));
#2155 = VECTOR('',#2156,1.);
#2156 = DIRECTION('',(-1.,-0.,-0.));
#2157 = PLANE('',#2158);
#2158 = AXIS2_PLACEMENT_3D('',#2159,#2160,#2161);
#2159 = CARTESIAN_POINT('',(10.252499305941,0.475,1.43));
#2160 = DIRECTION('',(-0.,1.,0.));
#2161 = DIRECTION('',(0.,0.,1.));
#2162 = ADVANCED_FACE('',(#2163),#2188,.F.);
#2163 = FACE_BOUND('',#2164,.T.);
#2164 = EDGE_LOOP('',(#2165,#2173,#2174,#2182));
#2165 = ORIENTED_EDGE('',*,*,#2166,.F.);
#2166 = EDGE_CURVE('',#2136,#2167,#2169,.T.);
#2167 = VERTEX_POINT('',#2168);
#2168 = CARTESIAN_POINT('',(5.75,2.25,1.1));
#2169 = LINE('',#2170,#2171);
#2170 = CARTESIAN_POINT('',(5.75,0.675,1.1));
#2171 = VECTOR('',#2172,1.);
#2172 = DIRECTION('',(0.,1.,0.));
#2173 = ORIENTED_EDGE('',*,*,#2152,.T.);
#2174 = ORIENTED_EDGE('',*,*,#2175,.T.);
#2175 = EDGE_CURVE('',#2145,#2176,#2178,.T.);
#2176 = VERTEX_POINT('',#2177);
#2177 = CARTESIAN_POINT('',(5.3,2.25,1.1));
#2178 = LINE('',#2179,#2180);
#2179 = CARTESIAN_POINT('',(5.3,0.675,1.1));
#2180 = VECTOR('',#2181,1.);
#2181 = DIRECTION('',(0.,1.,0.));
#2182 = ORIENTED_EDGE('',*,*,#2183,.F.);
#2183 = EDGE_CURVE('',#2167,#2176,#2184,.T.);
#2184 = LINE('',#2185,#2186);
#2185 = CARTESIAN_POINT('',(10.252499305941,2.25,1.1));
#2186 = VECTOR('',#2187,1.);
#2187 = DIRECTION('',(-1.,-0.,-0.));
#2188 = PLANE('',#2189);
#2189 = AXIS2_PLACEMENT_3D('',#2190,#2191,#2192);
#2190 = CARTESIAN_POINT('',(10.252499305941,0.675,1.1));
#2191 = DIRECTION('',(0.,0.,1.));
#2192 = DIRECTION('',(1.,0.,-0.));
#2193 = ADVANCED_FACE('',(#2194),#2219,.F.);
#2194 = FACE_BOUND('',#2195,.T.);
#2195 = EDGE_LOOP('',(#2196,#2204,#2205,#2213));
#2196 = ORIENTED_EDGE('',*,*,#2197,.F.);
#2197 = EDGE_CURVE('',#2167,#2198,#2200,.T.);
#2198 = VERTEX_POINT('',#2199);
#2199 = CARTESIAN_POINT('',(5.75,2.25,5.));
#2200 = LINE('',#2201,#2202);
#2201 = CARTESIAN_POINT('',(5.75,2.25,4.1));
#2202 = VECTOR('',#2203,1.);
#2203 = DIRECTION('',(-0.,0.,1.));
#2204 = ORIENTED_EDGE('',*,*,#2183,.T.);
#2205 = ORIENTED_EDGE('',*,*,#2206,.T.);
#2206 = EDGE_CURVE('',#2176,#2207,#2209,.T.);
#2207 = VERTEX_POINT('',#2208);
#2208 = CARTESIAN_POINT('',(5.3,2.25,5.));
#2209 = LINE('',#2210,#2211);
#2210 = CARTESIAN_POINT('',(5.3,2.25,4.1));
#2211 = VECTOR('',#2212,1.);
#2212 = DIRECTION('',(0.,0.,1.));
#2213 = ORIENTED_EDGE('',*,*,#2214,.F.);
#2214 = EDGE_CURVE('',#2198,#2207,#2215,.T.);
#2215 = LINE('',#2216,#2217);
#2216 = CARTESIAN_POINT('',(10.252499305941,2.25,5.));
#2217 = VECTOR('',#2218,1.);
#2218 = DIRECTION('',(-1.,-0.,-0.));
#2219 = PLANE('',#2220);
#2220 = AXIS2_PLACEMENT_3D('',#2221,#2222,#2223);
#2221 = CARTESIAN_POINT('',(10.252499305941,2.25,4.1));
#2222 = DIRECTION('',(0.,-1.,0.));
#2223 = DIRECTION('',(0.,-0.,-1.));
#2224 = ADVANCED_FACE('',(#2225),#2250,.F.);
#2225 = FACE_BOUND('',#2226,.T.);
#2226 = EDGE_LOOP('',(#2227,#2235,#2236,#2244));
#2227 = ORIENTED_EDGE('',*,*,#2228,.F.);
#2228 = EDGE_CURVE('',#2198,#2229,#2231,.T.);
#2229 = VERTEX_POINT('',#2230);
#2230 = CARTESIAN_POINT('',(5.75,0.185,5.));
#2231 = LINE('',#2232,#2233);
#2232 = CARTESIAN_POINT('',(5.75,2.25,5.));
#2233 = VECTOR('',#2234,1.);
#2234 = DIRECTION('',(0.,-1.,0.));
#2235 = ORIENTED_EDGE('',*,*,#2214,.T.);
#2236 = ORIENTED_EDGE('',*,*,#2237,.T.);
#2237 = EDGE_CURVE('',#2207,#2238,#2240,.T.);
#2238 = VERTEX_POINT('',#2239);
#2239 = CARTESIAN_POINT('',(5.3,0.185,5.));
#2240 = LINE('',#2241,#2242);
#2241 = CARTESIAN_POINT('',(5.3,2.25,5.));
#2242 = VECTOR('',#2243,1.);
#2243 = DIRECTION('',(0.,-1.,0.));
#2244 = ORIENTED_EDGE('',*,*,#2245,.F.);
#2245 = EDGE_CURVE('',#2229,#2238,#2246,.T.);
#2246 = LINE('',#2247,#2248);
#2247 = CARTESIAN_POINT('',(10.252499305941,0.185,5.));
#2248 = VECTOR('',#2249,1.);
#2249 = DIRECTION('',(-1.,-0.,-0.));
#2250 = PLANE('',#2251);
#2251 = AXIS2_PLACEMENT_3D('',#2252,#2253,#2254);
#2252 = CARTESIAN_POINT('',(10.252499305941,2.25,5.));
#2253 = DIRECTION('',(0.,0.,-1.));
#2254 = DIRECTION('',(-1.,0.,-0.));
#2255 = ADVANCED_FACE('',(#2256),#2281,.F.);
#2256 = FACE_BOUND('',#2257,.T.);
#2257 = EDGE_LOOP('',(#2258,#2266,#2267,#2275));
#2258 = ORIENTED_EDGE('',*,*,#2259,.F.);
#2259 = EDGE_CURVE('',#2229,#2260,#2262,.T.);
#2260 = VERTEX_POINT('',#2261);
#2261 = CARTESIAN_POINT('',(5.75,0.,4.815));
#2262 = LINE('',#2263,#2264);
#2263 = CARTESIAN_POINT('',(5.75,0.185,5.));
#2264 = VECTOR('',#2265,1.);
#2265 = DIRECTION('',(0.,-0.707106781187,-0.707106781187));
#2266 = ORIENTED_EDGE('',*,*,#2245,.T.);
#2267 = ORIENTED_EDGE('',*,*,#2268,.T.);
#2268 = EDGE_CURVE('',#2238,#2269,#2271,.T.);
#2269 = VERTEX_POINT('',#2270);
#2270 = CARTESIAN_POINT('',(5.3,0.,4.815));
#2271 = LINE('',#2272,#2273);
#2272 = CARTESIAN_POINT('',(5.3,0.185,5.));
#2273 = VECTOR('',#2274,1.);
#2274 = DIRECTION('',(0.,-0.707106781187,-0.707106781187));
#2275 = ORIENTED_EDGE('',*,*,#2276,.F.);
#2276 = EDGE_CURVE('',#2260,#2269,#2277,.T.);
#2277 = LINE('',#2278,#2279);
#2278 = CARTESIAN_POINT('',(10.252499305941,0.,4.815));
#2279 = VECTOR('',#2280,1.);
#2280 = DIRECTION('',(-1.,-0.,-0.));
#2281 = PLANE('',#2282);
#2282 = AXIS2_PLACEMENT_3D('',#2283,#2284,#2285);
#2283 = CARTESIAN_POINT('',(10.252499305941,0.185,5.));
#2284 = DIRECTION('',(0.,0.707106781187,-0.707106781187));
#2285 = DIRECTION('',(0.,0.707106781187,0.707106781187));
#2286 = ADVANCED_FACE('',(#2287),#2312,.F.);
#2287 = FACE_BOUND('',#2288,.T.);
#2288 = EDGE_LOOP('',(#2289,#2297,#2298,#2306));
#2289 = ORIENTED_EDGE('',*,*,#2290,.F.);
#2290 = EDGE_CURVE('',#2260,#2291,#2293,.T.);
#2291 = VERTEX_POINT('',#2292);
#2292 = CARTESIAN_POINT('',(5.75,1.54074395551E-30,1.615));
#2293 = LINE('',#2294,#2295);
#2294 = CARTESIAN_POINT('',(5.75,0.,4.815));
#2295 = VECTOR('',#2296,1.);
#2296 = DIRECTION('',(0.,4.814824860968E-31,-1.));
#2297 = ORIENTED_EDGE('',*,*,#2276,.T.);
#2298 = ORIENTED_EDGE('',*,*,#2299,.T.);
#2299 = EDGE_CURVE('',#2269,#2300,#2302,.T.);
#2300 = VERTEX_POINT('',#2301);
#2301 = CARTESIAN_POINT('',(5.3,1.54074395551E-30,1.615));
#2302 = LINE('',#2303,#2304);
#2303 = CARTESIAN_POINT('',(5.3,0.,4.815));
#2304 = VECTOR('',#2305,1.);
#2305 = DIRECTION('',(0.,4.814824860968E-31,-1.));
#2306 = ORIENTED_EDGE('',*,*,#2307,.F.);
#2307 = EDGE_CURVE('',#2291,#2300,#2308,.T.);
#2308 = LINE('',#2309,#2310);
#2309 = CARTESIAN_POINT('',(10.252499305941,1.54074395551E-30,1.615));
#2310 = VECTOR('',#2311,1.);
#2311 = DIRECTION('',(-1.,-0.,-0.));
#2312 = PLANE('',#2313);
#2313 = AXIS2_PLACEMENT_3D('',#2314,#2315,#2316);
#2314 = CARTESIAN_POINT('',(10.252499305941,0.,4.815));
#2315 = DIRECTION('',(-0.,1.,4.814824860968E-31));
#2316 = DIRECTION('',(0.,-4.814824860968E-31,1.));
#2317 = ADVANCED_FACE('',(#2318),#2334,.F.);
#2318 = FACE_BOUND('',#2319,.T.);
#2319 = EDGE_LOOP('',(#2320,#2326,#2327,#2333));
#2320 = ORIENTED_EDGE('',*,*,#2321,.F.);
#2321 = EDGE_CURVE('',#2291,#2096,#2322,.T.);
#2322 = LINE('',#2323,#2324);
#2323 = CARTESIAN_POINT('',(5.75,1.54074395551E-30,1.615));
#2324 = VECTOR('',#2325,1.);
#2325 = DIRECTION('',(0.,0.707106781187,-0.707106781187));
#2326 = ORIENTED_EDGE('',*,*,#2307,.T.);
#2327 = ORIENTED_EDGE('',*,*,#2328,.T.);
#2328 = EDGE_CURVE('',#2300,#2106,#2329,.T.);
#2329 = LINE('',#2330,#2331);
#2330 = CARTESIAN_POINT('',(5.3,1.54074395551E-30,1.615));
#2331 = VECTOR('',#2332,1.);
#2332 = DIRECTION('',(0.,0.707106781187,-0.707106781187));
#2333 = ORIENTED_EDGE('',*,*,#2105,.F.);
#2334 = PLANE('',#2335);
#2335 = AXIS2_PLACEMENT_3D('',#2336,#2337,#2338);
#2336 = CARTESIAN_POINT('',(10.252499305941,1.54074395551E-30,1.615));
#2337 = DIRECTION('',(-0.,0.707106781187,0.707106781187));
#2338 = DIRECTION('',(0.,-0.707106781187,0.707106781187));
#2339 = ADVANCED_FACE('',(#2340),#2350,.T.);
#2340 = FACE_BOUND('',#2341,.T.);
#2341 = EDGE_LOOP('',(#2342,#2343,#2344,#2345,#2346,#2347,#2348,#2349));
#2342 = ORIENTED_EDGE('',*,*,#2113,.F.);
#2343 = ORIENTED_EDGE('',*,*,#2328,.F.);
#2344 = ORIENTED_EDGE('',*,*,#2299,.F.);
#2345 = ORIENTED_EDGE('',*,*,#2268,.F.);
#2346 = ORIENTED_EDGE('',*,*,#2237,.F.);
#2347 = ORIENTED_EDGE('',*,*,#2206,.F.);
#2348 = ORIENTED_EDGE('',*,*,#2175,.F.);
#2349 = ORIENTED_EDGE('',*,*,#2144,.F.);
#2350 = PLANE('',#2351);
#2351 = AXIS2_PLACEMENT_3D('',#2352,#2353,#2354);
#2352 = CARTESIAN_POINT('',(5.3,0.,0.));
#2353 = DIRECTION('',(-1.,0.,0.));
#2354 = DIRECTION('',(0.,0.,1.));
#2355 = ADVANCED_FACE('',(#2356),#2366,.T.);
#2356 = FACE_BOUND('',#2357,.T.);
#2357 = EDGE_LOOP('',(#2358,#2359,#2360,#2361,#2362,#2363,#2364,#2365));
#2358 = ORIENTED_EDGE('',*,*,#2321,.T.);
#2359 = ORIENTED_EDGE('',*,*,#2095,.T.);
#2360 = ORIENTED_EDGE('',*,*,#2135,.T.);
#2361 = ORIENTED_EDGE('',*,*,#2166,.T.);
#2362 = ORIENTED_EDGE('',*,*,#2197,.T.);
#2363 = ORIENTED_EDGE('',*,*,#2228,.T.);
#2364 = ORIENTED_EDGE('',*,*,#2259,.T.);
#2365 = ORIENTED_EDGE('',*,*,#2290,.T.);
#2366 = PLANE('',#2367);
#2367 = AXIS2_PLACEMENT_3D('',#2368,#2369,#2370);
#2368 = CARTESIAN_POINT('',(5.75,2.25,1.1));
#2369 = DIRECTION('',(1.,0.,0.));
#2370 = DIRECTION('',(0.,0.,-1.));
#2371 = MANIFOLD_SOLID_BREP('',#2372);
#2372 = CLOSED_SHELL('',(#2373,#2413,#2444,#2475,#2506,#2537,#2568,#2599
    ,#2621,#2637));
#2373 = ADVANCED_FACE('',(#2374),#2408,.F.);
#2374 = FACE_BOUND('',#2375,.T.);
#2375 = EDGE_LOOP('',(#2376,#2386,#2394,#2402));
#2376 = ORIENTED_EDGE('',*,*,#2377,.T.);
#2377 = EDGE_CURVE('',#2378,#2380,#2382,.T.);
#2378 = VERTEX_POINT('',#2379);
#2379 = CARTESIAN_POINT('',(-5.75,0.185,1.43));
#2380 = VERTEX_POINT('',#2381);
#2381 = CARTESIAN_POINT('',(-5.75,0.475,1.43));
#2382 = LINE('',#2383,#2384);
#2383 = CARTESIAN_POINT('',(-5.75,0.185,1.43));
#2384 = VECTOR('',#2385,1.);
#2385 = DIRECTION('',(0.,1.,0.));
#2386 = ORIENTED_EDGE('',*,*,#2387,.T.);
#2387 = EDGE_CURVE('',#2380,#2388,#2390,.T.);
#2388 = VERTEX_POINT('',#2389);
#2389 = CARTESIAN_POINT('',(-5.3,0.475,1.43));
#2390 = LINE('',#2391,#2392);
#2391 = CARTESIAN_POINT('',(-10.25249930594,0.475,1.43));
#2392 = VECTOR('',#2393,1.);
#2393 = DIRECTION('',(1.,-0.,-0.));
#2394 = ORIENTED_EDGE('',*,*,#2395,.F.);
#2395 = EDGE_CURVE('',#2396,#2388,#2398,.T.);
#2396 = VERTEX_POINT('',#2397);
#2397 = CARTESIAN_POINT('',(-5.3,0.185,1.43));
#2398 = LINE('',#2399,#2400);
#2399 = CARTESIAN_POINT('',(-5.3,0.185,1.43));
#2400 = VECTOR('',#2401,1.);
#2401 = DIRECTION('',(0.,1.,0.));
#2402 = ORIENTED_EDGE('',*,*,#2403,.F.);
#2403 = EDGE_CURVE('',#2378,#2396,#2404,.T.);
#2404 = LINE('',#2405,#2406);
#2405 = CARTESIAN_POINT('',(-10.25249930594,0.185,1.43));
#2406 = VECTOR('',#2407,1.);
#2407 = DIRECTION('',(1.,-0.,-0.));
#2408 = PLANE('',#2409);
#2409 = AXIS2_PLACEMENT_3D('',#2410,#2411,#2412);
#2410 = CARTESIAN_POINT('',(-10.25249930594,0.185,1.43));
#2411 = DIRECTION('',(0.,0.,1.));
#2412 = DIRECTION('',(-1.,0.,0.));
#2413 = ADVANCED_FACE('',(#2414),#2439,.F.);
#2414 = FACE_BOUND('',#2415,.T.);
#2415 = EDGE_LOOP('',(#2416,#2424,#2432,#2438));
#2416 = ORIENTED_EDGE('',*,*,#2417,.T.);
#2417 = EDGE_CURVE('',#2380,#2418,#2420,.T.);
#2418 = VERTEX_POINT('',#2419);
#2419 = CARTESIAN_POINT('',(-5.75,0.475,1.1));
#2420 = LINE('',#2421,#2422);
#2421 = CARTESIAN_POINT('',(-5.75,0.475,1.43));
#2422 = VECTOR('',#2423,1.);
#2423 = DIRECTION('',(0.,0.,-1.));
#2424 = ORIENTED_EDGE('',*,*,#2425,.T.);
#2425 = EDGE_CURVE('',#2418,#2426,#2428,.T.);
#2426 = VERTEX_POINT('',#2427);
#2427 = CARTESIAN_POINT('',(-5.3,0.475,1.1));
#2428 = LINE('',#2429,#2430);
#2429 = CARTESIAN_POINT('',(-10.25249930594,0.475,1.1));
#2430 = VECTOR('',#2431,1.);
#2431 = DIRECTION('',(1.,-0.,-0.));
#2432 = ORIENTED_EDGE('',*,*,#2433,.F.);
#2433 = EDGE_CURVE('',#2388,#2426,#2434,.T.);
#2434 = LINE('',#2435,#2436);
#2435 = CARTESIAN_POINT('',(-5.3,0.475,1.43));
#2436 = VECTOR('',#2437,1.);
#2437 = DIRECTION('',(0.,0.,-1.));
#2438 = ORIENTED_EDGE('',*,*,#2387,.F.);
#2439 = PLANE('',#2440);
#2440 = AXIS2_PLACEMENT_3D('',#2441,#2442,#2443);
#2441 = CARTESIAN_POINT('',(-10.25249930594,0.475,1.43));
#2442 = DIRECTION('',(0.,1.,0.));
#2443 = DIRECTION('',(0.,-0.,1.));
#2444 = ADVANCED_FACE('',(#2445),#2470,.F.);
#2445 = FACE_BOUND('',#2446,.T.);
#2446 = EDGE_LOOP('',(#2447,#2455,#2463,#2469));
#2447 = ORIENTED_EDGE('',*,*,#2448,.T.);
#2448 = EDGE_CURVE('',#2418,#2449,#2451,.T.);
#2449 = VERTEX_POINT('',#2450);
#2450 = CARTESIAN_POINT('',(-5.75,2.25,1.1));
#2451 = LINE('',#2452,#2453);
#2452 = CARTESIAN_POINT('',(-5.75,0.675,1.1));
#2453 = VECTOR('',#2454,1.);
#2454 = DIRECTION('',(0.,1.,0.));
#2455 = ORIENTED_EDGE('',*,*,#2456,.T.);
#2456 = EDGE_CURVE('',#2449,#2457,#2459,.T.);
#2457 = VERTEX_POINT('',#2458);
#2458 = CARTESIAN_POINT('',(-5.3,2.25,1.1));
#2459 = LINE('',#2460,#2461);
#2460 = CARTESIAN_POINT('',(-10.25249930594,2.25,1.1));
#2461 = VECTOR('',#2462,1.);
#2462 = DIRECTION('',(1.,-0.,-0.));
#2463 = ORIENTED_EDGE('',*,*,#2464,.F.);
#2464 = EDGE_CURVE('',#2426,#2457,#2465,.T.);
#2465 = LINE('',#2466,#2467);
#2466 = CARTESIAN_POINT('',(-5.3,0.675,1.1));
#2467 = VECTOR('',#2468,1.);
#2468 = DIRECTION('',(0.,1.,0.));
#2469 = ORIENTED_EDGE('',*,*,#2425,.F.);
#2470 = PLANE('',#2471);
#2471 = AXIS2_PLACEMENT_3D('',#2472,#2473,#2474);
#2472 = CARTESIAN_POINT('',(-10.25249930594,0.675,1.1));
#2473 = DIRECTION('',(0.,0.,1.));
#2474 = DIRECTION('',(-1.,0.,0.));
#2475 = ADVANCED_FACE('',(#2476),#2501,.F.);
#2476 = FACE_BOUND('',#2477,.T.);
#2477 = EDGE_LOOP('',(#2478,#2486,#2494,#2500));
#2478 = ORIENTED_EDGE('',*,*,#2479,.T.);
#2479 = EDGE_CURVE('',#2449,#2480,#2482,.T.);
#2480 = VERTEX_POINT('',#2481);
#2481 = CARTESIAN_POINT('',(-5.75,2.25,5.));
#2482 = LINE('',#2483,#2484);
#2483 = CARTESIAN_POINT('',(-5.75,2.25,4.1));
#2484 = VECTOR('',#2485,1.);
#2485 = DIRECTION('',(0.,0.,1.));
#2486 = ORIENTED_EDGE('',*,*,#2487,.T.);
#2487 = EDGE_CURVE('',#2480,#2488,#2490,.T.);
#2488 = VERTEX_POINT('',#2489);
#2489 = CARTESIAN_POINT('',(-5.3,2.25,5.));
#2490 = LINE('',#2491,#2492);
#2491 = CARTESIAN_POINT('',(-10.25249930594,2.25,5.));
#2492 = VECTOR('',#2493,1.);
#2493 = DIRECTION('',(1.,-0.,-0.));
#2494 = ORIENTED_EDGE('',*,*,#2495,.F.);
#2495 = EDGE_CURVE('',#2457,#2488,#2496,.T.);
#2496 = LINE('',#2497,#2498);
#2497 = CARTESIAN_POINT('',(-5.3,2.25,4.1));
#2498 = VECTOR('',#2499,1.);
#2499 = DIRECTION('',(0.,0.,1.));
#2500 = ORIENTED_EDGE('',*,*,#2456,.F.);
#2501 = PLANE('',#2502);
#2502 = AXIS2_PLACEMENT_3D('',#2503,#2504,#2505);
#2503 = CARTESIAN_POINT('',(-10.25249930594,2.25,4.1));
#2504 = DIRECTION('',(0.,-1.,-0.));
#2505 = DIRECTION('',(-0.,0.,-1.));
#2506 = ADVANCED_FACE('',(#2507),#2532,.F.);
#2507 = FACE_BOUND('',#2508,.T.);
#2508 = EDGE_LOOP('',(#2509,#2517,#2525,#2531));
#2509 = ORIENTED_EDGE('',*,*,#2510,.T.);
#2510 = EDGE_CURVE('',#2480,#2511,#2513,.T.);
#2511 = VERTEX_POINT('',#2512);
#2512 = CARTESIAN_POINT('',(-5.75,0.185,5.));
#2513 = LINE('',#2514,#2515);
#2514 = CARTESIAN_POINT('',(-5.75,2.25,5.));
#2515 = VECTOR('',#2516,1.);
#2516 = DIRECTION('',(0.,-1.,0.));
#2517 = ORIENTED_EDGE('',*,*,#2518,.T.);
#2518 = EDGE_CURVE('',#2511,#2519,#2521,.T.);
#2519 = VERTEX_POINT('',#2520);
#2520 = CARTESIAN_POINT('',(-5.3,0.185,5.));
#2521 = LINE('',#2522,#2523);
#2522 = CARTESIAN_POINT('',(-10.25249930594,0.185,5.));
#2523 = VECTOR('',#2524,1.);
#2524 = DIRECTION('',(1.,-0.,-0.));
#2525 = ORIENTED_EDGE('',*,*,#2526,.F.);
#2526 = EDGE_CURVE('',#2488,#2519,#2527,.T.);
#2527 = LINE('',#2528,#2529);
#2528 = CARTESIAN_POINT('',(-5.3,2.25,5.));
#2529 = VECTOR('',#2530,1.);
#2530 = DIRECTION('',(0.,-1.,0.));
#2531 = ORIENTED_EDGE('',*,*,#2487,.F.);
#2532 = PLANE('',#2533);
#2533 = AXIS2_PLACEMENT_3D('',#2534,#2535,#2536);
#2534 = CARTESIAN_POINT('',(-10.25249930594,2.25,5.));
#2535 = DIRECTION('',(0.,0.,-1.));
#2536 = DIRECTION('',(1.,0.,0.));
#2537 = ADVANCED_FACE('',(#2538),#2563,.F.);
#2538 = FACE_BOUND('',#2539,.T.);
#2539 = EDGE_LOOP('',(#2540,#2548,#2556,#2562));
#2540 = ORIENTED_EDGE('',*,*,#2541,.T.);
#2541 = EDGE_CURVE('',#2511,#2542,#2544,.T.);
#2542 = VERTEX_POINT('',#2543);
#2543 = CARTESIAN_POINT('',(-5.75,0.,4.815));
#2544 = LINE('',#2545,#2546);
#2545 = CARTESIAN_POINT('',(-5.75,0.185,5.));
#2546 = VECTOR('',#2547,1.);
#2547 = DIRECTION('',(-0.,-0.707106781187,-0.707106781187));
#2548 = ORIENTED_EDGE('',*,*,#2549,.T.);
#2549 = EDGE_CURVE('',#2542,#2550,#2552,.T.);
#2550 = VERTEX_POINT('',#2551);
#2551 = CARTESIAN_POINT('',(-5.3,0.,4.815));
#2552 = LINE('',#2553,#2554);
#2553 = CARTESIAN_POINT('',(-10.25249930594,0.,4.815));
#2554 = VECTOR('',#2555,1.);
#2555 = DIRECTION('',(1.,-0.,-0.));
#2556 = ORIENTED_EDGE('',*,*,#2557,.F.);
#2557 = EDGE_CURVE('',#2519,#2550,#2558,.T.);
#2558 = LINE('',#2559,#2560);
#2559 = CARTESIAN_POINT('',(-5.3,0.185,5.));
#2560 = VECTOR('',#2561,1.);
#2561 = DIRECTION('',(-0.,-0.707106781187,-0.707106781187));
#2562 = ORIENTED_EDGE('',*,*,#2518,.F.);
#2563 = PLANE('',#2564);
#2564 = AXIS2_PLACEMENT_3D('',#2565,#2566,#2567);
#2565 = CARTESIAN_POINT('',(-10.25249930594,0.185,5.));
#2566 = DIRECTION('',(0.,0.707106781187,-0.707106781187));
#2567 = DIRECTION('',(0.,0.707106781187,0.707106781187));
#2568 = ADVANCED_FACE('',(#2569),#2594,.F.);
#2569 = FACE_BOUND('',#2570,.T.);
#2570 = EDGE_LOOP('',(#2571,#2579,#2587,#2593));
#2571 = ORIENTED_EDGE('',*,*,#2572,.T.);
#2572 = EDGE_CURVE('',#2542,#2573,#2575,.T.);
#2573 = VERTEX_POINT('',#2574);
#2574 = CARTESIAN_POINT('',(-5.75,1.54074395551E-30,1.615));
#2575 = LINE('',#2576,#2577);
#2576 = CARTESIAN_POINT('',(-5.75,0.,4.815));
#2577 = VECTOR('',#2578,1.);
#2578 = DIRECTION('',(0.,4.814824860968E-31,-1.));
#2579 = ORIENTED_EDGE('',*,*,#2580,.T.);
#2580 = EDGE_CURVE('',#2573,#2581,#2583,.T.);
#2581 = VERTEX_POINT('',#2582);
#2582 = CARTESIAN_POINT('',(-5.3,1.54074395551E-30,1.615));
#2583 = LINE('',#2584,#2585);
#2584 = CARTESIAN_POINT('',(-10.25249930594,1.54074395551E-30,1.615));
#2585 = VECTOR('',#2586,1.);
#2586 = DIRECTION('',(1.,-0.,-0.));
#2587 = ORIENTED_EDGE('',*,*,#2588,.F.);
#2588 = EDGE_CURVE('',#2550,#2581,#2589,.T.);
#2589 = LINE('',#2590,#2591);
#2590 = CARTESIAN_POINT('',(-5.3,0.,4.815));
#2591 = VECTOR('',#2592,1.);
#2592 = DIRECTION('',(0.,4.814824860968E-31,-1.));
#2593 = ORIENTED_EDGE('',*,*,#2549,.F.);
#2594 = PLANE('',#2595);
#2595 = AXIS2_PLACEMENT_3D('',#2596,#2597,#2598);
#2596 = CARTESIAN_POINT('',(-10.25249930594,0.,4.815));
#2597 = DIRECTION('',(0.,1.,4.814824860968E-31));
#2598 = DIRECTION('',(0.,-4.814824860968E-31,1.));
#2599 = ADVANCED_FACE('',(#2600),#2616,.F.);
#2600 = FACE_BOUND('',#2601,.T.);
#2601 = EDGE_LOOP('',(#2602,#2608,#2609,#2615));
#2602 = ORIENTED_EDGE('',*,*,#2603,.T.);
#2603 = EDGE_CURVE('',#2573,#2378,#2604,.T.);
#2604 = LINE('',#2605,#2606);
#2605 = CARTESIAN_POINT('',(-5.75,1.54074395551E-30,1.615));
#2606 = VECTOR('',#2607,1.);
#2607 = DIRECTION('',(0.,0.707106781187,-0.707106781187));
#2608 = ORIENTED_EDGE('',*,*,#2403,.T.);
#2609 = ORIENTED_EDGE('',*,*,#2610,.F.);
#2610 = EDGE_CURVE('',#2581,#2396,#2611,.T.);
#2611 = LINE('',#2612,#2613);
#2612 = CARTESIAN_POINT('',(-5.3,1.54074395551E-30,1.615));
#2613 = VECTOR('',#2614,1.);
#2614 = DIRECTION('',(0.,0.707106781187,-0.707106781187));
#2615 = ORIENTED_EDGE('',*,*,#2580,.F.);
#2616 = PLANE('',#2617);
#2617 = AXIS2_PLACEMENT_3D('',#2618,#2619,#2620);
#2618 = CARTESIAN_POINT('',(-10.25249930594,1.54074395551E-30,1.615));
#2619 = DIRECTION('',(0.,0.707106781187,0.707106781187));
#2620 = DIRECTION('',(0.,-0.707106781187,0.707106781187));
#2621 = ADVANCED_FACE('',(#2622),#2632,.T.);
#2622 = FACE_BOUND('',#2623,.T.);
#2623 = EDGE_LOOP('',(#2624,#2625,#2626,#2627,#2628,#2629,#2630,#2631));
#2624 = ORIENTED_EDGE('',*,*,#2395,.T.);
#2625 = ORIENTED_EDGE('',*,*,#2433,.T.);
#2626 = ORIENTED_EDGE('',*,*,#2464,.T.);
#2627 = ORIENTED_EDGE('',*,*,#2495,.T.);
#2628 = ORIENTED_EDGE('',*,*,#2526,.T.);
#2629 = ORIENTED_EDGE('',*,*,#2557,.T.);
#2630 = ORIENTED_EDGE('',*,*,#2588,.T.);
#2631 = ORIENTED_EDGE('',*,*,#2610,.T.);
#2632 = PLANE('',#2633);
#2633 = AXIS2_PLACEMENT_3D('',#2634,#2635,#2636);
#2634 = CARTESIAN_POINT('',(-5.3,0.,0.));
#2635 = DIRECTION('',(1.,0.,-0.));
#2636 = DIRECTION('',(0.,0.,1.));
#2637 = ADVANCED_FACE('',(#2638),#2648,.T.);
#2638 = FACE_BOUND('',#2639,.T.);
#2639 = EDGE_LOOP('',(#2640,#2641,#2642,#2643,#2644,#2645,#2646,#2647));
#2640 = ORIENTED_EDGE('',*,*,#2603,.F.);
#2641 = ORIENTED_EDGE('',*,*,#2572,.F.);
#2642 = ORIENTED_EDGE('',*,*,#2541,.F.);
#2643 = ORIENTED_EDGE('',*,*,#2510,.F.);
#2644 = ORIENTED_EDGE('',*,*,#2479,.F.);
#2645 = ORIENTED_EDGE('',*,*,#2448,.F.);
#2646 = ORIENTED_EDGE('',*,*,#2417,.F.);
#2647 = ORIENTED_EDGE('',*,*,#2377,.F.);
#2648 = PLANE('',#2649);
#2649 = AXIS2_PLACEMENT_3D('',#2650,#2651,#2652);
#2650 = CARTESIAN_POINT('',(-5.75,2.25,1.1));
#2651 = DIRECTION('',(-1.,0.,0.));
#2652 = DIRECTION('',(0.,0.,-1.));
#2653 = MANIFOLD_SOLID_BREP('',#2654);
#2654 = CLOSED_SHELL('',(#2655,#2791,#2831,#2871,#2911,#2949,#2987,#3027
    ,#3083,#3113,#3153,#3243,#3274,#3453,#3478,#3502,#3534,#3670,#3717,
    #3773,#3803,#3843,#3983,#4000,#4107,#4138,#4193,#4240,#4286,#4303,
    #4317,#4341,#4359,#4390,#4421,#4442,#4459,#4476,#4493,#4505,#4539,
    #4665,#4689,#4711,#4723,#4740,#4757,#4774,#4791,#4808,#4825,#4837,
    #4902,#4919,#4944,#4968,#4993,#5040,#5052,#5083,#5138,#5185,#5231,
    #5248,#5262,#5286,#5304,#5335,#5366,#5387,#5404,#5421,#5438,#5450,
    #5470,#5482,#5499,#5516,#5533,#5550,#5567,#5584,#5596,#5613,#5639,
    #5670,#5682,#5694,#5706,#5723,#5749,#5780,#5792,#5809,#5835,#5866,
    #5878,#5890,#5902,#5914));
#2655 = ADVANCED_FACE('',(#2656),#2786,.F.);
#2656 = FACE_BOUND('',#2657,.T.);
#2657 = EDGE_LOOP('',(#2658,#2668,#2676,#2684,#2692,#2700,#2708,#2716,
    #2724,#2732,#2740,#2748,#2756,#2764,#2772,#2780));
#2658 = ORIENTED_EDGE('',*,*,#2659,.F.);
#2659 = EDGE_CURVE('',#2660,#2662,#2664,.T.);
#2660 = VERTEX_POINT('',#2661);
#2661 = CARTESIAN_POINT('',(0.32,4.12,-2.));
#2662 = VERTEX_POINT('',#2663);
#2663 = CARTESIAN_POINT('',(0.32,4.625,-2.));
#2664 = LINE('',#2665,#2666);
#2665 = CARTESIAN_POINT('',(0.32,0.125,-2.));
#2666 = VECTOR('',#2667,1.);
#2667 = DIRECTION('',(-0.,1.,-0.));
#2668 = ORIENTED_EDGE('',*,*,#2669,.T.);
#2669 = EDGE_CURVE('',#2660,#2670,#2672,.T.);
#2670 = VERTEX_POINT('',#2671);
#2671 = CARTESIAN_POINT('',(-0.32,4.12,-2.));
#2672 = LINE('',#2673,#2674);
#2673 = CARTESIAN_POINT('',(16.11055906123,4.12,-2.));
#2674 = VECTOR('',#2675,1.);
#2675 = DIRECTION('',(-1.,0.,0.));
#2676 = ORIENTED_EDGE('',*,*,#2677,.T.);
#2677 = EDGE_CURVE('',#2670,#2678,#2680,.T.);
#2678 = VERTEX_POINT('',#2679);
#2679 = CARTESIAN_POINT('',(-0.32,4.625,-2.));
#2680 = LINE('',#2681,#2682);
#2681 = CARTESIAN_POINT('',(-0.32,0.125,-2.));
#2682 = VECTOR('',#2683,1.);
#2683 = DIRECTION('',(-0.,1.,-0.));
#2684 = ORIENTED_EDGE('',*,*,#2685,.T.);
#2685 = EDGE_CURVE('',#2678,#2686,#2688,.T.);
#2686 = VERTEX_POINT('',#2687);
#2687 = CARTESIAN_POINT('',(-2.18,4.625,-2.));
#2688 = LINE('',#2689,#2690);
#2689 = CARTESIAN_POINT('',(16.11055906123,4.625,-2.));
#2690 = VECTOR('',#2691,1.);
#2691 = DIRECTION('',(-1.,-0.,-0.));
#2692 = ORIENTED_EDGE('',*,*,#2693,.F.);
#2693 = EDGE_CURVE('',#2694,#2686,#2696,.T.);
#2694 = VERTEX_POINT('',#2695);
#2695 = CARTESIAN_POINT('',(-2.18,4.12,-2.));
#2696 = LINE('',#2697,#2698);
#2697 = CARTESIAN_POINT('',(-2.18,0.125,-2.));
#2698 = VECTOR('',#2699,1.);
#2699 = DIRECTION('',(-0.,1.,-0.));
#2700 = ORIENTED_EDGE('',*,*,#2701,.T.);
#2701 = EDGE_CURVE('',#2694,#2702,#2704,.T.);
#2702 = VERTEX_POINT('',#2703);
#2703 = CARTESIAN_POINT('',(-2.82,4.12,-2.));
#2704 = LINE('',#2705,#2706);
#2705 = CARTESIAN_POINT('',(16.11055906123,4.12,-2.));
#2706 = VECTOR('',#2707,1.);
#2707 = DIRECTION('',(-1.,0.,0.));
#2708 = ORIENTED_EDGE('',*,*,#2709,.T.);
#2709 = EDGE_CURVE('',#2702,#2710,#2712,.T.);
#2710 = VERTEX_POINT('',#2711);
#2711 = CARTESIAN_POINT('',(-2.82,4.625,-2.));
#2712 = LINE('',#2713,#2714);
#2713 = CARTESIAN_POINT('',(-2.82,0.125,-2.));
#2714 = VECTOR('',#2715,1.);
#2715 = DIRECTION('',(-0.,1.,-0.));
#2716 = ORIENTED_EDGE('',*,*,#2717,.T.);
#2717 = EDGE_CURVE('',#2710,#2718,#2720,.T.);
#2718 = VERTEX_POINT('',#2719);
#2719 = CARTESIAN_POINT('',(-5.025,4.625,-2.));
#2720 = LINE('',#2721,#2722);
#2721 = CARTESIAN_POINT('',(16.11055906123,4.625,-2.));
#2722 = VECTOR('',#2723,1.);
#2723 = DIRECTION('',(-1.,-0.,-0.));
#2724 = ORIENTED_EDGE('',*,*,#2725,.T.);
#2725 = EDGE_CURVE('',#2718,#2726,#2728,.T.);
#2726 = VERTEX_POINT('',#2727);
#2727 = CARTESIAN_POINT('',(-5.025,6.125,-2.));
#2728 = LINE('',#2729,#2730);
#2729 = CARTESIAN_POINT('',(-5.025,6.125,-2.));
#2730 = VECTOR('',#2731,1.);
#2731 = DIRECTION('',(0.,1.,0.));
#2732 = ORIENTED_EDGE('',*,*,#2733,.F.);
#2733 = EDGE_CURVE('',#2734,#2726,#2736,.T.);
#2734 = VERTEX_POINT('',#2735);
#2735 = CARTESIAN_POINT('',(5.025,6.125,-2.));
#2736 = LINE('',#2737,#2738);
#2737 = CARTESIAN_POINT('',(16.11055906123,6.125,-2.));
#2738 = VECTOR('',#2739,1.);
#2739 = DIRECTION('',(-1.,-0.,-0.));
#2740 = ORIENTED_EDGE('',*,*,#2741,.F.);
#2741 = EDGE_CURVE('',#2742,#2734,#2744,.T.);
#2742 = VERTEX_POINT('',#2743);
#2743 = CARTESIAN_POINT('',(5.025,4.625,-2.));
#2744 = LINE('',#2745,#2746);
#2745 = CARTESIAN_POINT('',(5.025,6.125,-2.));
#2746 = VECTOR('',#2747,1.);
#2747 = DIRECTION('',(0.,1.,-0.));
#2748 = ORIENTED_EDGE('',*,*,#2749,.T.);
#2749 = EDGE_CURVE('',#2742,#2750,#2752,.T.);
#2750 = VERTEX_POINT('',#2751);
#2751 = CARTESIAN_POINT('',(2.82,4.625,-2.));
#2752 = LINE('',#2753,#2754);
#2753 = CARTESIAN_POINT('',(16.11055906123,4.625,-2.));
#2754 = VECTOR('',#2755,1.);
#2755 = DIRECTION('',(-1.,-0.,-0.));
#2756 = ORIENTED_EDGE('',*,*,#2757,.F.);
#2757 = EDGE_CURVE('',#2758,#2750,#2760,.T.);
#2758 = VERTEX_POINT('',#2759);
#2759 = CARTESIAN_POINT('',(2.82,4.12,-2.));
#2760 = LINE('',#2761,#2762);
#2761 = CARTESIAN_POINT('',(2.82,0.,-2.));
#2762 = VECTOR('',#2763,1.);
#2763 = DIRECTION('',(-0.,1.,-0.));
#2764 = ORIENTED_EDGE('',*,*,#2765,.T.);
#2765 = EDGE_CURVE('',#2758,#2766,#2768,.T.);
#2766 = VERTEX_POINT('',#2767);
#2767 = CARTESIAN_POINT('',(2.18,4.12,-2.));
#2768 = LINE('',#2769,#2770);
#2769 = CARTESIAN_POINT('',(16.11055906123,4.12,-2.));
#2770 = VECTOR('',#2771,1.);
#2771 = DIRECTION('',(-1.,0.,0.));
#2772 = ORIENTED_EDGE('',*,*,#2773,.T.);
#2773 = EDGE_CURVE('',#2766,#2774,#2776,.T.);
#2774 = VERTEX_POINT('',#2775);
#2775 = CARTESIAN_POINT('',(2.18,4.625,-2.));
#2776 = LINE('',#2777,#2778);
#2777 = CARTESIAN_POINT('',(2.18,0.,-2.));
#2778 = VECTOR('',#2779,1.);
#2779 = DIRECTION('',(-0.,1.,-0.));
#2780 = ORIENTED_EDGE('',*,*,#2781,.T.);
#2781 = EDGE_CURVE('',#2774,#2662,#2782,.T.);
#2782 = LINE('',#2783,#2784);
#2783 = CARTESIAN_POINT('',(16.11055906123,4.625,-2.));
#2784 = VECTOR('',#2785,1.);
#2785 = DIRECTION('',(-1.,-0.,-0.));
#2786 = PLANE('',#2787);
#2787 = AXIS2_PLACEMENT_3D('',#2788,#2789,#2790);
#2788 = CARTESIAN_POINT('',(16.11055906123,6.125,-2.));
#2789 = DIRECTION('',(-0.,0.,1.));
#2790 = DIRECTION('',(1.,0.,0.));
#2791 = ADVANCED_FACE('',(#2792),#2826,.F.);
#2792 = FACE_BOUND('',#2793,.T.);
#2793 = EDGE_LOOP('',(#2794,#2804,#2812,#2820));
#2794 = ORIENTED_EDGE('',*,*,#2795,.T.);
#2795 = EDGE_CURVE('',#2796,#2798,#2800,.T.);
#2796 = VERTEX_POINT('',#2797);
#2797 = CARTESIAN_POINT('',(-0.32,0.41,-2.));
#2798 = VERTEX_POINT('',#2799);
#2799 = CARTESIAN_POINT('',(-0.32,3.48,-2.));
#2800 = LINE('',#2801,#2802);
#2801 = CARTESIAN_POINT('',(-0.32,0.125,-2.));
#2802 = VECTOR('',#2803,1.);
#2803 = DIRECTION('',(-0.,1.,-0.));
#2804 = ORIENTED_EDGE('',*,*,#2805,.T.);
#2805 = EDGE_CURVE('',#2798,#2806,#2808,.T.);
#2806 = VERTEX_POINT('',#2807);
#2807 = CARTESIAN_POINT('',(0.32,3.48,-2.));
#2808 = LINE('',#2809,#2810);
#2809 = CARTESIAN_POINT('',(16.11055906123,3.48,-2.));
#2810 = VECTOR('',#2811,1.);
#2811 = DIRECTION('',(1.,0.,0.));
#2812 = ORIENTED_EDGE('',*,*,#2813,.F.);
#2813 = EDGE_CURVE('',#2814,#2806,#2816,.T.);
#2814 = VERTEX_POINT('',#2815);
#2815 = CARTESIAN_POINT('',(0.32,0.41,-2.));
#2816 = LINE('',#2817,#2818);
#2817 = CARTESIAN_POINT('',(0.32,0.125,-2.));
#2818 = VECTOR('',#2819,1.);
#2819 = DIRECTION('',(-0.,1.,-0.));
#2820 = ORIENTED_EDGE('',*,*,#2821,.F.);
#2821 = EDGE_CURVE('',#2796,#2814,#2822,.T.);
#2822 = LINE('',#2823,#2824);
#2823 = CARTESIAN_POINT('',(0.,0.41,-2.));
#2824 = VECTOR('',#2825,1.);
#2825 = DIRECTION('',(1.,0.,-0.));
#2826 = PLANE('',#2827);
#2827 = AXIS2_PLACEMENT_3D('',#2828,#2829,#2830);
#2828 = CARTESIAN_POINT('',(16.11055906123,6.125,-2.));
#2829 = DIRECTION('',(-0.,0.,1.));
#2830 = DIRECTION('',(1.,0.,0.));
#2831 = ADVANCED_FACE('',(#2832),#2866,.F.);
#2832 = FACE_BOUND('',#2833,.T.);
#2833 = EDGE_LOOP('',(#2834,#2844,#2852,#2860));
#2834 = ORIENTED_EDGE('',*,*,#2835,.T.);
#2835 = EDGE_CURVE('',#2836,#2838,#2840,.T.);
#2836 = VERTEX_POINT('',#2837);
#2837 = CARTESIAN_POINT('',(1.98,0.41,-2.825));
#2838 = VERTEX_POINT('',#2839);
#2839 = CARTESIAN_POINT('',(0.52,0.41,-2.825));
#2840 = LINE('',#2841,#2842);
#2841 = CARTESIAN_POINT('',(0.,0.41,-2.825));
#2842 = VECTOR('',#2843,1.);
#2843 = DIRECTION('',(-1.,-0.,-0.));
#2844 = ORIENTED_EDGE('',*,*,#2845,.T.);
#2845 = EDGE_CURVE('',#2838,#2846,#2848,.T.);
#2846 = VERTEX_POINT('',#2847);
#2847 = CARTESIAN_POINT('',(0.52,4.099417034834,-2.825));
#2848 = LINE('',#2849,#2850);
#2849 = CARTESIAN_POINT('',(0.52,0.125,-2.825));
#2850 = VECTOR('',#2851,1.);
#2851 = DIRECTION('',(-0.,1.,-0.));
#2852 = ORIENTED_EDGE('',*,*,#2853,.F.);
#2853 = EDGE_CURVE('',#2854,#2846,#2856,.T.);
#2854 = VERTEX_POINT('',#2855);
#2855 = CARTESIAN_POINT('',(1.98,4.099417034834,-2.825));
#2856 = LINE('',#2857,#2858);
#2857 = CARTESIAN_POINT('',(16.11055906123,4.099417034834,-2.825));
#2858 = VECTOR('',#2859,1.);
#2859 = DIRECTION('',(-1.,-0.,-0.));
#2860 = ORIENTED_EDGE('',*,*,#2861,.F.);
#2861 = EDGE_CURVE('',#2836,#2854,#2862,.T.);
#2862 = LINE('',#2863,#2864);
#2863 = CARTESIAN_POINT('',(1.98,0.,-2.825));
#2864 = VECTOR('',#2865,1.);
#2865 = DIRECTION('',(-0.,1.,-0.));
#2866 = PLANE('',#2867);
#2867 = AXIS2_PLACEMENT_3D('',#2868,#2869,#2870);
#2868 = CARTESIAN_POINT('',(16.11055906123,4.099417034834,-2.825));
#2869 = DIRECTION('',(0.,-1.091181084404E-16,1.));
#2870 = DIRECTION('',(0.,-1.,-1.091181084404E-16));
#2871 = ADVANCED_FACE('',(#2872),#2906,.F.);
#2872 = FACE_BOUND('',#2873,.T.);
#2873 = EDGE_LOOP('',(#2874,#2884,#2892,#2900));
#2874 = ORIENTED_EDGE('',*,*,#2875,.F.);
#2875 = EDGE_CURVE('',#2876,#2878,#2880,.T.);
#2876 = VERTEX_POINT('',#2877);
#2877 = CARTESIAN_POINT('',(-0.52,4.099417034834,-2.825));
#2878 = VERTEX_POINT('',#2879);
#2879 = CARTESIAN_POINT('',(-1.98,4.099417034834,-2.825));
#2880 = LINE('',#2881,#2882);
#2881 = CARTESIAN_POINT('',(16.11055906123,4.099417034834,-2.825));
#2882 = VECTOR('',#2883,1.);
#2883 = DIRECTION('',(-1.,-0.,-0.));
#2884 = ORIENTED_EDGE('',*,*,#2885,.F.);
#2885 = EDGE_CURVE('',#2886,#2876,#2888,.T.);
#2886 = VERTEX_POINT('',#2887);
#2887 = CARTESIAN_POINT('',(-0.52,0.41,-2.825));
#2888 = LINE('',#2889,#2890);
#2889 = CARTESIAN_POINT('',(-0.52,0.125,-2.825));
#2890 = VECTOR('',#2891,1.);
#2891 = DIRECTION('',(-0.,1.,-0.));
#2892 = ORIENTED_EDGE('',*,*,#2893,.T.);
#2893 = EDGE_CURVE('',#2886,#2894,#2896,.T.);
#2894 = VERTEX_POINT('',#2895);
#2895 = CARTESIAN_POINT('',(-1.98,0.41,-2.825));
#2896 = LINE('',#2897,#2898);
#2897 = CARTESIAN_POINT('',(0.,0.41,-2.825));
#2898 = VECTOR('',#2899,1.);
#2899 = DIRECTION('',(-1.,-0.,-0.));
#2900 = ORIENTED_EDGE('',*,*,#2901,.T.);
#2901 = EDGE_CURVE('',#2894,#2878,#2902,.T.);
#2902 = LINE('',#2903,#2904);
#2903 = CARTESIAN_POINT('',(-1.98,0.125,-2.825));
#2904 = VECTOR('',#2905,1.);
#2905 = DIRECTION('',(-0.,1.,-0.));
#2906 = PLANE('',#2907);
#2907 = AXIS2_PLACEMENT_3D('',#2908,#2909,#2910);
#2908 = CARTESIAN_POINT('',(16.11055906123,4.099417034834,-2.825));
#2909 = DIRECTION('',(0.,-1.091181084404E-16,1.));
#2910 = DIRECTION('',(0.,-1.,-1.091181084404E-16));
#2911 = ADVANCED_FACE('',(#2912),#2944,.F.);
#2912 = FACE_BOUND('',#2913,.T.);
#2913 = EDGE_LOOP('',(#2914,#2915,#2923,#2929,#2930,#2938));
#2914 = ORIENTED_EDGE('',*,*,#2853,.T.);
#2915 = ORIENTED_EDGE('',*,*,#2916,.T.);
#2916 = EDGE_CURVE('',#2846,#2917,#2919,.T.);
#2917 = VERTEX_POINT('',#2918);
#2918 = CARTESIAN_POINT('',(0.32,4.226831086995,-2.625));
#2919 = LINE('',#2920,#2921);
#2920 = CARTESIAN_POINT('',(6.518160607257,0.278167292403,
    -8.823160607257));
#2921 = VECTOR('',#2922,1.);
#2922 = DIRECTION('',(-0.644710818692,0.41072608941,0.644710818692));
#2923 = ORIENTED_EDGE('',*,*,#2924,.T.);
#2924 = EDGE_CURVE('',#2917,#2662,#2925,.T.);
#2925 = LINE('',#2926,#2927);
#2926 = CARTESIAN_POINT('',(0.32,4.625,-2.));
#2927 = VECTOR('',#2928,1.);
#2928 = DIRECTION('',(5.852203761959E-16,0.537299608347,0.843391445813)
  );
#2929 = ORIENTED_EDGE('',*,*,#2781,.F.);
#2930 = ORIENTED_EDGE('',*,*,#2931,.T.);
#2931 = EDGE_CURVE('',#2774,#2932,#2934,.T.);
#2932 = VERTEX_POINT('',#2933);
#2933 = CARTESIAN_POINT('',(2.18,4.226831086995,-2.625));
#2934 = LINE('',#2935,#2936);
#2935 = CARTESIAN_POINT('',(2.18,4.625,-2.));
#2936 = VECTOR('',#2937,1.);
#2937 = DIRECTION('',(0.,-0.537299608347,-0.843391445813));
#2938 = ORIENTED_EDGE('',*,*,#2939,.T.);
#2939 = EDGE_CURVE('',#2932,#2854,#2940,.T.);
#2940 = LINE('',#2941,#2942);
#2941 = CARTESIAN_POINT('',(8.335482763669,8.148306096642,3.530482763669
    ));
#2942 = VECTOR('',#2943,1.);
#2943 = DIRECTION('',(-0.644710818692,-0.41072608941,-0.644710818692));
#2944 = PLANE('',#2945);
#2945 = AXIS2_PLACEMENT_3D('',#2946,#2947,#2948);
#2946 = CARTESIAN_POINT('',(16.11055906123,4.625,-2.));
#2947 = DIRECTION('',(0.,-0.843391445813,0.537299608347));
#2948 = DIRECTION('',(0.,-0.537299608347,-0.843391445813));
#2949 = ADVANCED_FACE('',(#2950),#2982,.F.);
#2950 = FACE_BOUND('',#2951,.T.);
#2951 = EDGE_LOOP('',(#2952,#2953,#2961,#2967,#2968,#2976));
#2952 = ORIENTED_EDGE('',*,*,#2685,.F.);
#2953 = ORIENTED_EDGE('',*,*,#2954,.T.);
#2954 = EDGE_CURVE('',#2678,#2955,#2957,.T.);
#2955 = VERTEX_POINT('',#2956);
#2956 = CARTESIAN_POINT('',(-0.32,4.226831086995,-2.625));
#2957 = LINE('',#2958,#2959);
#2958 = CARTESIAN_POINT('',(-0.32,4.625,-2.));
#2959 = VECTOR('',#2960,1.);
#2960 = DIRECTION('',(0.,-0.537299608347,-0.843391445813));
#2961 = ORIENTED_EDGE('',*,*,#2962,.T.);
#2962 = EDGE_CURVE('',#2955,#2876,#2963,.T.);
#2963 = LINE('',#2964,#2965);
#2964 = CARTESIAN_POINT('',(6.874612863017,8.810304980046,4.569612863016
    ));
#2965 = VECTOR('',#2966,1.);
#2966 = DIRECTION('',(-0.644710818692,-0.41072608941,-0.644710818692));
#2967 = ORIENTED_EDGE('',*,*,#2875,.T.);
#2968 = ORIENTED_EDGE('',*,*,#2969,.T.);
#2969 = EDGE_CURVE('',#2878,#2970,#2972,.T.);
#2970 = VERTEX_POINT('',#2971);
#2971 = CARTESIAN_POINT('',(-2.18,4.226831086995,-2.625));
#2972 = LINE('',#2973,#2974);
#2973 = CARTESIAN_POINT('',(5.057290706605,-0.383831591001,
    -9.862290706605));
#2974 = VECTOR('',#2975,1.);
#2975 = DIRECTION('',(-0.644710818692,0.41072608941,0.644710818692));
#2976 = ORIENTED_EDGE('',*,*,#2977,.T.);
#2977 = EDGE_CURVE('',#2970,#2686,#2978,.T.);
#2978 = LINE('',#2979,#2980);
#2979 = CARTESIAN_POINT('',(-2.18,4.625,-2.));
#2980 = VECTOR('',#2981,1.);
#2981 = DIRECTION('',(5.852203761959E-16,0.537299608347,0.843391445813)
  );
#2982 = PLANE('',#2983);
#2983 = AXIS2_PLACEMENT_3D('',#2984,#2985,#2986);
#2984 = CARTESIAN_POINT('',(16.11055906123,4.625,-2.));
#2985 = DIRECTION('',(0.,-0.843391445813,0.537299608347));
#2986 = DIRECTION('',(0.,-0.537299608347,-0.843391445813));
#2987 = ADVANCED_FACE('',(#2988),#3022,.F.);
#2988 = FACE_BOUND('',#2989,.T.);
#2989 = EDGE_LOOP('',(#2990,#3000,#3008,#3016));
#2990 = ORIENTED_EDGE('',*,*,#2991,.T.);
#2991 = EDGE_CURVE('',#2992,#2994,#2996,.T.);
#2992 = VERTEX_POINT('',#2993);
#2993 = CARTESIAN_POINT('',(-2.82,0.41,-2.));
#2994 = VERTEX_POINT('',#2995);
#2995 = CARTESIAN_POINT('',(-2.82,3.48,-2.));
#2996 = LINE('',#2997,#2998);
#2997 = CARTESIAN_POINT('',(-2.82,0.125,-2.));
#2998 = VECTOR('',#2999,1.);
#2999 = DIRECTION('',(-0.,1.,-0.));
#3000 = ORIENTED_EDGE('',*,*,#3001,.T.);
#3001 = EDGE_CURVE('',#2994,#3002,#3004,.T.);
#3002 = VERTEX_POINT('',#3003);
#3003 = CARTESIAN_POINT('',(-2.18,3.48,-2.));
#3004 = LINE('',#3005,#3006);
#3005 = CARTESIAN_POINT('',(16.11055906123,3.48,-2.));
#3006 = VECTOR('',#3007,1.);
#3007 = DIRECTION('',(1.,0.,0.));
#3008 = ORIENTED_EDGE('',*,*,#3009,.F.);
#3009 = EDGE_CURVE('',#3010,#3002,#3012,.T.);
#3010 = VERTEX_POINT('',#3011);
#3011 = CARTESIAN_POINT('',(-2.18,0.41,-2.));
#3012 = LINE('',#3013,#3014);
#3013 = CARTESIAN_POINT('',(-2.18,0.125,-2.));
#3014 = VECTOR('',#3015,1.);
#3015 = DIRECTION('',(-0.,1.,-0.));
#3016 = ORIENTED_EDGE('',*,*,#3017,.F.);
#3017 = EDGE_CURVE('',#2992,#3010,#3018,.T.);
#3018 = LINE('',#3019,#3020);
#3019 = CARTESIAN_POINT('',(0.,0.41,-2.));
#3020 = VECTOR('',#3021,1.);
#3021 = DIRECTION('',(1.,0.,-0.));
#3022 = PLANE('',#3023);
#3023 = AXIS2_PLACEMENT_3D('',#3024,#3025,#3026);
#3024 = CARTESIAN_POINT('',(16.11055906123,6.125,-2.));
#3025 = DIRECTION('',(-0.,0.,1.));
#3026 = DIRECTION('',(1.,0.,0.));
#3027 = ADVANCED_FACE('',(#3028),#3078,.F.);
#3028 = FACE_BOUND('',#3029,.T.);
#3029 = EDGE_LOOP('',(#3030,#3040,#3048,#3056,#3064,#3072));
#3030 = ORIENTED_EDGE('',*,*,#3031,.T.);
#3031 = EDGE_CURVE('',#3032,#3034,#3036,.T.);
#3032 = VERTEX_POINT('',#3033);
#3033 = CARTESIAN_POINT('',(3.875,0.41,-2.825));
#3034 = VERTEX_POINT('',#3035);
#3035 = CARTESIAN_POINT('',(3.02,0.41,-2.825));
#3036 = LINE('',#3037,#3038);
#3037 = CARTESIAN_POINT('',(0.,0.41,-2.825));
#3038 = VECTOR('',#3039,1.);
#3039 = DIRECTION('',(-1.,-0.,-0.));
#3040 = ORIENTED_EDGE('',*,*,#3041,.T.);
#3041 = EDGE_CURVE('',#3034,#3042,#3044,.T.);
#3042 = VERTEX_POINT('',#3043);
#3043 = CARTESIAN_POINT('',(3.02,4.099417034834,-2.825));
#3044 = LINE('',#3045,#3046);
#3045 = CARTESIAN_POINT('',(3.02,0.,-2.825));
#3046 = VECTOR('',#3047,1.);
#3047 = DIRECTION('',(-0.,1.,-0.));
#3048 = ORIENTED_EDGE('',*,*,#3049,.F.);
#3049 = EDGE_CURVE('',#3050,#3042,#3052,.T.);
#3050 = VERTEX_POINT('',#3051);
#3051 = CARTESIAN_POINT('',(5.025,4.099417034834,-2.825));
#3052 = LINE('',#3053,#3054);
#3053 = CARTESIAN_POINT('',(16.11055906123,4.099417034834,-2.825));
#3054 = VECTOR('',#3055,1.);
#3055 = DIRECTION('',(-1.,-0.,-0.));
#3056 = ORIENTED_EDGE('',*,*,#3057,.F.);
#3057 = EDGE_CURVE('',#3058,#3050,#3060,.T.);
#3058 = VERTEX_POINT('',#3059);
#3059 = CARTESIAN_POINT('',(5.025,0.125,-2.825));
#3060 = LINE('',#3061,#3062);
#3061 = CARTESIAN_POINT('',(5.025,4.099417034834,-2.825));
#3062 = VECTOR('',#3063,1.);
#3063 = DIRECTION('',(-0.,1.,1.091181084404E-16));
#3064 = ORIENTED_EDGE('',*,*,#3065,.T.);
#3065 = EDGE_CURVE('',#3058,#3066,#3068,.T.);
#3066 = VERTEX_POINT('',#3067);
#3067 = CARTESIAN_POINT('',(3.875,0.125,-2.825));
#3068 = LINE('',#3069,#3070);
#3069 = CARTESIAN_POINT('',(16.11055906123,0.125,-2.825));
#3070 = VECTOR('',#3071,1.);
#3071 = DIRECTION('',(-1.,-0.,-0.));
#3072 = ORIENTED_EDGE('',*,*,#3073,.T.);
#3073 = EDGE_CURVE('',#3066,#3032,#3074,.T.);
#3074 = LINE('',#3075,#3076);
#3075 = CARTESIAN_POINT('',(3.875,0.,-2.825));
#3076 = VECTOR('',#3077,1.);
#3077 = DIRECTION('',(0.,1.,0.));
#3078 = PLANE('',#3079);
#3079 = AXIS2_PLACEMENT_3D('',#3080,#3081,#3082);
#3080 = CARTESIAN_POINT('',(16.11055906123,4.099417034834,-2.825));
#3081 = DIRECTION('',(0.,-1.091181084404E-16,1.));
#3082 = DIRECTION('',(0.,-1.,-1.091181084404E-16));
#3083 = ADVANCED_FACE('',(#3084),#3108,.F.);
#3084 = FACE_BOUND('',#3085,.T.);
#3085 = EDGE_LOOP('',(#3086,#3087,#3095,#3101,#3102));
#3086 = ORIENTED_EDGE('',*,*,#3049,.T.);
#3087 = ORIENTED_EDGE('',*,*,#3088,.T.);
#3088 = EDGE_CURVE('',#3042,#3089,#3091,.T.);
#3089 = VERTEX_POINT('',#3090);
#3090 = CARTESIAN_POINT('',(2.82,4.226831086995,-2.625));
#3091 = LINE('',#3092,#3093);
#3092 = CARTESIAN_POINT('',(7.97903050791,0.940166175808,-7.78403050791)
  );
#3093 = VECTOR('',#3094,1.);
#3094 = DIRECTION('',(-0.644710818692,0.41072608941,0.644710818692));
#3095 = ORIENTED_EDGE('',*,*,#3096,.T.);
#3096 = EDGE_CURVE('',#3089,#2750,#3097,.T.);
#3097 = LINE('',#3098,#3099);
#3098 = CARTESIAN_POINT('',(2.82,4.625,-2.));
#3099 = VECTOR('',#3100,1.);
#3100 = DIRECTION('',(5.852203761959E-16,0.537299608347,0.843391445813)
  );
#3101 = ORIENTED_EDGE('',*,*,#2749,.F.);
#3102 = ORIENTED_EDGE('',*,*,#3103,.F.);
#3103 = EDGE_CURVE('',#3050,#2742,#3104,.T.);
#3104 = LINE('',#3105,#3106);
#3105 = CARTESIAN_POINT('',(5.025,4.625,-2.));
#3106 = VECTOR('',#3107,1.);
#3107 = DIRECTION('',(-0.,0.537299608347,0.843391445813));
#3108 = PLANE('',#3109);
#3109 = AXIS2_PLACEMENT_3D('',#3110,#3111,#3112);
#3110 = CARTESIAN_POINT('',(16.11055906123,4.625,-2.));
#3111 = DIRECTION('',(0.,-0.843391445813,0.537299608347));
#3112 = DIRECTION('',(0.,-0.537299608347,-0.843391445813));
#3113 = ADVANCED_FACE('',(#3114),#3148,.F.);
#3114 = FACE_BOUND('',#3115,.T.);
#3115 = EDGE_LOOP('',(#3116,#3126,#3134,#3142));
#3116 = ORIENTED_EDGE('',*,*,#3117,.F.);
#3117 = EDGE_CURVE('',#3118,#3120,#3122,.T.);
#3118 = VERTEX_POINT('',#3119);
#3119 = CARTESIAN_POINT('',(1.55,5.325,5.));
#3120 = VERTEX_POINT('',#3121);
#3121 = CARTESIAN_POINT('',(-1.55,5.325,5.));
#3122 = LINE('',#3123,#3124);
#3123 = CARTESIAN_POINT('',(16.11055906123,5.325,5.));
#3124 = VECTOR('',#3125,1.);
#3125 = DIRECTION('',(-1.,-0.,-0.));
#3126 = ORIENTED_EDGE('',*,*,#3127,.T.);
#3127 = EDGE_CURVE('',#3118,#3128,#3130,.T.);
#3128 = VERTEX_POINT('',#3129);
#3129 = CARTESIAN_POINT('',(1.55,6.125,5.));
#3130 = LINE('',#3131,#3132);
#3131 = CARTESIAN_POINT('',(1.55,3.531900772835E-02,5.));
#3132 = VECTOR('',#3133,1.);
#3133 = DIRECTION('',(-0.,1.,-0.));
#3134 = ORIENTED_EDGE('',*,*,#3135,.T.);
#3135 = EDGE_CURVE('',#3128,#3136,#3138,.T.);
#3136 = VERTEX_POINT('',#3137);
#3137 = CARTESIAN_POINT('',(-1.55,6.125,5.));
#3138 = LINE('',#3139,#3140);
#3139 = CARTESIAN_POINT('',(16.11055906123,6.125,5.));
#3140 = VECTOR('',#3141,1.);
#3141 = DIRECTION('',(-1.,-0.,-0.));
#3142 = ORIENTED_EDGE('',*,*,#3143,.F.);
#3143 = EDGE_CURVE('',#3120,#3136,#3144,.T.);
#3144 = LINE('',#3145,#3146);
#3145 = CARTESIAN_POINT('',(-1.55,3.531900772835E-02,5.));
#3146 = VECTOR('',#3147,1.);
#3147 = DIRECTION('',(0.,1.,0.));
#3148 = PLANE('',#3149);
#3149 = AXIS2_PLACEMENT_3D('',#3150,#3151,#3152);
#3150 = CARTESIAN_POINT('',(16.11055906123,5.325,5.));
#3151 = DIRECTION('',(0.,-1.084202172486E-15,-1.));
#3152 = DIRECTION('',(0.,1.,-1.084202172486E-15));
#3153 = ADVANCED_FACE('',(#3154),#3238,.T.);
#3154 = FACE_BOUND('',#3155,.T.);
#3155 = EDGE_LOOP('',(#3156,#3166,#3174,#3182,#3188,#3189,#3190,#3191,
    #3199,#3207,#3215,#3224,#3232));
#3156 = ORIENTED_EDGE('',*,*,#3157,.T.);
#3157 = EDGE_CURVE('',#3158,#3160,#3162,.T.);
#3158 = VERTEX_POINT('',#3159);
#3159 = CARTESIAN_POINT('',(5.025,4.325,5.));
#3160 = VERTEX_POINT('',#3161);
#3161 = CARTESIAN_POINT('',(5.025,2.975,5.));
#3162 = LINE('',#3163,#3164);
#3163 = CARTESIAN_POINT('',(5.025,0.125,5.));
#3164 = VECTOR('',#3165,1.);
#3165 = DIRECTION('',(0.,-1.,0.));
#3166 = ORIENTED_EDGE('',*,*,#3167,.T.);
#3167 = EDGE_CURVE('',#3160,#3168,#3170,.T.);
#3168 = VERTEX_POINT('',#3169);
#3169 = CARTESIAN_POINT('',(5.025,2.975,-0.5));
#3170 = LINE('',#3171,#3172);
#3171 = CARTESIAN_POINT('',(5.025,2.975,5.));
#3172 = VECTOR('',#3173,1.);
#3173 = DIRECTION('',(0.,1.232047923279E-16,-1.));
#3174 = ORIENTED_EDGE('',*,*,#3175,.T.);
#3175 = EDGE_CURVE('',#3168,#3176,#3178,.T.);
#3176 = VERTEX_POINT('',#3177);
#3177 = CARTESIAN_POINT('',(5.025,0.125,-0.5));
#3178 = LINE('',#3179,#3180);
#3179 = CARTESIAN_POINT('',(5.025,2.975,-0.5));
#3180 = VECTOR('',#3181,1.);
#3181 = DIRECTION('',(0.,-1.,-1.247005693594E-16));
#3182 = ORIENTED_EDGE('',*,*,#3183,.T.);
#3183 = EDGE_CURVE('',#3176,#3058,#3184,.T.);
#3184 = LINE('',#3185,#3186);
#3185 = CARTESIAN_POINT('',(5.025,0.125,-2.825));
#3186 = VECTOR('',#3187,1.);
#3187 = DIRECTION('',(0.,1.247005693594E-16,-1.));
#3188 = ORIENTED_EDGE('',*,*,#3057,.T.);
#3189 = ORIENTED_EDGE('',*,*,#3103,.T.);
#3190 = ORIENTED_EDGE('',*,*,#2741,.T.);
#3191 = ORIENTED_EDGE('',*,*,#3192,.T.);
#3192 = EDGE_CURVE('',#2734,#3193,#3195,.T.);
#3193 = VERTEX_POINT('',#3194);
#3194 = CARTESIAN_POINT('',(5.025,6.125,5.));
#3195 = LINE('',#3196,#3197);
#3196 = CARTESIAN_POINT('',(5.025,6.125,5.));
#3197 = VECTOR('',#3198,1.);
#3198 = DIRECTION('',(-0.,0.,1.));
#3199 = ORIENTED_EDGE('',*,*,#3200,.T.);
#3200 = EDGE_CURVE('',#3193,#3201,#3203,.T.);
#3201 = VERTEX_POINT('',#3202);
#3202 = CARTESIAN_POINT('',(5.025,5.325,5.));
#3203 = LINE('',#3204,#3205);
#3204 = CARTESIAN_POINT('',(5.025,5.325,5.));
#3205 = VECTOR('',#3206,1.);
#3206 = DIRECTION('',(0.,-1.,1.084202172486E-15));
#3207 = ORIENTED_EDGE('',*,*,#3208,.T.);
#3208 = EDGE_CURVE('',#3201,#3209,#3211,.T.);
#3209 = VERTEX_POINT('',#3210);
#3210 = CARTESIAN_POINT('',(5.025,5.325,2.7));
#3211 = LINE('',#3212,#3213);
#3212 = CARTESIAN_POINT('',(5.025,5.325,2.7));
#3213 = VECTOR('',#3214,1.);
#3214 = DIRECTION('',(0.,3.771137991254E-16,-1.));
#3215 = ORIENTED_EDGE('',*,*,#3216,.T.);
#3216 = EDGE_CURVE('',#3209,#3217,#3219,.T.);
#3217 = VERTEX_POINT('',#3218);
#3218 = CARTESIAN_POINT('',(5.025,4.625,2.));
#3219 = CIRCLE('',#3220,0.7);
#3220 = AXIS2_PLACEMENT_3D('',#3221,#3222,#3223);
#3221 = CARTESIAN_POINT('',(5.025,4.625,2.7));
#3222 = DIRECTION('',(-1.,-0.,-0.));
#3223 = DIRECTION('',(0.,0.,-1.));
#3224 = ORIENTED_EDGE('',*,*,#3225,.T.);
#3225 = EDGE_CURVE('',#3217,#3226,#3228,.T.);
#3226 = VERTEX_POINT('',#3227);
#3227 = CARTESIAN_POINT('',(5.025,4.325,2.));
#3228 = LINE('',#3229,#3230);
#3229 = CARTESIAN_POINT('',(5.025,4.325,2.));
#3230 = VECTOR('',#3231,1.);
#3231 = DIRECTION('',(0.,-1.,0.));
#3232 = ORIENTED_EDGE('',*,*,#3233,.T.);
#3233 = EDGE_CURVE('',#3226,#3158,#3234,.T.);
#3234 = LINE('',#3235,#3236);
#3235 = CARTESIAN_POINT('',(5.025,4.325,5.));
#3236 = VECTOR('',#3237,1.);
#3237 = DIRECTION('',(-0.,0.,1.));
#3238 = PLANE('',#3239);
#3239 = AXIS2_PLACEMENT_3D('',#3240,#3241,#3242);
#3240 = CARTESIAN_POINT('',(5.025,0.,0.));
#3241 = DIRECTION('',(1.,0.,0.));
#3242 = DIRECTION('',(0.,0.,-1.));
#3243 = ADVANCED_FACE('',(#3244),#3269,.F.);
#3244 = FACE_BOUND('',#3245,.T.);
#3245 = EDGE_LOOP('',(#3246,#3254,#3262,#3268));
#3246 = ORIENTED_EDGE('',*,*,#3247,.T.);
#3247 = EDGE_CURVE('',#3193,#3248,#3250,.T.);
#3248 = VERTEX_POINT('',#3249);
#3249 = CARTESIAN_POINT('',(3.415,6.125,5.));
#3250 = LINE('',#3251,#3252);
#3251 = CARTESIAN_POINT('',(16.11055906123,6.125,5.));
#3252 = VECTOR('',#3253,1.);
#3253 = DIRECTION('',(-1.,-0.,-0.));
#3254 = ORIENTED_EDGE('',*,*,#3255,.F.);
#3255 = EDGE_CURVE('',#3256,#3248,#3258,.T.);
#3256 = VERTEX_POINT('',#3257);
#3257 = CARTESIAN_POINT('',(3.415,5.325,5.));
#3258 = LINE('',#3259,#3260);
#3259 = CARTESIAN_POINT('',(3.415,3.531900772835E-02,5.));
#3260 = VECTOR('',#3261,1.);
#3261 = DIRECTION('',(-0.,1.,-0.));
#3262 = ORIENTED_EDGE('',*,*,#3263,.F.);
#3263 = EDGE_CURVE('',#3201,#3256,#3264,.T.);
#3264 = LINE('',#3265,#3266);
#3265 = CARTESIAN_POINT('',(16.11055906123,5.325,5.));
#3266 = VECTOR('',#3267,1.);
#3267 = DIRECTION('',(-1.,-0.,-0.));
#3268 = ORIENTED_EDGE('',*,*,#3200,.F.);
#3269 = PLANE('',#3270);
#3270 = AXIS2_PLACEMENT_3D('',#3271,#3272,#3273);
#3271 = CARTESIAN_POINT('',(16.11055906123,5.325,5.));
#3272 = DIRECTION('',(0.,-1.084202172486E-15,-1.));
#3273 = DIRECTION('',(0.,1.,-1.084202172486E-15));
#3274 = ADVANCED_FACE('',(#3275),#3448,.F.);
#3275 = FACE_BOUND('',#3276,.T.);
#3276 = EDGE_LOOP('',(#3277,#3288,#3294,#3295,#3303,#3312,#3321,#3329,
    #3337,#3345,#3353,#3361,#3369,#3377,#3385,#3393,#3401,#3407,#3408,
    #3409,#3417,#3425,#3433,#3441));
#3277 = ORIENTED_EDGE('',*,*,#3278,.F.);
#3278 = EDGE_CURVE('',#3279,#3281,#3283,.T.);
#3279 = VERTEX_POINT('',#3280);
#3280 = CARTESIAN_POINT('',(1.55,5.325,0.35));
#3281 = VERTEX_POINT('',#3282);
#3282 = CARTESIAN_POINT('',(2.055555555556,5.325,0.131489328452));
#3283 = CIRCLE('',#3284,0.3);
#3284 = AXIS2_PLACEMENT_3D('',#3285,#3286,#3287);
#3285 = CARTESIAN_POINT('',(1.85,5.325,0.35));
#3286 = DIRECTION('',(0.,-1.,-3.771137991254E-16));
#3287 = DIRECTION('',(7.228014483237E-16,-3.771137991254E-16,1.));
#3288 = ORIENTED_EDGE('',*,*,#3289,.F.);
#3289 = EDGE_CURVE('',#3118,#3279,#3290,.T.);
#3290 = LINE('',#3291,#3292);
#3291 = CARTESIAN_POINT('',(1.55,5.325,5.));
#3292 = VECTOR('',#3293,1.);
#3293 = DIRECTION('',(0.,3.771137991254E-16,-1.));
#3294 = ORIENTED_EDGE('',*,*,#3117,.T.);
#3295 = ORIENTED_EDGE('',*,*,#3296,.T.);
#3296 = EDGE_CURVE('',#3120,#3297,#3299,.T.);
#3297 = VERTEX_POINT('',#3298);
#3298 = CARTESIAN_POINT('',(-1.55,5.325,0.35));
#3299 = LINE('',#3300,#3301);
#3300 = CARTESIAN_POINT('',(-1.55,5.325,5.));
#3301 = VECTOR('',#3302,1.);
#3302 = DIRECTION('',(0.,3.771137991254E-16,-1.));
#3303 = ORIENTED_EDGE('',*,*,#3304,.T.);
#3304 = EDGE_CURVE('',#3297,#3305,#3307,.T.);
#3305 = VERTEX_POINT('',#3306);
#3306 = CARTESIAN_POINT('',(-2.055555555556,5.325,0.131489328452));
#3307 = CIRCLE('',#3308,0.3);
#3308 = AXIS2_PLACEMENT_3D('',#3309,#3310,#3311);
#3309 = CARTESIAN_POINT('',(-1.85,5.325,0.35));
#3310 = DIRECTION('',(0.,1.,3.771137991254E-16));
#3311 = DIRECTION('',(-7.228014483237E-16,-3.771137991254E-16,1.));
#3312 = ORIENTED_EDGE('',*,*,#3313,.T.);
#3313 = EDGE_CURVE('',#3305,#3314,#3316,.T.);
#3314 = VERTEX_POINT('',#3315);
#3315 = CARTESIAN_POINT('',(-3.,5.325,2.31659604393));
#3316 = CIRCLE('',#3317,3.);
#3317 = AXIS2_PLACEMENT_3D('',#3318,#3319,#3320);
#3318 = CARTESIAN_POINT('',(2.602085213965E-15,5.325,2.31659604393));
#3319 = DIRECTION('',(0.,1.,3.771137991254E-16));
#3320 = DIRECTION('',(0.,-3.771137991254E-16,1.));
#3321 = ORIENTED_EDGE('',*,*,#3322,.T.);
#3322 = EDGE_CURVE('',#3314,#3323,#3325,.T.);
#3323 = VERTEX_POINT('',#3324);
#3324 = CARTESIAN_POINT('',(-3.,5.325,4.108963702892));
#3325 = LINE('',#3326,#3327);
#3326 = CARTESIAN_POINT('',(-3.,5.325,2.31659604393));
#3327 = VECTOR('',#3328,1.);
#3328 = DIRECTION('',(0.,-3.771137991254E-16,1.));
#3329 = ORIENTED_EDGE('',*,*,#3330,.T.);
#3330 = EDGE_CURVE('',#3323,#3331,#3333,.T.);
#3331 = VERTEX_POINT('',#3332);
#3332 = CARTESIAN_POINT('',(-2.825,5.325,4.21));
#3333 = LINE('',#3334,#3335);
#3334 = CARTESIAN_POINT('',(-3.,5.325,4.108963702892));
#3335 = VECTOR('',#3336,1.);
#3336 = DIRECTION('',(0.866025403784,-1.885568995627E-16,0.5));
#3337 = ORIENTED_EDGE('',*,*,#3338,.T.);
#3338 = EDGE_CURVE('',#3331,#3339,#3341,.T.);
#3339 = VERTEX_POINT('',#3340);
#3340 = CARTESIAN_POINT('',(-2.825,5.325,4.41));
#3341 = LINE('',#3342,#3343);
#3342 = CARTESIAN_POINT('',(-2.825,5.325,4.21));
#3343 = VECTOR('',#3344,1.);
#3344 = DIRECTION('',(-2.168404344971E-15,-3.771137991254E-16,1.));
#3345 = ORIENTED_EDGE('',*,*,#3346,.T.);
#3346 = EDGE_CURVE('',#3339,#3347,#3349,.T.);
#3347 = VERTEX_POINT('',#3348);
#3348 = CARTESIAN_POINT('',(-3.415,5.325,5.));
#3349 = LINE('',#3350,#3351);
#3350 = CARTESIAN_POINT('',(-2.825,5.325,4.41));
#3351 = VECTOR('',#3352,1.);
#3352 = DIRECTION('',(-0.707106781187,-2.666597246406E-16,0.707106781187
    ));
#3353 = ORIENTED_EDGE('',*,*,#3354,.F.);
#3354 = EDGE_CURVE('',#3355,#3347,#3357,.T.);
#3355 = VERTEX_POINT('',#3356);
#3356 = CARTESIAN_POINT('',(-5.025,5.325,5.));
#3357 = LINE('',#3358,#3359);
#3358 = CARTESIAN_POINT('',(-16.11055906123,5.325,5.));
#3359 = VECTOR('',#3360,1.);
#3360 = DIRECTION('',(1.,-0.,-0.));
#3361 = ORIENTED_EDGE('',*,*,#3362,.T.);
#3362 = EDGE_CURVE('',#3355,#3363,#3365,.T.);
#3363 = VERTEX_POINT('',#3364);
#3364 = CARTESIAN_POINT('',(-5.025,5.325,2.7));
#3365 = LINE('',#3366,#3367);
#3366 = CARTESIAN_POINT('',(-5.025,5.325,2.7));
#3367 = VECTOR('',#3368,1.);
#3368 = DIRECTION('',(0.,3.771137991254E-16,-1.));
#3369 = ORIENTED_EDGE('',*,*,#3370,.T.);
#3370 = EDGE_CURVE('',#3363,#3371,#3373,.T.);
#3371 = VERTEX_POINT('',#3372);
#3372 = CARTESIAN_POINT('',(-4.275,5.325,2.7));
#3373 = LINE('',#3374,#3375);
#3374 = CARTESIAN_POINT('',(-16.11055906123,5.325,2.7));
#3375 = VECTOR('',#3376,1.);
#3376 = DIRECTION('',(1.,-0.,-0.));
#3377 = ORIENTED_EDGE('',*,*,#3378,.F.);
#3378 = EDGE_CURVE('',#3379,#3371,#3381,.T.);
#3379 = VERTEX_POINT('',#3380);
#3380 = CARTESIAN_POINT('',(-4.275,5.325,-0.5));
#3381 = LINE('',#3382,#3383);
#3382 = CARTESIAN_POINT('',(-4.275,5.325,-6.423311995835));
#3383 = VECTOR('',#3384,1.);
#3384 = DIRECTION('',(0.,0.,1.));
#3385 = ORIENTED_EDGE('',*,*,#3386,.F.);
#3386 = EDGE_CURVE('',#3387,#3379,#3389,.T.);
#3387 = VERTEX_POINT('',#3388);
#3388 = CARTESIAN_POINT('',(4.275,5.325,-0.5));
#3389 = LINE('',#3390,#3391);
#3390 = CARTESIAN_POINT('',(0.,5.325,-0.5));
#3391 = VECTOR('',#3392,1.);
#3392 = DIRECTION('',(-1.,0.,0.));
#3393 = ORIENTED_EDGE('',*,*,#3394,.T.);
#3394 = EDGE_CURVE('',#3387,#3395,#3397,.T.);
#3395 = VERTEX_POINT('',#3396);
#3396 = CARTESIAN_POINT('',(4.275,5.325,2.7));
#3397 = LINE('',#3398,#3399);
#3398 = CARTESIAN_POINT('',(4.275,5.325,-6.423311995835));
#3399 = VECTOR('',#3400,1.);
#3400 = DIRECTION('',(-0.,-0.,1.));
#3401 = ORIENTED_EDGE('',*,*,#3402,.F.);
#3402 = EDGE_CURVE('',#3209,#3395,#3403,.T.);
#3403 = LINE('',#3404,#3405);
#3404 = CARTESIAN_POINT('',(16.11055906123,5.325,2.7));
#3405 = VECTOR('',#3406,1.);
#3406 = DIRECTION('',(-1.,-0.,-0.));
#3407 = ORIENTED_EDGE('',*,*,#3208,.F.);
#3408 = ORIENTED_EDGE('',*,*,#3263,.T.);
#3409 = ORIENTED_EDGE('',*,*,#3410,.F.);
#3410 = EDGE_CURVE('',#3411,#3256,#3413,.T.);
#3411 = VERTEX_POINT('',#3412);
#3412 = CARTESIAN_POINT('',(2.825,5.325,4.41));
#3413 = LINE('',#3414,#3415);
#3414 = CARTESIAN_POINT('',(2.825,5.325,4.41));
#3415 = VECTOR('',#3416,1.);
#3416 = DIRECTION('',(0.707106781187,-2.666597246406E-16,0.707106781187)
  );
#3417 = ORIENTED_EDGE('',*,*,#3418,.F.);
#3418 = EDGE_CURVE('',#3419,#3411,#3421,.T.);
#3419 = VERTEX_POINT('',#3420);
#3420 = CARTESIAN_POINT('',(2.825,5.325,4.21));
#3421 = LINE('',#3422,#3423);
#3422 = CARTESIAN_POINT('',(2.825,5.325,4.21));
#3423 = VECTOR('',#3424,1.);
#3424 = DIRECTION('',(2.168404344971E-15,-3.771137991254E-16,1.));
#3425 = ORIENTED_EDGE('',*,*,#3426,.F.);
#3426 = EDGE_CURVE('',#3427,#3419,#3429,.T.);
#3427 = VERTEX_POINT('',#3428);
#3428 = CARTESIAN_POINT('',(3.,5.325,4.108963702892));
#3429 = LINE('',#3430,#3431);
#3430 = CARTESIAN_POINT('',(3.,5.325,4.108963702892));
#3431 = VECTOR('',#3432,1.);
#3432 = DIRECTION('',(-0.866025403784,-1.885568995627E-16,0.5));
#3433 = ORIENTED_EDGE('',*,*,#3434,.F.);
#3434 = EDGE_CURVE('',#3435,#3427,#3437,.T.);
#3435 = VERTEX_POINT('',#3436);
#3436 = CARTESIAN_POINT('',(3.,5.325,2.31659604393));
#3437 = LINE('',#3438,#3439);
#3438 = CARTESIAN_POINT('',(3.,5.325,2.31659604393));
#3439 = VECTOR('',#3440,1.);
#3440 = DIRECTION('',(0.,-3.771137991254E-16,1.));
#3441 = ORIENTED_EDGE('',*,*,#3442,.F.);
#3442 = EDGE_CURVE('',#3281,#3435,#3443,.T.);
#3443 = CIRCLE('',#3444,3.);
#3444 = AXIS2_PLACEMENT_3D('',#3445,#3446,#3447);
#3445 = CARTESIAN_POINT('',(-2.602085213965E-15,5.325,2.31659604393));
#3446 = DIRECTION('',(0.,-1.,-3.771137991254E-16));
#3447 = DIRECTION('',(0.,-3.771137991254E-16,1.));
#3448 = PLANE('',#3449);
#3449 = AXIS2_PLACEMENT_3D('',#3450,#3451,#3452);
#3450 = CARTESIAN_POINT('',(16.11055906123,5.325,2.7));
#3451 = DIRECTION('',(-0.,1.,3.771137991254E-16));
#3452 = DIRECTION('',(0.,-3.771137991254E-16,1.));
#3453 = ADVANCED_FACE('',(#3454),#3473,.F.);
#3454 = FACE_BOUND('',#3455,.F.);
#3455 = EDGE_LOOP('',(#3456,#3457,#3465,#3472));
#3456 = ORIENTED_EDGE('',*,*,#3216,.T.);
#3457 = ORIENTED_EDGE('',*,*,#3458,.T.);
#3458 = EDGE_CURVE('',#3217,#3459,#3461,.T.);
#3459 = VERTEX_POINT('',#3460);
#3460 = CARTESIAN_POINT('',(4.275,4.625,2.));
#3461 = LINE('',#3462,#3463);
#3462 = CARTESIAN_POINT('',(16.11055906123,4.625,2.));
#3463 = VECTOR('',#3464,1.);
#3464 = DIRECTION('',(-1.,-0.,-0.));
#3465 = ORIENTED_EDGE('',*,*,#3466,.F.);
#3466 = EDGE_CURVE('',#3395,#3459,#3467,.T.);
#3467 = CIRCLE('',#3468,0.7);
#3468 = AXIS2_PLACEMENT_3D('',#3469,#3470,#3471);
#3469 = CARTESIAN_POINT('',(4.275,4.625,2.7));
#3470 = DIRECTION('',(-1.,-2.115516434118E-16,-0.));
#3471 = DIRECTION('',(-2.115516434118E-16,1.,0.));
#3472 = ORIENTED_EDGE('',*,*,#3402,.F.);
#3473 = CYLINDRICAL_SURFACE('',#3474,0.7);
#3474 = AXIS2_PLACEMENT_3D('',#3475,#3476,#3477);
#3475 = CARTESIAN_POINT('',(16.11055906123,4.625,2.7));
#3476 = DIRECTION('',(-1.,-0.,-0.));
#3477 = DIRECTION('',(-0.,0.,1.));
#3478 = ADVANCED_FACE('',(#3479),#3497,.F.);
#3479 = FACE_BOUND('',#3480,.T.);
#3480 = EDGE_LOOP('',(#3481,#3482,#3490,#3496));
#3481 = ORIENTED_EDGE('',*,*,#3458,.T.);
#3482 = ORIENTED_EDGE('',*,*,#3483,.T.);
#3483 = EDGE_CURVE('',#3459,#3484,#3486,.T.);
#3484 = VERTEX_POINT('',#3485);
#3485 = CARTESIAN_POINT('',(4.275,4.325,2.));
#3486 = LINE('',#3487,#3488);
#3487 = CARTESIAN_POINT('',(4.275,4.325,2.));
#3488 = VECTOR('',#3489,1.);
#3489 = DIRECTION('',(2.115516434118E-16,-1.,0.));
#3490 = ORIENTED_EDGE('',*,*,#3491,.F.);
#3491 = EDGE_CURVE('',#3226,#3484,#3492,.T.);
#3492 = LINE('',#3493,#3494);
#3493 = CARTESIAN_POINT('',(16.11055906123,4.325,2.));
#3494 = VECTOR('',#3495,1.);
#3495 = DIRECTION('',(-1.,-0.,-0.));
#3496 = ORIENTED_EDGE('',*,*,#3225,.F.);
#3497 = PLANE('',#3498);
#3498 = AXIS2_PLACEMENT_3D('',#3499,#3500,#3501);
#3499 = CARTESIAN_POINT('',(16.11055906123,4.325,2.));
#3500 = DIRECTION('',(0.,0.,-1.));
#3501 = DIRECTION('',(-1.,0.,-0.));
#3502 = ADVANCED_FACE('',(#3503),#3529,.F.);
#3503 = FACE_BOUND('',#3504,.T.);
#3504 = EDGE_LOOP('',(#3505,#3513,#3521,#3527,#3528));
#3505 = ORIENTED_EDGE('',*,*,#3506,.T.);
#3506 = EDGE_CURVE('',#3484,#3507,#3509,.T.);
#3507 = VERTEX_POINT('',#3508);
#3508 = CARTESIAN_POINT('',(4.275,4.325,4.75));
#3509 = LINE('',#3510,#3511);
#3510 = CARTESIAN_POINT('',(4.275,4.325,5.));
#3511 = VECTOR('',#3512,1.);
#3512 = DIRECTION('',(-0.,0.,1.));
#3513 = ORIENTED_EDGE('',*,*,#3514,.T.);
#3514 = EDGE_CURVE('',#3507,#3515,#3517,.T.);
#3515 = VERTEX_POINT('',#3516);
#3516 = CARTESIAN_POINT('',(4.525,4.325,5.));
#3517 = LINE('',#3518,#3519);
#3518 = CARTESIAN_POINT('',(4.275,4.325,4.75));
#3519 = VECTOR('',#3520,1.);
#3520 = DIRECTION('',(0.707106781187,-0.,0.707106781187));
#3521 = ORIENTED_EDGE('',*,*,#3522,.F.);
#3522 = EDGE_CURVE('',#3158,#3515,#3523,.T.);
#3523 = LINE('',#3524,#3525);
#3524 = CARTESIAN_POINT('',(16.11055906123,4.325,5.));
#3525 = VECTOR('',#3526,1.);
#3526 = DIRECTION('',(-1.,-0.,-0.));
#3527 = ORIENTED_EDGE('',*,*,#3233,.F.);
#3528 = ORIENTED_EDGE('',*,*,#3491,.T.);
#3529 = PLANE('',#3530);
#3530 = AXIS2_PLACEMENT_3D('',#3531,#3532,#3533);
#3531 = CARTESIAN_POINT('',(16.11055906123,4.325,5.));
#3532 = DIRECTION('',(0.,-1.,0.));
#3533 = DIRECTION('',(0.,-0.,-1.));
#3534 = ADVANCED_FACE('',(#3535),#3665,.F.);
#3535 = FACE_BOUND('',#3536,.T.);
#3536 = EDGE_LOOP('',(#3537,#3538,#3546,#3554,#3562,#3570,#3578,#3586,
    #3594,#3602,#3610,#3618,#3626,#3634,#3642,#3650,#3658,#3664));
#3537 = ORIENTED_EDGE('',*,*,#3522,.T.);
#3538 = ORIENTED_EDGE('',*,*,#3539,.T.);
#3539 = EDGE_CURVE('',#3515,#3540,#3542,.T.);
#3540 = VERTEX_POINT('',#3541);
#3541 = CARTESIAN_POINT('',(4.525,0.975,5.));
#3542 = LINE('',#3543,#3544);
#3543 = CARTESIAN_POINT('',(4.525,0.125,5.));
#3544 = VECTOR('',#3545,1.);
#3545 = DIRECTION('',(2.115516434118E-16,-1.,0.));
#3546 = ORIENTED_EDGE('',*,*,#3547,.T.);
#3547 = EDGE_CURVE('',#3540,#3548,#3550,.T.);
#3548 = VERTEX_POINT('',#3549);
#3549 = CARTESIAN_POINT('',(-4.525,0.975,5.));
#3550 = LINE('',#3551,#3552);
#3551 = CARTESIAN_POINT('',(16.11055906123,0.975,5.));
#3552 = VECTOR('',#3553,1.);
#3553 = DIRECTION('',(-1.,0.,0.));
#3554 = ORIENTED_EDGE('',*,*,#3555,.F.);
#3555 = EDGE_CURVE('',#3556,#3548,#3558,.T.);
#3556 = VERTEX_POINT('',#3557);
#3557 = CARTESIAN_POINT('',(-4.525,4.325,5.));
#3558 = LINE('',#3559,#3560);
#3559 = CARTESIAN_POINT('',(-4.525,0.125,5.));
#3560 = VECTOR('',#3561,1.);
#3561 = DIRECTION('',(-2.115516434118E-16,-1.,0.));
#3562 = ORIENTED_EDGE('',*,*,#3563,.F.);
#3563 = EDGE_CURVE('',#3564,#3556,#3566,.T.);
#3564 = VERTEX_POINT('',#3565);
#3565 = CARTESIAN_POINT('',(-5.025,4.325,5.));
#3566 = LINE('',#3567,#3568);
#3567 = CARTESIAN_POINT('',(-16.11055906123,4.325,5.));
#3568 = VECTOR('',#3569,1.);
#3569 = DIRECTION('',(1.,-0.,-0.));
#3570 = ORIENTED_EDGE('',*,*,#3571,.T.);
#3571 = EDGE_CURVE('',#3564,#3572,#3574,.T.);
#3572 = VERTEX_POINT('',#3573);
#3573 = CARTESIAN_POINT('',(-5.025,2.975,5.));
#3574 = LINE('',#3575,#3576);
#3575 = CARTESIAN_POINT('',(-5.025,0.125,5.));
#3576 = VECTOR('',#3577,1.);
#3577 = DIRECTION('',(0.,-1.,0.));
#3578 = ORIENTED_EDGE('',*,*,#3579,.T.);
#3579 = EDGE_CURVE('',#3572,#3580,#3582,.T.);
#3580 = VERTEX_POINT('',#3581);
#3581 = CARTESIAN_POINT('',(-5.025,0.675,5.));
#3582 = LINE('',#3583,#3584);
#3583 = CARTESIAN_POINT('',(-5.025,2.975,5.));
#3584 = VECTOR('',#3585,1.);
#3585 = DIRECTION('',(-0.,-1.,-1.247005693594E-16));
#3586 = ORIENTED_EDGE('',*,*,#3587,.T.);
#3587 = EDGE_CURVE('',#3580,#3588,#3590,.T.);
#3588 = VERTEX_POINT('',#3589);
#3589 = CARTESIAN_POINT('',(-4.575,0.675,5.));
#3590 = LINE('',#3591,#3592);
#3591 = CARTESIAN_POINT('',(-4.575,0.675,5.));
#3592 = VECTOR('',#3593,1.);
#3593 = DIRECTION('',(1.,1.495451272394E-16,0.));
#3594 = ORIENTED_EDGE('',*,*,#3595,.T.);
#3595 = EDGE_CURVE('',#3588,#3596,#3598,.T.);
#3596 = VERTEX_POINT('',#3597);
#3597 = CARTESIAN_POINT('',(-4.575,0.125,5.));
#3598 = LINE('',#3599,#3600);
#3599 = CARTESIAN_POINT('',(-4.575,0.125,5.));
#3600 = VECTOR('',#3601,1.);
#3601 = DIRECTION('',(0.,-1.,-0.));
#3602 = ORIENTED_EDGE('',*,*,#3603,.T.);
#3603 = EDGE_CURVE('',#3596,#3604,#3606,.T.);
#3604 = VERTEX_POINT('',#3605);
#3605 = CARTESIAN_POINT('',(-3.875,0.125,5.));
#3606 = LINE('',#3607,#3608);
#3607 = CARTESIAN_POINT('',(-16.11055906123,0.125,5.));
#3608 = VECTOR('',#3609,1.);
#3609 = DIRECTION('',(1.,-0.,-0.));
#3610 = ORIENTED_EDGE('',*,*,#3611,.T.);
#3611 = EDGE_CURVE('',#3604,#3612,#3614,.T.);
#3612 = VERTEX_POINT('',#3613);
#3613 = CARTESIAN_POINT('',(-3.875,0.41,5.));
#3614 = LINE('',#3615,#3616);
#3615 = CARTESIAN_POINT('',(-3.875,0.,5.));
#3616 = VECTOR('',#3617,1.);
#3617 = DIRECTION('',(0.,1.,0.));
#3618 = ORIENTED_EDGE('',*,*,#3619,.F.);
#3619 = EDGE_CURVE('',#3620,#3612,#3622,.T.);
#3620 = VERTEX_POINT('',#3621);
#3621 = CARTESIAN_POINT('',(3.875,0.41,5.));
#3622 = LINE('',#3623,#3624);
#3623 = CARTESIAN_POINT('',(0.,0.41,5.));
#3624 = VECTOR('',#3625,1.);
#3625 = DIRECTION('',(-1.,-0.,-0.));
#3626 = ORIENTED_EDGE('',*,*,#3627,.F.);
#3627 = EDGE_CURVE('',#3628,#3620,#3630,.T.);
#3628 = VERTEX_POINT('',#3629);
#3629 = CARTESIAN_POINT('',(3.875,0.125,5.));
#3630 = LINE('',#3631,#3632);
#3631 = CARTESIAN_POINT('',(3.875,0.,5.));
#3632 = VECTOR('',#3633,1.);
#3633 = DIRECTION('',(0.,1.,0.));
#3634 = ORIENTED_EDGE('',*,*,#3635,.F.);
#3635 = EDGE_CURVE('',#3636,#3628,#3638,.T.);
#3636 = VERTEX_POINT('',#3637);
#3637 = CARTESIAN_POINT('',(4.575,0.125,5.));
#3638 = LINE('',#3639,#3640);
#3639 = CARTESIAN_POINT('',(16.11055906123,0.125,5.));
#3640 = VECTOR('',#3641,1.);
#3641 = DIRECTION('',(-1.,-0.,-0.));
#3642 = ORIENTED_EDGE('',*,*,#3643,.F.);
#3643 = EDGE_CURVE('',#3644,#3636,#3646,.T.);
#3644 = VERTEX_POINT('',#3645);
#3645 = CARTESIAN_POINT('',(4.575,0.675,5.));
#3646 = LINE('',#3647,#3648);
#3647 = CARTESIAN_POINT('',(4.575,0.125,5.));
#3648 = VECTOR('',#3649,1.);
#3649 = DIRECTION('',(-0.,-1.,-0.));
#3650 = ORIENTED_EDGE('',*,*,#3651,.F.);
#3651 = EDGE_CURVE('',#3652,#3644,#3654,.T.);
#3652 = VERTEX_POINT('',#3653);
#3653 = CARTESIAN_POINT('',(5.025,0.675,5.));
#3654 = LINE('',#3655,#3656);
#3655 = CARTESIAN_POINT('',(4.575,0.675,5.));
#3656 = VECTOR('',#3657,1.);
#3657 = DIRECTION('',(-1.,1.495451272394E-16,-0.));
#3658 = ORIENTED_EDGE('',*,*,#3659,.F.);
#3659 = EDGE_CURVE('',#3160,#3652,#3660,.T.);
#3660 = LINE('',#3661,#3662);
#3661 = CARTESIAN_POINT('',(5.025,2.975,5.));
#3662 = VECTOR('',#3663,1.);
#3663 = DIRECTION('',(0.,-1.,-1.247005693594E-16));
#3664 = ORIENTED_EDGE('',*,*,#3157,.F.);
#3665 = PLANE('',#3666);
#3666 = AXIS2_PLACEMENT_3D('',#3667,#3668,#3669);
#3667 = CARTESIAN_POINT('',(16.11055906123,0.125,5.));
#3668 = DIRECTION('',(0.,0.,-1.));
#3669 = DIRECTION('',(-1.,0.,-0.));
#3670 = ADVANCED_FACE('',(#3671),#3712,.F.);
#3671 = FACE_BOUND('',#3672,.T.);
#3672 = EDGE_LOOP('',(#3673,#3683,#3691,#3697,#3698,#3704,#3705,#3706));
#3673 = ORIENTED_EDGE('',*,*,#3674,.T.);
#3674 = EDGE_CURVE('',#3675,#3677,#3679,.T.);
#3675 = VERTEX_POINT('',#3676);
#3676 = CARTESIAN_POINT('',(6.25,0.125,-0.5));
#3677 = VERTEX_POINT('',#3678);
#3678 = CARTESIAN_POINT('',(6.25,0.125,1.1));
#3679 = LINE('',#3680,#3681);
#3680 = CARTESIAN_POINT('',(6.25,0.125,-0.5));
#3681 = VECTOR('',#3682,1.);
#3682 = DIRECTION('',(-1.885568995627E-16,-1.23740465338E-16,1.));
#3683 = ORIENTED_EDGE('',*,*,#3684,.F.);
#3684 = EDGE_CURVE('',#3685,#3677,#3687,.T.);
#3685 = VERTEX_POINT('',#3686);
#3686 = CARTESIAN_POINT('',(4.575,0.125,1.1));
#3687 = LINE('',#3688,#3689);
#3688 = CARTESIAN_POINT('',(5.75,0.125,1.1));
#3689 = VECTOR('',#3690,1.);
#3690 = DIRECTION('',(1.,6.920439398844E-17,-0.));
#3691 = ORIENTED_EDGE('',*,*,#3692,.T.);
#3692 = EDGE_CURVE('',#3685,#3636,#3693,.T.);
#3693 = LINE('',#3694,#3695);
#3694 = CARTESIAN_POINT('',(4.575,0.125,1.1));
#3695 = VECTOR('',#3696,1.);
#3696 = DIRECTION('',(-0.,-0.,1.));
#3697 = ORIENTED_EDGE('',*,*,#3635,.T.);
#3698 = ORIENTED_EDGE('',*,*,#3699,.T.);
#3699 = EDGE_CURVE('',#3628,#3066,#3700,.T.);
#3700 = LINE('',#3701,#3702);
#3701 = CARTESIAN_POINT('',(3.875,0.125,-2.825));
#3702 = VECTOR('',#3703,1.);
#3703 = DIRECTION('',(0.,1.247005693594E-16,-1.));
#3704 = ORIENTED_EDGE('',*,*,#3065,.F.);
#3705 = ORIENTED_EDGE('',*,*,#3183,.F.);
#3706 = ORIENTED_EDGE('',*,*,#3707,.T.);
#3707 = EDGE_CURVE('',#3176,#3675,#3708,.T.);
#3708 = LINE('',#3709,#3710);
#3709 = CARTESIAN_POINT('',(5.025,0.125,-0.5));
#3710 = VECTOR('',#3711,1.);
#3711 = DIRECTION('',(1.,0.,0.));
#3712 = PLANE('',#3713);
#3713 = AXIS2_PLACEMENT_3D('',#3714,#3715,#3716);
#3714 = CARTESIAN_POINT('',(16.11055906123,0.125,-2.825));
#3715 = DIRECTION('',(-0.,1.,1.247005693594E-16));
#3716 = DIRECTION('',(0.,-1.247005693594E-16,1.));
#3717 = ADVANCED_FACE('',(#3718),#3768,.F.);
#3718 = FACE_BOUND('',#3719,.T.);
#3719 = EDGE_LOOP('',(#3720,#3730,#3738,#3746,#3754,#3762));
#3720 = ORIENTED_EDGE('',*,*,#3721,.F.);
#3721 = EDGE_CURVE('',#3722,#3724,#3726,.T.);
#3722 = VERTEX_POINT('',#3723);
#3723 = CARTESIAN_POINT('',(-3.02,4.099417034834,-2.825));
#3724 = VERTEX_POINT('',#3725);
#3725 = CARTESIAN_POINT('',(-5.025,4.099417034834,-2.825));
#3726 = LINE('',#3727,#3728);
#3727 = CARTESIAN_POINT('',(16.11055906123,4.099417034834,-2.825));
#3728 = VECTOR('',#3729,1.);
#3729 = DIRECTION('',(-1.,-0.,-0.));
#3730 = ORIENTED_EDGE('',*,*,#3731,.F.);
#3731 = EDGE_CURVE('',#3732,#3722,#3734,.T.);
#3732 = VERTEX_POINT('',#3733);
#3733 = CARTESIAN_POINT('',(-3.02,0.41,-2.825));
#3734 = LINE('',#3735,#3736);
#3735 = CARTESIAN_POINT('',(-3.02,0.125,-2.825));
#3736 = VECTOR('',#3737,1.);
#3737 = DIRECTION('',(-0.,1.,-0.));
#3738 = ORIENTED_EDGE('',*,*,#3739,.T.);
#3739 = EDGE_CURVE('',#3732,#3740,#3742,.T.);
#3740 = VERTEX_POINT('',#3741);
#3741 = CARTESIAN_POINT('',(-3.875,0.41,-2.825));
#3742 = LINE('',#3743,#3744);
#3743 = CARTESIAN_POINT('',(0.,0.41,-2.825));
#3744 = VECTOR('',#3745,1.);
#3745 = DIRECTION('',(-1.,-0.,-0.));
#3746 = ORIENTED_EDGE('',*,*,#3747,.F.);
#3747 = EDGE_CURVE('',#3748,#3740,#3750,.T.);
#3748 = VERTEX_POINT('',#3749);
#3749 = CARTESIAN_POINT('',(-3.875,0.125,-2.825));
#3750 = LINE('',#3751,#3752);
#3751 = CARTESIAN_POINT('',(-3.875,0.,-2.825));
#3752 = VECTOR('',#3753,1.);
#3753 = DIRECTION('',(0.,1.,0.));
#3754 = ORIENTED_EDGE('',*,*,#3755,.F.);
#3755 = EDGE_CURVE('',#3756,#3748,#3758,.T.);
#3756 = VERTEX_POINT('',#3757);
#3757 = CARTESIAN_POINT('',(-5.025,0.125,-2.825));
#3758 = LINE('',#3759,#3760);
#3759 = CARTESIAN_POINT('',(-16.11055906123,0.125,-2.825));
#3760 = VECTOR('',#3761,1.);
#3761 = DIRECTION('',(1.,-0.,-0.));
#3762 = ORIENTED_EDGE('',*,*,#3763,.T.);
#3763 = EDGE_CURVE('',#3756,#3724,#3764,.T.);
#3764 = LINE('',#3765,#3766);
#3765 = CARTESIAN_POINT('',(-5.025,4.099417034834,-2.825));
#3766 = VECTOR('',#3767,1.);
#3767 = DIRECTION('',(0.,1.,1.091181084404E-16));
#3768 = PLANE('',#3769);
#3769 = AXIS2_PLACEMENT_3D('',#3770,#3771,#3772);
#3770 = CARTESIAN_POINT('',(16.11055906123,4.099417034834,-2.825));
#3771 = DIRECTION('',(0.,-1.091181084404E-16,1.));
#3772 = DIRECTION('',(0.,-1.,-1.091181084404E-16));
#3773 = ADVANCED_FACE('',(#3774),#3798,.F.);
#3774 = FACE_BOUND('',#3775,.T.);
#3775 = EDGE_LOOP('',(#3776,#3777,#3785,#3791,#3792));
#3776 = ORIENTED_EDGE('',*,*,#2717,.F.);
#3777 = ORIENTED_EDGE('',*,*,#3778,.T.);
#3778 = EDGE_CURVE('',#2710,#3779,#3781,.T.);
#3779 = VERTEX_POINT('',#3780);
#3780 = CARTESIAN_POINT('',(-2.82,4.226831086995,-2.625));
#3781 = LINE('',#3782,#3783);
#3782 = CARTESIAN_POINT('',(-2.82,4.625,-2.));
#3783 = VECTOR('',#3784,1.);
#3784 = DIRECTION('',(0.,-0.537299608347,-0.843391445813));
#3785 = ORIENTED_EDGE('',*,*,#3786,.T.);
#3786 = EDGE_CURVE('',#3779,#3722,#3787,.T.);
#3787 = LINE('',#3788,#3789);
#3788 = CARTESIAN_POINT('',(5.413742962364,9.47230386345,5.608742962364)
  );
#3789 = VECTOR('',#3790,1.);
#3790 = DIRECTION('',(-0.644710818692,-0.41072608941,-0.644710818692));
#3791 = ORIENTED_EDGE('',*,*,#3721,.T.);
#3792 = ORIENTED_EDGE('',*,*,#3793,.T.);
#3793 = EDGE_CURVE('',#3724,#2718,#3794,.T.);
#3794 = LINE('',#3795,#3796);
#3795 = CARTESIAN_POINT('',(-5.025,4.625,-2.));
#3796 = VECTOR('',#3797,1.);
#3797 = DIRECTION('',(0.,0.537299608347,0.843391445813));
#3798 = PLANE('',#3799);
#3799 = AXIS2_PLACEMENT_3D('',#3800,#3801,#3802);
#3800 = CARTESIAN_POINT('',(16.11055906123,4.625,-2.));
#3801 = DIRECTION('',(0.,-0.843391445813,0.537299608347));
#3802 = DIRECTION('',(0.,-0.537299608347,-0.843391445813));
#3803 = ADVANCED_FACE('',(#3804),#3838,.F.);
#3804 = FACE_BOUND('',#3805,.T.);
#3805 = EDGE_LOOP('',(#3806,#3816,#3824,#3832));
#3806 = ORIENTED_EDGE('',*,*,#3807,.T.);
#3807 = EDGE_CURVE('',#3808,#3810,#3812,.T.);
#3808 = VERTEX_POINT('',#3809);
#3809 = CARTESIAN_POINT('',(2.18,0.41,-2.));
#3810 = VERTEX_POINT('',#3811);
#3811 = CARTESIAN_POINT('',(2.18,3.48,-2.));
#3812 = LINE('',#3813,#3814);
#3813 = CARTESIAN_POINT('',(2.18,0.,-2.));
#3814 = VECTOR('',#3815,1.);
#3815 = DIRECTION('',(-0.,1.,-0.));
#3816 = ORIENTED_EDGE('',*,*,#3817,.T.);
#3817 = EDGE_CURVE('',#3810,#3818,#3820,.T.);
#3818 = VERTEX_POINT('',#3819);
#3819 = CARTESIAN_POINT('',(2.82,3.48,-2.));
#3820 = LINE('',#3821,#3822);
#3821 = CARTESIAN_POINT('',(16.11055906123,3.48,-2.));
#3822 = VECTOR('',#3823,1.);
#3823 = DIRECTION('',(1.,0.,0.));
#3824 = ORIENTED_EDGE('',*,*,#3825,.F.);
#3825 = EDGE_CURVE('',#3826,#3818,#3828,.T.);
#3826 = VERTEX_POINT('',#3827);
#3827 = CARTESIAN_POINT('',(2.82,0.41,-2.));
#3828 = LINE('',#3829,#3830);
#3829 = CARTESIAN_POINT('',(2.82,0.,-2.));
#3830 = VECTOR('',#3831,1.);
#3831 = DIRECTION('',(-0.,1.,-0.));
#3832 = ORIENTED_EDGE('',*,*,#3833,.F.);
#3833 = EDGE_CURVE('',#3808,#3826,#3834,.T.);
#3834 = LINE('',#3835,#3836);
#3835 = CARTESIAN_POINT('',(0.,0.41,-2.));
#3836 = VECTOR('',#3837,1.);
#3837 = DIRECTION('',(1.,0.,-0.));
#3838 = PLANE('',#3839);
#3839 = AXIS2_PLACEMENT_3D('',#3840,#3841,#3842);
#3840 = CARTESIAN_POINT('',(16.11055906123,6.125,-2.));
#3841 = DIRECTION('',(-0.,0.,1.));
#3842 = DIRECTION('',(1.,0.,0.));
#3843 = ADVANCED_FACE('',(#3844),#3978,.F.);
#3844 = FACE_BOUND('',#3845,.T.);
#3845 = EDGE_LOOP('',(#3846,#3847,#3855,#3864,#3873,#3881,#3889,#3897,
    #3903,#3904,#3905,#3906,#3914,#3922,#3930,#3938,#3946,#3954,#3963,
    #3972));
#3846 = ORIENTED_EDGE('',*,*,#3135,.F.);
#3847 = ORIENTED_EDGE('',*,*,#3848,.F.);
#3848 = EDGE_CURVE('',#3849,#3128,#3851,.T.);
#3849 = VERTEX_POINT('',#3850);
#3850 = CARTESIAN_POINT('',(1.55,6.125,0.35));
#3851 = LINE('',#3852,#3853);
#3852 = CARTESIAN_POINT('',(1.55,6.125,5.));
#3853 = VECTOR('',#3854,1.);
#3854 = DIRECTION('',(-0.,-0.,1.));
#3855 = ORIENTED_EDGE('',*,*,#3856,.F.);
#3856 = EDGE_CURVE('',#3857,#3849,#3859,.T.);
#3857 = VERTEX_POINT('',#3858);
#3858 = CARTESIAN_POINT('',(2.055555555556,6.125,0.131489328452));
#3859 = CIRCLE('',#3860,0.3);
#3860 = AXIS2_PLACEMENT_3D('',#3861,#3862,#3863);
#3861 = CARTESIAN_POINT('',(1.85,6.125,0.35));
#3862 = DIRECTION('',(0.,1.,0.));
#3863 = DIRECTION('',(0.,-0.,-1.));
#3864 = ORIENTED_EDGE('',*,*,#3865,.F.);
#3865 = EDGE_CURVE('',#3866,#3857,#3868,.T.);
#3866 = VERTEX_POINT('',#3867);
#3867 = CARTESIAN_POINT('',(3.,6.125,2.31659604393));
#3868 = CIRCLE('',#3869,3.);
#3869 = AXIS2_PLACEMENT_3D('',#3870,#3871,#3872);
#3870 = CARTESIAN_POINT('',(-2.602085213965E-15,6.125,2.31659604393));
#3871 = DIRECTION('',(0.,1.,0.));
#3872 = DIRECTION('',(0.,-0.,-1.));
#3873 = ORIENTED_EDGE('',*,*,#3874,.F.);
#3874 = EDGE_CURVE('',#3875,#3866,#3877,.T.);
#3875 = VERTEX_POINT('',#3876);
#3876 = CARTESIAN_POINT('',(3.,6.125,4.108963702892));
#3877 = LINE('',#3878,#3879);
#3878 = CARTESIAN_POINT('',(3.,6.125,2.31659604393));
#3879 = VECTOR('',#3880,1.);
#3880 = DIRECTION('',(-0.,-0.,-1.));
#3881 = ORIENTED_EDGE('',*,*,#3882,.F.);
#3882 = EDGE_CURVE('',#3883,#3875,#3885,.T.);
#3883 = VERTEX_POINT('',#3884);
#3884 = CARTESIAN_POINT('',(2.825,6.125,4.21));
#3885 = LINE('',#3886,#3887);
#3886 = CARTESIAN_POINT('',(3.,6.125,4.108963702892));
#3887 = VECTOR('',#3888,1.);
#3888 = DIRECTION('',(0.866025403784,-0.,-0.5));
#3889 = ORIENTED_EDGE('',*,*,#3890,.F.);
#3890 = EDGE_CURVE('',#3891,#3883,#3893,.T.);
#3891 = VERTEX_POINT('',#3892);
#3892 = CARTESIAN_POINT('',(2.825,6.125,4.41));
#3893 = LINE('',#3894,#3895);
#3894 = CARTESIAN_POINT('',(2.825,6.125,4.21));
#3895 = VECTOR('',#3896,1.);
#3896 = DIRECTION('',(-2.168404344971E-15,-0.,-1.));
#3897 = ORIENTED_EDGE('',*,*,#3898,.F.);
#3898 = EDGE_CURVE('',#3248,#3891,#3899,.T.);
#3899 = LINE('',#3900,#3901);
#3900 = CARTESIAN_POINT('',(2.825,6.125,4.41));
#3901 = VECTOR('',#3902,1.);
#3902 = DIRECTION('',(-0.707106781187,-0.,-0.707106781187));
#3903 = ORIENTED_EDGE('',*,*,#3247,.F.);
#3904 = ORIENTED_EDGE('',*,*,#3192,.F.);
#3905 = ORIENTED_EDGE('',*,*,#2733,.T.);
#3906 = ORIENTED_EDGE('',*,*,#3907,.T.);
#3907 = EDGE_CURVE('',#2726,#3908,#3910,.T.);
#3908 = VERTEX_POINT('',#3909);
#3909 = CARTESIAN_POINT('',(-5.025,6.125,5.));
#3910 = LINE('',#3911,#3912);
#3911 = CARTESIAN_POINT('',(-5.025,6.125,5.));
#3912 = VECTOR('',#3913,1.);
#3913 = DIRECTION('',(0.,0.,1.));
#3914 = ORIENTED_EDGE('',*,*,#3915,.T.);
#3915 = EDGE_CURVE('',#3908,#3916,#3918,.T.);
#3916 = VERTEX_POINT('',#3917);
#3917 = CARTESIAN_POINT('',(-3.415,6.125,5.));
#3918 = LINE('',#3919,#3920);
#3919 = CARTESIAN_POINT('',(-16.11055906123,6.125,5.));
#3920 = VECTOR('',#3921,1.);
#3921 = DIRECTION('',(1.,-0.,-0.));
#3922 = ORIENTED_EDGE('',*,*,#3923,.T.);
#3923 = EDGE_CURVE('',#3916,#3924,#3926,.T.);
#3924 = VERTEX_POINT('',#3925);
#3925 = CARTESIAN_POINT('',(-2.825,6.125,4.41));
#3926 = LINE('',#3927,#3928);
#3927 = CARTESIAN_POINT('',(-2.825,6.125,4.41));
#3928 = VECTOR('',#3929,1.);
#3929 = DIRECTION('',(0.707106781187,-0.,-0.707106781187));
#3930 = ORIENTED_EDGE('',*,*,#3931,.T.);
#3931 = EDGE_CURVE('',#3924,#3932,#3934,.T.);
#3932 = VERTEX_POINT('',#3933);
#3933 = CARTESIAN_POINT('',(-2.825,6.125,4.21));
#3934 = LINE('',#3935,#3936);
#3935 = CARTESIAN_POINT('',(-2.825,6.125,4.21));
#3936 = VECTOR('',#3937,1.);
#3937 = DIRECTION('',(2.168404344971E-15,-0.,-1.));
#3938 = ORIENTED_EDGE('',*,*,#3939,.T.);
#3939 = EDGE_CURVE('',#3932,#3940,#3942,.T.);
#3940 = VERTEX_POINT('',#3941);
#3941 = CARTESIAN_POINT('',(-3.,6.125,4.108963702892));
#3942 = LINE('',#3943,#3944);
#3943 = CARTESIAN_POINT('',(-3.,6.125,4.108963702892));
#3944 = VECTOR('',#3945,1.);
#3945 = DIRECTION('',(-0.866025403784,0.,-0.5));
#3946 = ORIENTED_EDGE('',*,*,#3947,.T.);
#3947 = EDGE_CURVE('',#3940,#3948,#3950,.T.);
#3948 = VERTEX_POINT('',#3949);
#3949 = CARTESIAN_POINT('',(-3.,6.125,2.31659604393));
#3950 = LINE('',#3951,#3952);
#3951 = CARTESIAN_POINT('',(-3.,6.125,2.31659604393));
#3952 = VECTOR('',#3953,1.);
#3953 = DIRECTION('',(0.,-0.,-1.));
#3954 = ORIENTED_EDGE('',*,*,#3955,.T.);
#3955 = EDGE_CURVE('',#3948,#3956,#3958,.T.);
#3956 = VERTEX_POINT('',#3957);
#3957 = CARTESIAN_POINT('',(-2.055555555556,6.125,0.131489328452));
#3958 = CIRCLE('',#3959,3.);
#3959 = AXIS2_PLACEMENT_3D('',#3960,#3961,#3962);
#3960 = CARTESIAN_POINT('',(2.602085213965E-15,6.125,2.31659604393));
#3961 = DIRECTION('',(0.,-1.,-0.));
#3962 = DIRECTION('',(0.,0.,-1.));
#3963 = ORIENTED_EDGE('',*,*,#3964,.T.);
#3964 = EDGE_CURVE('',#3956,#3965,#3967,.T.);
#3965 = VERTEX_POINT('',#3966);
#3966 = CARTESIAN_POINT('',(-1.55,6.125,0.35));
#3967 = CIRCLE('',#3968,0.3);
#3968 = AXIS2_PLACEMENT_3D('',#3969,#3970,#3971);
#3969 = CARTESIAN_POINT('',(-1.85,6.125,0.35));
#3970 = DIRECTION('',(0.,-1.,-0.));
#3971 = DIRECTION('',(0.,0.,-1.));
#3972 = ORIENTED_EDGE('',*,*,#3973,.T.);
#3973 = EDGE_CURVE('',#3965,#3136,#3974,.T.);
#3974 = LINE('',#3975,#3976);
#3975 = CARTESIAN_POINT('',(-1.55,6.125,5.));
#3976 = VECTOR('',#3977,1.);
#3977 = DIRECTION('',(0.,0.,1.));
#3978 = PLANE('',#3979);
#3979 = AXIS2_PLACEMENT_3D('',#3980,#3981,#3982);
#3980 = CARTESIAN_POINT('',(16.11055906123,6.125,5.));
#3981 = DIRECTION('',(0.,-1.,0.));
#3982 = DIRECTION('',(0.,-0.,-1.));
#3983 = ADVANCED_FACE('',(#3984),#3995,.F.);
#3984 = FACE_BOUND('',#3985,.T.);
#3985 = EDGE_LOOP('',(#3986,#3987,#3993,#3994));
#3986 = ORIENTED_EDGE('',*,*,#3627,.T.);
#3987 = ORIENTED_EDGE('',*,*,#3988,.F.);
#3988 = EDGE_CURVE('',#3032,#3620,#3989,.T.);
#3989 = LINE('',#3990,#3991);
#3990 = CARTESIAN_POINT('',(3.875,0.41,-2.825));
#3991 = VECTOR('',#3992,1.);
#3992 = DIRECTION('',(-0.,-0.,1.));
#3993 = ORIENTED_EDGE('',*,*,#3073,.F.);
#3994 = ORIENTED_EDGE('',*,*,#3699,.F.);
#3995 = PLANE('',#3996);
#3996 = AXIS2_PLACEMENT_3D('',#3997,#3998,#3999);
#3997 = CARTESIAN_POINT('',(3.875,0.,-2.825));
#3998 = DIRECTION('',(1.,-0.,0.));
#3999 = DIRECTION('',(0.,0.,-1.));
#4000 = ADVANCED_FACE('',(#4001),#4102,.F.);
#4001 = FACE_BOUND('',#4002,.T.);
#4002 = EDGE_LOOP('',(#4003,#4011,#4017,#4018,#4026,#4032,#4033,#4041,
    #4047,#4048,#4049,#4050,#4056,#4057,#4065,#4071,#4072,#4080,#4086,
    #4087,#4095,#4101));
#4003 = ORIENTED_EDGE('',*,*,#4004,.T.);
#4004 = EDGE_CURVE('',#2814,#4005,#4007,.T.);
#4005 = VERTEX_POINT('',#4006);
#4006 = CARTESIAN_POINT('',(0.32,0.41,-2.625));
#4007 = LINE('',#4008,#4009);
#4008 = CARTESIAN_POINT('',(0.32,0.41,-2.825));
#4009 = VECTOR('',#4010,1.);
#4010 = DIRECTION('',(-6.938893903907E-16,0.,-1.));
#4011 = ORIENTED_EDGE('',*,*,#4012,.T.);
#4012 = EDGE_CURVE('',#4005,#2838,#4013,.T.);
#4013 = LINE('',#4014,#4015);
#4014 = CARTESIAN_POINT('',(0.26,0.41,-2.565));
#4015 = VECTOR('',#4016,1.);
#4016 = DIRECTION('',(0.707106781187,0.,-0.707106781187));
#4017 = ORIENTED_EDGE('',*,*,#2835,.F.);
#4018 = ORIENTED_EDGE('',*,*,#4019,.T.);
#4019 = EDGE_CURVE('',#2836,#4020,#4022,.T.);
#4020 = VERTEX_POINT('',#4021);
#4021 = CARTESIAN_POINT('',(2.18,0.41,-2.625));
#4022 = LINE('',#4023,#4024);
#4023 = CARTESIAN_POINT('',(0.99,0.41,-3.815));
#4024 = VECTOR('',#4025,1.);
#4025 = DIRECTION('',(0.707106781187,0.,0.707106781187));
#4026 = ORIENTED_EDGE('',*,*,#4027,.T.);
#4027 = EDGE_CURVE('',#4020,#3808,#4028,.T.);
#4028 = LINE('',#4029,#4030);
#4029 = CARTESIAN_POINT('',(2.18,0.41,-2.825));
#4030 = VECTOR('',#4031,1.);
#4031 = DIRECTION('',(0.,0.,1.));
#4032 = ORIENTED_EDGE('',*,*,#3833,.T.);
#4033 = ORIENTED_EDGE('',*,*,#4034,.T.);
#4034 = EDGE_CURVE('',#3826,#4035,#4037,.T.);
#4035 = VERTEX_POINT('',#4036);
#4036 = CARTESIAN_POINT('',(2.82,0.41,-2.625));
#4037 = LINE('',#4038,#4039);
#4038 = CARTESIAN_POINT('',(2.82,0.41,-2.825));
#4039 = VECTOR('',#4040,1.);
#4040 = DIRECTION('',(-6.938893903907E-16,0.,-1.));
#4041 = ORIENTED_EDGE('',*,*,#4042,.T.);
#4042 = EDGE_CURVE('',#4035,#3034,#4043,.T.);
#4043 = LINE('',#4044,#4045);
#4044 = CARTESIAN_POINT('',(1.51,0.41,-1.315));
#4045 = VECTOR('',#4046,1.);
#4046 = DIRECTION('',(0.707106781187,0.,-0.707106781187));
#4047 = ORIENTED_EDGE('',*,*,#3031,.F.);
#4048 = ORIENTED_EDGE('',*,*,#3988,.T.);
#4049 = ORIENTED_EDGE('',*,*,#3619,.T.);
#4050 = ORIENTED_EDGE('',*,*,#4051,.F.);
#4051 = EDGE_CURVE('',#3740,#3612,#4052,.T.);
#4052 = LINE('',#4053,#4054);
#4053 = CARTESIAN_POINT('',(-3.875,0.41,-2.825));
#4054 = VECTOR('',#4055,1.);
#4055 = DIRECTION('',(0.,0.,1.));
#4056 = ORIENTED_EDGE('',*,*,#3739,.F.);
#4057 = ORIENTED_EDGE('',*,*,#4058,.T.);
#4058 = EDGE_CURVE('',#3732,#4059,#4061,.T.);
#4059 = VERTEX_POINT('',#4060);
#4060 = CARTESIAN_POINT('',(-2.82,0.41,-2.625));
#4061 = LINE('',#4062,#4063);
#4062 = CARTESIAN_POINT('',(-1.51,0.41,-1.315));
#4063 = VECTOR('',#4064,1.);
#4064 = DIRECTION('',(0.707106781187,0.,0.707106781187));
#4065 = ORIENTED_EDGE('',*,*,#4066,.T.);
#4066 = EDGE_CURVE('',#4059,#2992,#4067,.T.);
#4067 = LINE('',#4068,#4069);
#4068 = CARTESIAN_POINT('',(-2.82,0.41,-2.825));
#4069 = VECTOR('',#4070,1.);
#4070 = DIRECTION('',(0.,0.,1.));
#4071 = ORIENTED_EDGE('',*,*,#3017,.T.);
#4072 = ORIENTED_EDGE('',*,*,#4073,.T.);
#4073 = EDGE_CURVE('',#3010,#4074,#4076,.T.);
#4074 = VERTEX_POINT('',#4075);
#4075 = CARTESIAN_POINT('',(-2.18,0.41,-2.625));
#4076 = LINE('',#4077,#4078);
#4077 = CARTESIAN_POINT('',(-2.18,0.41,-2.825));
#4078 = VECTOR('',#4079,1.);
#4079 = DIRECTION('',(-6.938893903907E-16,0.,-1.));
#4080 = ORIENTED_EDGE('',*,*,#4081,.T.);
#4081 = EDGE_CURVE('',#4074,#2894,#4082,.T.);
#4082 = LINE('',#4083,#4084);
#4083 = CARTESIAN_POINT('',(-0.99,0.41,-3.815));
#4084 = VECTOR('',#4085,1.);
#4085 = DIRECTION('',(0.707106781187,0.,-0.707106781187));
#4086 = ORIENTED_EDGE('',*,*,#2893,.F.);
#4087 = ORIENTED_EDGE('',*,*,#4088,.T.);
#4088 = EDGE_CURVE('',#2886,#4089,#4091,.T.);
#4089 = VERTEX_POINT('',#4090);
#4090 = CARTESIAN_POINT('',(-0.32,0.41,-2.625));
#4091 = LINE('',#4092,#4093);
#4092 = CARTESIAN_POINT('',(-0.26,0.41,-2.565));
#4093 = VECTOR('',#4094,1.);
#4094 = DIRECTION('',(0.707106781187,0.,0.707106781187));
#4095 = ORIENTED_EDGE('',*,*,#4096,.T.);
#4096 = EDGE_CURVE('',#4089,#2796,#4097,.T.);
#4097 = LINE('',#4098,#4099);
#4098 = CARTESIAN_POINT('',(-0.32,0.41,-2.825));
#4099 = VECTOR('',#4100,1.);
#4100 = DIRECTION('',(0.,0.,1.));
#4101 = ORIENTED_EDGE('',*,*,#2821,.T.);
#4102 = PLANE('',#4103);
#4103 = AXIS2_PLACEMENT_3D('',#4104,#4105,#4106);
#4104 = CARTESIAN_POINT('',(0.,0.41,-2.825));
#4105 = DIRECTION('',(-0.,1.,0.));
#4106 = DIRECTION('',(0.,0.,1.));
#4107 = ADVANCED_FACE('',(#4108),#4133,.T.);
#4108 = FACE_BOUND('',#4109,.T.);
#4109 = EDGE_LOOP('',(#4110,#4118,#4126,#4132));
#4110 = ORIENTED_EDGE('',*,*,#4111,.F.);
#4111 = EDGE_CURVE('',#4112,#3652,#4114,.T.);
#4112 = VERTEX_POINT('',#4113);
#4113 = CARTESIAN_POINT('',(5.3,0.675,4.769247601426));
#4114 = LINE('',#4115,#4116);
#4115 = CARTESIAN_POINT('',(5.3,0.675,4.769247601426));
#4116 = VECTOR('',#4117,1.);
#4117 = DIRECTION('',(-0.766044443119,1.145582137172E-16,0.642787609687)
  );
#4118 = ORIENTED_EDGE('',*,*,#4119,.F.);
#4119 = EDGE_CURVE('',#4120,#4112,#4122,.T.);
#4120 = VERTEX_POINT('',#4121);
#4121 = CARTESIAN_POINT('',(5.3,2.975,4.769247601426));
#4122 = LINE('',#4123,#4124);
#4123 = CARTESIAN_POINT('',(5.3,2.975,4.769247601426));
#4124 = VECTOR('',#4125,1.);
#4125 = DIRECTION('',(0.,-1.,-1.247005693594E-16));
#4126 = ORIENTED_EDGE('',*,*,#4127,.T.);
#4127 = EDGE_CURVE('',#4120,#3160,#4128,.T.);
#4128 = LINE('',#4129,#4130);
#4129 = CARTESIAN_POINT('',(5.3,2.975,4.769247601426));
#4130 = VECTOR('',#4131,1.);
#4131 = DIRECTION('',(-0.766044443119,-7.550427722273E-17,0.642787609687
    ));
#4132 = ORIENTED_EDGE('',*,*,#3659,.T.);
#4133 = PLANE('',#4134);
#4134 = AXIS2_PLACEMENT_3D('',#4135,#4136,#4137);
#4135 = CARTESIAN_POINT('',(5.3,2.975,4.769247601426));
#4136 = DIRECTION('',(0.642787609687,-9.552617821151E-17,0.766044443119)
  );
#4137 = DIRECTION('',(0.766044443119,0.,-0.642787609687));
#4138 = ADVANCED_FACE('',(#4139),#4188,.T.);
#4139 = FACE_BOUND('',#4140,.T.);
#4140 = EDGE_LOOP('',(#4141,#4142,#4150,#4158,#4166,#4174,#4182));
#4141 = ORIENTED_EDGE('',*,*,#4119,.T.);
#4142 = ORIENTED_EDGE('',*,*,#4143,.F.);
#4143 = EDGE_CURVE('',#4144,#4112,#4146,.T.);
#4144 = VERTEX_POINT('',#4145);
#4145 = CARTESIAN_POINT('',(5.3,0.675,1.1));
#4146 = LINE('',#4147,#4148);
#4147 = CARTESIAN_POINT('',(5.3,0.675,1.1));
#4148 = VECTOR('',#4149,1.);
#4149 = DIRECTION('',(-0.,-0.,1.));
#4150 = ORIENTED_EDGE('',*,*,#4151,.F.);
#4151 = EDGE_CURVE('',#4152,#4144,#4154,.T.);
#4152 = VERTEX_POINT('',#4153);
#4153 = CARTESIAN_POINT('',(5.3,2.25,1.1));
#4154 = LINE('',#4155,#4156);
#4155 = CARTESIAN_POINT('',(5.3,0.675,1.1));
#4156 = VECTOR('',#4157,1.);
#4157 = DIRECTION('',(-0.,-1.,-0.));
#4158 = ORIENTED_EDGE('',*,*,#4159,.T.);
#4159 = EDGE_CURVE('',#4152,#4160,#4162,.T.);
#4160 = VERTEX_POINT('',#4161);
#4161 = CARTESIAN_POINT('',(5.3,2.25,3.85));
#4162 = LINE('',#4163,#4164);
#4163 = CARTESIAN_POINT('',(5.3,2.25,1.1));
#4164 = VECTOR('',#4165,1.);
#4165 = DIRECTION('',(-0.,-0.,1.));
#4166 = ORIENTED_EDGE('',*,*,#4167,.T.);
#4167 = EDGE_CURVE('',#4160,#4168,#4170,.T.);
#4168 = VERTEX_POINT('',#4169);
#4169 = CARTESIAN_POINT('',(5.3,2.5,4.1));
#4170 = LINE('',#4171,#4172);
#4171 = CARTESIAN_POINT('',(5.3,2.25,3.85));
#4172 = VECTOR('',#4173,1.);
#4173 = DIRECTION('',(-0.,0.707106781187,0.707106781187));
#4174 = ORIENTED_EDGE('',*,*,#4175,.F.);
#4175 = EDGE_CURVE('',#4176,#4168,#4178,.T.);
#4176 = VERTEX_POINT('',#4177);
#4177 = CARTESIAN_POINT('',(5.3,2.975,4.1));
#4178 = LINE('',#4179,#4180);
#4179 = CARTESIAN_POINT('',(5.3,2.975,4.1));
#4180 = VECTOR('',#4181,1.);
#4181 = DIRECTION('',(0.,-1.,-1.247005693594E-16));
#4182 = ORIENTED_EDGE('',*,*,#4183,.T.);
#4183 = EDGE_CURVE('',#4176,#4120,#4184,.T.);
#4184 = LINE('',#4185,#4186);
#4185 = CARTESIAN_POINT('',(5.3,2.975,4.1));
#4186 = VECTOR('',#4187,1.);
#4187 = DIRECTION('',(0.,-1.215023599085E-16,1.));
#4188 = PLANE('',#4189);
#4189 = AXIS2_PLACEMENT_3D('',#4190,#4191,#4192);
#4190 = CARTESIAN_POINT('',(5.3,2.975,4.1));
#4191 = DIRECTION('',(1.,0.,0.));
#4192 = DIRECTION('',(0.,0.,-1.));
#4193 = ADVANCED_FACE('',(#4194),#4235,.T.);
#4194 = FACE_BOUND('',#4195,.T.);
#4195 = EDGE_LOOP('',(#4196,#4197,#4205,#4213,#4221,#4229));
#4196 = ORIENTED_EDGE('',*,*,#4175,.T.);
#4197 = ORIENTED_EDGE('',*,*,#4198,.T.);
#4198 = EDGE_CURVE('',#4168,#4199,#4201,.T.);
#4199 = VERTEX_POINT('',#4200);
#4200 = CARTESIAN_POINT('',(6.,2.5,4.1));
#4201 = LINE('',#4202,#4203);
#4202 = CARTESIAN_POINT('',(5.75,2.5,4.1));
#4203 = VECTOR('',#4204,1.);
#4204 = DIRECTION('',(1.,0.,0.));
#4205 = ORIENTED_EDGE('',*,*,#4206,.T.);
#4206 = EDGE_CURVE('',#4199,#4207,#4209,.T.);
#4207 = VERTEX_POINT('',#4208);
#4208 = CARTESIAN_POINT('',(6.,1.175,4.1));
#4209 = LINE('',#4210,#4211);
#4210 = CARTESIAN_POINT('',(6.,0.925,4.1));
#4211 = VECTOR('',#4212,1.);
#4212 = DIRECTION('',(0.,-1.,-1.247005693594E-16));
#4213 = ORIENTED_EDGE('',*,*,#4214,.T.);
#4214 = EDGE_CURVE('',#4207,#4215,#4217,.T.);
#4215 = VERTEX_POINT('',#4216);
#4216 = CARTESIAN_POINT('',(6.25,1.175,4.1));
#4217 = LINE('',#4218,#4219);
#4218 = CARTESIAN_POINT('',(6.25,1.175,4.1));
#4219 = VECTOR('',#4220,1.);
#4220 = DIRECTION('',(1.,-2.35131527321E-32,-2.932103533127E-48));
#4221 = ORIENTED_EDGE('',*,*,#4222,.F.);
#4222 = EDGE_CURVE('',#4223,#4215,#4225,.T.);
#4223 = VERTEX_POINT('',#4224);
#4224 = CARTESIAN_POINT('',(6.25,2.975,4.1));
#4225 = LINE('',#4226,#4227);
#4226 = CARTESIAN_POINT('',(6.25,2.975,4.1));
#4227 = VECTOR('',#4228,1.);
#4228 = DIRECTION('',(0.,-1.,-1.247005693594E-16));
#4229 = ORIENTED_EDGE('',*,*,#4230,.T.);
#4230 = EDGE_CURVE('',#4223,#4176,#4231,.T.);
#4231 = LINE('',#4232,#4233);
#4232 = CARTESIAN_POINT('',(6.25,2.975,4.1));
#4233 = VECTOR('',#4234,1.);
#4234 = DIRECTION('',(-1.,0.,0.));
#4235 = PLANE('',#4236);
#4236 = AXIS2_PLACEMENT_3D('',#4237,#4238,#4239);
#4237 = CARTESIAN_POINT('',(6.25,2.975,4.1));
#4238 = DIRECTION('',(0.,-1.247005693594E-16,1.));
#4239 = DIRECTION('',(0.,-1.,-1.247005693594E-16));
#4240 = ADVANCED_FACE('',(#4241),#4281,.T.);
#4241 = FACE_BOUND('',#4242,.T.);
#4242 = EDGE_LOOP('',(#4243,#4244,#4252,#4260,#4266,#4267,#4275));
#4243 = ORIENTED_EDGE('',*,*,#4222,.T.);
#4244 = ORIENTED_EDGE('',*,*,#4245,.T.);
#4245 = EDGE_CURVE('',#4215,#4246,#4248,.T.);
#4246 = VERTEX_POINT('',#4247);
#4247 = CARTESIAN_POINT('',(6.25,0.925,3.85));
#4248 = LINE('',#4249,#4250);
#4249 = CARTESIAN_POINT('',(6.25,-0.225,2.7));
#4250 = VECTOR('',#4251,1.);
#4251 = DIRECTION('',(1.333298623203E-16,-0.707106781187,-0.707106781187
    ));
#4252 = ORIENTED_EDGE('',*,*,#4253,.F.);
#4253 = EDGE_CURVE('',#4254,#4246,#4256,.T.);
#4254 = VERTEX_POINT('',#4255);
#4255 = CARTESIAN_POINT('',(6.25,0.925,1.1));
#4256 = LINE('',#4257,#4258);
#4257 = CARTESIAN_POINT('',(6.25,0.925,4.1));
#4258 = VECTOR('',#4259,1.);
#4259 = DIRECTION('',(-2.891205793295E-16,-0.,1.));
#4260 = ORIENTED_EDGE('',*,*,#4261,.F.);
#4261 = EDGE_CURVE('',#3677,#4254,#4262,.T.);
#4262 = LINE('',#4263,#4264);
#4263 = CARTESIAN_POINT('',(6.25,0.125,1.1));
#4264 = VECTOR('',#4265,1.);
#4265 = DIRECTION('',(0.,1.,0.));
#4266 = ORIENTED_EDGE('',*,*,#3674,.F.);
#4267 = ORIENTED_EDGE('',*,*,#4268,.F.);
#4268 = EDGE_CURVE('',#4269,#3675,#4271,.T.);
#4269 = VERTEX_POINT('',#4270);
#4270 = CARTESIAN_POINT('',(6.25,2.975,-0.5));
#4271 = LINE('',#4272,#4273);
#4272 = CARTESIAN_POINT('',(6.25,2.975,-0.5));
#4273 = VECTOR('',#4274,1.);
#4274 = DIRECTION('',(0.,-1.,-1.247005693594E-16));
#4275 = ORIENTED_EDGE('',*,*,#4276,.T.);
#4276 = EDGE_CURVE('',#4269,#4223,#4277,.T.);
#4277 = LINE('',#4278,#4279);
#4278 = CARTESIAN_POINT('',(6.25,2.975,-0.5));
#4279 = VECTOR('',#4280,1.);
#4280 = DIRECTION('',(-1.885568995627E-16,-1.23740465338E-16,1.));
#4281 = PLANE('',#4282);
#4282 = AXIS2_PLACEMENT_3D('',#4283,#4284,#4285);
#4283 = CARTESIAN_POINT('',(6.25,2.975,-0.5));
#4284 = DIRECTION('',(1.,-2.35131527321E-32,1.885568995627E-16));
#4285 = DIRECTION('',(1.885568995627E-16,0.,-1.));
#4286 = ADVANCED_FACE('',(#4287),#4298,.T.);
#4287 = FACE_BOUND('',#4288,.T.);
#4288 = EDGE_LOOP('',(#4289,#4290,#4291,#4297));
#4289 = ORIENTED_EDGE('',*,*,#3707,.F.);
#4290 = ORIENTED_EDGE('',*,*,#3175,.F.);
#4291 = ORIENTED_EDGE('',*,*,#4292,.T.);
#4292 = EDGE_CURVE('',#3168,#4269,#4293,.T.);
#4293 = LINE('',#4294,#4295);
#4294 = CARTESIAN_POINT('',(5.025,2.975,-0.5));
#4295 = VECTOR('',#4296,1.);
#4296 = DIRECTION('',(1.,0.,0.));
#4297 = ORIENTED_EDGE('',*,*,#4268,.T.);
#4298 = PLANE('',#4299);
#4299 = AXIS2_PLACEMENT_3D('',#4300,#4301,#4302);
#4300 = CARTESIAN_POINT('',(5.025,2.975,-0.5));
#4301 = DIRECTION('',(0.,1.247005693594E-16,-1.));
#4302 = DIRECTION('',(0.,1.,1.247005693594E-16));
#4303 = ADVANCED_FACE('',(#4304),#4312,.F.);
#4304 = FACE_BOUND('',#4305,.T.);
#4305 = EDGE_LOOP('',(#4306,#4307,#4308,#4309,#4310,#4311));
#4306 = ORIENTED_EDGE('',*,*,#3167,.F.);
#4307 = ORIENTED_EDGE('',*,*,#4127,.F.);
#4308 = ORIENTED_EDGE('',*,*,#4183,.F.);
#4309 = ORIENTED_EDGE('',*,*,#4230,.F.);
#4310 = ORIENTED_EDGE('',*,*,#4276,.F.);
#4311 = ORIENTED_EDGE('',*,*,#4292,.F.);
#4312 = PLANE('',#4313);
#4313 = AXIS2_PLACEMENT_3D('',#4314,#4315,#4316);
#4314 = CARTESIAN_POINT('',(0.,2.975,3.707972217151E-16));
#4315 = DIRECTION('',(0.,-1.,-1.232047923279E-16));
#4316 = DIRECTION('',(0.,1.232047923279E-16,-1.));
#4317 = ADVANCED_FACE('',(#4318),#4336,.F.);
#4318 = FACE_BOUND('',#4319,.T.);
#4319 = EDGE_LOOP('',(#4320,#4321,#4322,#4330));
#4320 = ORIENTED_EDGE('',*,*,#3643,.T.);
#4321 = ORIENTED_EDGE('',*,*,#3692,.F.);
#4322 = ORIENTED_EDGE('',*,*,#4323,.F.);
#4323 = EDGE_CURVE('',#4324,#3685,#4326,.T.);
#4324 = VERTEX_POINT('',#4325);
#4325 = CARTESIAN_POINT('',(4.575,0.675,1.1));
#4326 = LINE('',#4327,#4328);
#4327 = CARTESIAN_POINT('',(4.575,0.125,1.1));
#4328 = VECTOR('',#4329,1.);
#4329 = DIRECTION('',(-0.,-1.,-0.));
#4330 = ORIENTED_EDGE('',*,*,#4331,.T.);
#4331 = EDGE_CURVE('',#4324,#3644,#4332,.T.);
#4332 = LINE('',#4333,#4334);
#4333 = CARTESIAN_POINT('',(4.575,0.675,1.1));
#4334 = VECTOR('',#4335,1.);
#4335 = DIRECTION('',(-0.,-0.,1.));
#4336 = PLANE('',#4337);
#4337 = AXIS2_PLACEMENT_3D('',#4338,#4339,#4340);
#4338 = CARTESIAN_POINT('',(4.575,0.125,1.1));
#4339 = DIRECTION('',(-1.,0.,0.));
#4340 = DIRECTION('',(0.,0.,1.));
#4341 = ADVANCED_FACE('',(#4342),#4354,.F.);
#4342 = FACE_BOUND('',#4343,.T.);
#4343 = EDGE_LOOP('',(#4344,#4345,#4346,#4347,#4353));
#4344 = ORIENTED_EDGE('',*,*,#4111,.T.);
#4345 = ORIENTED_EDGE('',*,*,#3651,.T.);
#4346 = ORIENTED_EDGE('',*,*,#4331,.F.);
#4347 = ORIENTED_EDGE('',*,*,#4348,.F.);
#4348 = EDGE_CURVE('',#4144,#4324,#4349,.T.);
#4349 = LINE('',#4350,#4351);
#4350 = CARTESIAN_POINT('',(4.575,0.675,1.1));
#4351 = VECTOR('',#4352,1.);
#4352 = DIRECTION('',(-1.,1.495451272394E-16,-0.));
#4353 = ORIENTED_EDGE('',*,*,#4143,.T.);
#4354 = PLANE('',#4355);
#4355 = AXIS2_PLACEMENT_3D('',#4356,#4357,#4358);
#4356 = CARTESIAN_POINT('',(4.575,0.675,1.1));
#4357 = DIRECTION('',(1.495451272394E-16,1.,0.));
#4358 = DIRECTION('',(-1.,1.495451272394E-16,0.));
#4359 = ADVANCED_FACE('',(#4360),#4385,.F.);
#4360 = FACE_BOUND('',#4361,.T.);
#4361 = EDGE_LOOP('',(#4362,#4372,#4378,#4379));
#4362 = ORIENTED_EDGE('',*,*,#4363,.T.);
#4363 = EDGE_CURVE('',#4364,#4366,#4368,.T.);
#4364 = VERTEX_POINT('',#4365);
#4365 = CARTESIAN_POINT('',(5.75,2.25,1.1));
#4366 = VERTEX_POINT('',#4367);
#4367 = CARTESIAN_POINT('',(5.75,2.25,3.85));
#4368 = LINE('',#4369,#4370);
#4369 = CARTESIAN_POINT('',(5.75,2.25,1.1));
#4370 = VECTOR('',#4371,1.);
#4371 = DIRECTION('',(-0.,-0.,1.));
#4372 = ORIENTED_EDGE('',*,*,#4373,.T.);
#4373 = EDGE_CURVE('',#4366,#4160,#4374,.T.);
#4374 = LINE('',#4375,#4376);
#4375 = CARTESIAN_POINT('',(5.3,2.25,3.85));
#4376 = VECTOR('',#4377,1.);
#4377 = DIRECTION('',(-1.,0.,-0.));
#4378 = ORIENTED_EDGE('',*,*,#4159,.F.);
#4379 = ORIENTED_EDGE('',*,*,#4380,.F.);
#4380 = EDGE_CURVE('',#4364,#4152,#4381,.T.);
#4381 = LINE('',#4382,#4383);
#4382 = CARTESIAN_POINT('',(5.3,2.25,1.1));
#4383 = VECTOR('',#4384,1.);
#4384 = DIRECTION('',(-1.,-0.,-0.));
#4385 = PLANE('',#4386);
#4386 = AXIS2_PLACEMENT_3D('',#4387,#4388,#4389);
#4387 = CARTESIAN_POINT('',(5.3,2.25,1.1));
#4388 = DIRECTION('',(-0.,1.,0.));
#4389 = DIRECTION('',(0.,0.,1.));
#4390 = ADVANCED_FACE('',(#4391),#4416,.F.);
#4391 = FACE_BOUND('',#4392,.T.);
#4392 = EDGE_LOOP('',(#4393,#4403,#4409,#4410));
#4393 = ORIENTED_EDGE('',*,*,#4394,.F.);
#4394 = EDGE_CURVE('',#4395,#4397,#4399,.T.);
#4395 = VERTEX_POINT('',#4396);
#4396 = CARTESIAN_POINT('',(5.75,0.925,3.85));
#4397 = VERTEX_POINT('',#4398);
#4398 = CARTESIAN_POINT('',(5.75,0.925,1.1));
#4399 = LINE('',#4400,#4401);
#4400 = CARTESIAN_POINT('',(5.75,0.925,4.1));
#4401 = VECTOR('',#4402,1.);
#4402 = DIRECTION('',(0.,6.798136339768E-48,-1.));
#4403 = ORIENTED_EDGE('',*,*,#4404,.T.);
#4404 = EDGE_CURVE('',#4395,#4366,#4405,.T.);
#4405 = LINE('',#4406,#4407);
#4406 = CARTESIAN_POINT('',(5.75,2.25,3.85));
#4407 = VECTOR('',#4408,1.);
#4408 = DIRECTION('',(0.,1.,1.247005693594E-16));
#4409 = ORIENTED_EDGE('',*,*,#4363,.F.);
#4410 = ORIENTED_EDGE('',*,*,#4411,.F.);
#4411 = EDGE_CURVE('',#4397,#4364,#4412,.T.);
#4412 = LINE('',#4413,#4414);
#4413 = CARTESIAN_POINT('',(5.75,2.25,1.1));
#4414 = VECTOR('',#4415,1.);
#4415 = DIRECTION('',(-0.,1.,-0.));
#4416 = PLANE('',#4417);
#4417 = AXIS2_PLACEMENT_3D('',#4418,#4419,#4420);
#4418 = CARTESIAN_POINT('',(5.75,2.25,1.1));
#4419 = DIRECTION('',(1.,0.,0.));
#4420 = DIRECTION('',(0.,0.,-1.));
#4421 = ADVANCED_FACE('',(#4422),#4437,.F.);
#4422 = FACE_BOUND('',#4423,.T.);
#4423 = EDGE_LOOP('',(#4424,#4425,#4426,#4432,#4433,#4434,#4435,#4436));
#4424 = ORIENTED_EDGE('',*,*,#3684,.T.);
#4425 = ORIENTED_EDGE('',*,*,#4261,.T.);
#4426 = ORIENTED_EDGE('',*,*,#4427,.F.);
#4427 = EDGE_CURVE('',#4397,#4254,#4428,.T.);
#4428 = LINE('',#4429,#4430);
#4429 = CARTESIAN_POINT('',(2.645165060748,0.925,1.1));
#4430 = VECTOR('',#4431,1.);
#4431 = DIRECTION('',(1.,-2.35131527321E-32,1.885568995627E-16));
#4432 = ORIENTED_EDGE('',*,*,#4411,.T.);
#4433 = ORIENTED_EDGE('',*,*,#4380,.T.);
#4434 = ORIENTED_EDGE('',*,*,#4151,.T.);
#4435 = ORIENTED_EDGE('',*,*,#4348,.T.);
#4436 = ORIENTED_EDGE('',*,*,#4323,.T.);
#4437 = PLANE('',#4438);
#4438 = AXIS2_PLACEMENT_3D('',#4439,#4440,#4441);
#4439 = CARTESIAN_POINT('',(0.,0.,1.1));
#4440 = DIRECTION('',(0.,0.,-1.));
#4441 = DIRECTION('',(-1.,0.,0.));
#4442 = ADVANCED_FACE('',(#4443),#4454,.F.);
#4443 = FACE_BOUND('',#4444,.T.);
#4444 = EDGE_LOOP('',(#4445,#4446,#4452,#4453));
#4445 = ORIENTED_EDGE('',*,*,#4253,.T.);
#4446 = ORIENTED_EDGE('',*,*,#4447,.T.);
#4447 = EDGE_CURVE('',#4246,#4395,#4448,.T.);
#4448 = LINE('',#4449,#4450);
#4449 = CARTESIAN_POINT('',(5.75,0.925,3.85));
#4450 = VECTOR('',#4451,1.);
#4451 = DIRECTION('',(-1.,2.35131527321E-32,2.932103533127E-48));
#4452 = ORIENTED_EDGE('',*,*,#4394,.T.);
#4453 = ORIENTED_EDGE('',*,*,#4427,.T.);
#4454 = PLANE('',#4455);
#4455 = AXIS2_PLACEMENT_3D('',#4456,#4457,#4458);
#4456 = CARTESIAN_POINT('',(2.645165060748,0.925,4.1));
#4457 = DIRECTION('',(2.35131527321E-32,1.,6.798136339768E-48));
#4458 = DIRECTION('',(-1.,2.35131527321E-32,0.));
#4459 = ADVANCED_FACE('',(#4460),#4471,.T.);
#4460 = FACE_BOUND('',#4461,.T.);
#4461 = EDGE_LOOP('',(#4462,#4463,#4464,#4470));
#4462 = ORIENTED_EDGE('',*,*,#4245,.F.);
#4463 = ORIENTED_EDGE('',*,*,#4214,.F.);
#4464 = ORIENTED_EDGE('',*,*,#4465,.F.);
#4465 = EDGE_CURVE('',#4395,#4207,#4466,.T.);
#4466 = LINE('',#4467,#4468);
#4467 = CARTESIAN_POINT('',(6.083333333333,1.258333333333,4.183333333333
    ));
#4468 = VECTOR('',#4469,1.);
#4469 = DIRECTION('',(0.57735026919,0.57735026919,0.57735026919));
#4470 = ORIENTED_EDGE('',*,*,#4447,.F.);
#4471 = PLANE('',#4472);
#4472 = AXIS2_PLACEMENT_3D('',#4473,#4474,#4475);
#4473 = CARTESIAN_POINT('',(6.25,1.175,4.1));
#4474 = DIRECTION('',(-1.662630974395E-32,-0.707106781187,0.707106781187
    ));
#4475 = DIRECTION('',(-1.,2.35131527321E-32,2.736911063134E-48));
#4476 = ADVANCED_FACE('',(#4477),#4488,.T.);
#4477 = FACE_BOUND('',#4478,.T.);
#4478 = EDGE_LOOP('',(#4479,#4480,#4481,#4487));
#4479 = ORIENTED_EDGE('',*,*,#4465,.T.);
#4480 = ORIENTED_EDGE('',*,*,#4206,.F.);
#4481 = ORIENTED_EDGE('',*,*,#4482,.F.);
#4482 = EDGE_CURVE('',#4366,#4199,#4483,.T.);
#4483 = LINE('',#4484,#4485);
#4484 = CARTESIAN_POINT('',(5.6,2.1,3.7));
#4485 = VECTOR('',#4486,1.);
#4486 = DIRECTION('',(0.57735026919,0.57735026919,0.57735026919));
#4487 = ORIENTED_EDGE('',*,*,#4404,.F.);
#4488 = PLANE('',#4489);
#4489 = AXIS2_PLACEMENT_3D('',#4490,#4491,#4492);
#4490 = CARTESIAN_POINT('',(5.75,2.25,3.85));
#4491 = DIRECTION('',(-0.707106781187,-8.817661821182E-17,0.707106781187
    ));
#4492 = DIRECTION('',(0.,-1.,-1.247005693594E-16));
#4493 = ADVANCED_FACE('',(#4494),#4500,.T.);
#4494 = FACE_BOUND('',#4495,.T.);
#4495 = EDGE_LOOP('',(#4496,#4497,#4498,#4499));
#4496 = ORIENTED_EDGE('',*,*,#4482,.T.);
#4497 = ORIENTED_EDGE('',*,*,#4198,.F.);
#4498 = ORIENTED_EDGE('',*,*,#4167,.F.);
#4499 = ORIENTED_EDGE('',*,*,#4373,.F.);
#4500 = PLANE('',#4501);
#4501 = AXIS2_PLACEMENT_3D('',#4502,#4503,#4504);
#4502 = CARTESIAN_POINT('',(5.3,2.25,3.85));
#4503 = DIRECTION('',(0.,-0.707106781187,0.707106781187));
#4504 = DIRECTION('',(1.,0.,0.));
#4505 = ADVANCED_FACE('',(#4506),#4534,.F.);
#4506 = FACE_BOUND('',#4507,.T.);
#4507 = EDGE_LOOP('',(#4508,#4518,#4524,#4525,#4526,#4527,#4528));
#4508 = ORIENTED_EDGE('',*,*,#4509,.T.);
#4509 = EDGE_CURVE('',#4510,#4512,#4514,.T.);
#4510 = VERTEX_POINT('',#4511);
#4511 = CARTESIAN_POINT('',(4.275,1.225,-0.5));
#4512 = VERTEX_POINT('',#4513);
#4513 = CARTESIAN_POINT('',(4.275,1.225,4.75));
#4514 = LINE('',#4515,#4516);
#4515 = CARTESIAN_POINT('',(4.275,1.225,-6.423311995835));
#4516 = VECTOR('',#4517,1.);
#4517 = DIRECTION('',(-0.,-0.,1.));
#4518 = ORIENTED_EDGE('',*,*,#4519,.T.);
#4519 = EDGE_CURVE('',#4512,#3507,#4520,.T.);
#4520 = LINE('',#4521,#4522);
#4521 = CARTESIAN_POINT('',(4.275,5.325,4.75));
#4522 = VECTOR('',#4523,1.);
#4523 = DIRECTION('',(-2.115516434118E-16,1.,0.));
#4524 = ORIENTED_EDGE('',*,*,#3506,.F.);
#4525 = ORIENTED_EDGE('',*,*,#3483,.F.);
#4526 = ORIENTED_EDGE('',*,*,#3466,.F.);
#4527 = ORIENTED_EDGE('',*,*,#3394,.F.);
#4528 = ORIENTED_EDGE('',*,*,#4529,.F.);
#4529 = EDGE_CURVE('',#4510,#3387,#4530,.T.);
#4530 = LINE('',#4531,#4532);
#4531 = CARTESIAN_POINT('',(4.275,5.325,-0.5));
#4532 = VECTOR('',#4533,1.);
#4533 = DIRECTION('',(-2.115516434118E-16,1.,1.247005693594E-16));
#4534 = PLANE('',#4535);
#4535 = AXIS2_PLACEMENT_3D('',#4536,#4537,#4538);
#4536 = CARTESIAN_POINT('',(4.275,5.325,-6.423311995835));
#4537 = DIRECTION('',(1.,2.115516434118E-16,0.));
#4538 = DIRECTION('',(-2.115516434118E-16,1.,0.));
#4539 = ADVANCED_FACE('',(#4540,#4574,#4608,#4642),#4660,.F.);
#4540 = FACE_BOUND('',#4541,.T.);
#4541 = EDGE_LOOP('',(#4542,#4552,#4560,#4568));
#4542 = ORIENTED_EDGE('',*,*,#4543,.F.);
#4543 = EDGE_CURVE('',#4544,#4546,#4548,.T.);
#4544 = VERTEX_POINT('',#4545);
#4545 = CARTESIAN_POINT('',(-0.32,3.48,-0.5));
#4546 = VERTEX_POINT('',#4547);
#4547 = CARTESIAN_POINT('',(0.32,3.48,-0.5));
#4548 = LINE('',#4549,#4550);
#4549 = CARTESIAN_POINT('',(-0.32,3.48,-0.5));
#4550 = VECTOR('',#4551,1.);
#4551 = DIRECTION('',(1.,0.,0.));
#4552 = ORIENTED_EDGE('',*,*,#4553,.F.);
#4553 = EDGE_CURVE('',#4554,#4544,#4556,.T.);
#4554 = VERTEX_POINT('',#4555);
#4555 = CARTESIAN_POINT('',(-0.32,4.12,-0.5));
#4556 = LINE('',#4557,#4558);
#4557 = CARTESIAN_POINT('',(-0.32,4.12,-0.5));
#4558 = VECTOR('',#4559,1.);
#4559 = DIRECTION('',(0.,-1.,0.));
#4560 = ORIENTED_EDGE('',*,*,#4561,.F.);
#4561 = EDGE_CURVE('',#4562,#4554,#4564,.T.);
#4562 = VERTEX_POINT('',#4563);
#4563 = CARTESIAN_POINT('',(0.32,4.12,-0.5));
#4564 = LINE('',#4565,#4566);
#4565 = CARTESIAN_POINT('',(-0.32,4.12,-0.5));
#4566 = VECTOR('',#4567,1.);
#4567 = DIRECTION('',(-1.,-0.,-0.));
#4568 = ORIENTED_EDGE('',*,*,#4569,.F.);
#4569 = EDGE_CURVE('',#4546,#4562,#4570,.T.);
#4570 = LINE('',#4571,#4572);
#4571 = CARTESIAN_POINT('',(0.32,3.48,-0.5));
#4572 = VECTOR('',#4573,1.);
#4573 = DIRECTION('',(0.,1.,0.));
#4574 = FACE_BOUND('',#4575,.T.);
#4575 = EDGE_LOOP('',(#4576,#4586,#4594,#4602));
#4576 = ORIENTED_EDGE('',*,*,#4577,.F.);
#4577 = EDGE_CURVE('',#4578,#4580,#4582,.T.);
#4578 = VERTEX_POINT('',#4579);
#4579 = CARTESIAN_POINT('',(-2.82,3.48,-0.5));
#4580 = VERTEX_POINT('',#4581);
#4581 = CARTESIAN_POINT('',(-2.18,3.48,-0.5));
#4582 = LINE('',#4583,#4584);
#4583 = CARTESIAN_POINT('',(-2.82,3.48,-0.5));
#4584 = VECTOR('',#4585,1.);
#4585 = DIRECTION('',(1.,0.,0.));
#4586 = ORIENTED_EDGE('',*,*,#4587,.F.);
#4587 = EDGE_CURVE('',#4588,#4578,#4590,.T.);
#4588 = VERTEX_POINT('',#4589);
#4589 = CARTESIAN_POINT('',(-2.82,4.12,-0.5));
#4590 = LINE('',#4591,#4592);
#4591 = CARTESIAN_POINT('',(-2.82,4.12,-0.5));
#4592 = VECTOR('',#4593,1.);
#4593 = DIRECTION('',(0.,-1.,0.));
#4594 = ORIENTED_EDGE('',*,*,#4595,.F.);
#4595 = EDGE_CURVE('',#4596,#4588,#4598,.T.);
#4596 = VERTEX_POINT('',#4597);
#4597 = CARTESIAN_POINT('',(-2.18,4.12,-0.5));
#4598 = LINE('',#4599,#4600);
#4599 = CARTESIAN_POINT('',(-2.82,4.12,-0.5));
#4600 = VECTOR('',#4601,1.);
#4601 = DIRECTION('',(-1.,-0.,-0.));
#4602 = ORIENTED_EDGE('',*,*,#4603,.F.);
#4603 = EDGE_CURVE('',#4580,#4596,#4604,.T.);
#4604 = LINE('',#4605,#4606);
#4605 = CARTESIAN_POINT('',(-2.18,3.48,-0.5));
#4606 = VECTOR('',#4607,1.);
#4607 = DIRECTION('',(0.,1.,0.));
#4608 = FACE_BOUND('',#4609,.T.);
#4609 = EDGE_LOOP('',(#4610,#4620,#4628,#4636));
#4610 = ORIENTED_EDGE('',*,*,#4611,.F.);
#4611 = EDGE_CURVE('',#4612,#4614,#4616,.T.);
#4612 = VERTEX_POINT('',#4613);
#4613 = CARTESIAN_POINT('',(2.18,3.48,-0.5));
#4614 = VERTEX_POINT('',#4615);
#4615 = CARTESIAN_POINT('',(2.82,3.48,-0.5));
#4616 = LINE('',#4617,#4618);
#4617 = CARTESIAN_POINT('',(2.18,3.48,-0.5));
#4618 = VECTOR('',#4619,1.);
#4619 = DIRECTION('',(1.,0.,0.));
#4620 = ORIENTED_EDGE('',*,*,#4621,.F.);
#4621 = EDGE_CURVE('',#4622,#4612,#4624,.T.);
#4622 = VERTEX_POINT('',#4623);
#4623 = CARTESIAN_POINT('',(2.18,4.12,-0.5));
#4624 = LINE('',#4625,#4626);
#4625 = CARTESIAN_POINT('',(2.18,4.12,-0.5));
#4626 = VECTOR('',#4627,1.);
#4627 = DIRECTION('',(0.,-1.,0.));
#4628 = ORIENTED_EDGE('',*,*,#4629,.F.);
#4629 = EDGE_CURVE('',#4630,#4622,#4632,.T.);
#4630 = VERTEX_POINT('',#4631);
#4631 = CARTESIAN_POINT('',(2.82,4.12,-0.5));
#4632 = LINE('',#4633,#4634);
#4633 = CARTESIAN_POINT('',(2.18,4.12,-0.5));
#4634 = VECTOR('',#4635,1.);
#4635 = DIRECTION('',(-1.,-0.,-0.));
#4636 = ORIENTED_EDGE('',*,*,#4637,.F.);
#4637 = EDGE_CURVE('',#4614,#4630,#4638,.T.);
#4638 = LINE('',#4639,#4640);
#4639 = CARTESIAN_POINT('',(2.82,3.48,-0.5));
#4640 = VECTOR('',#4641,1.);
#4641 = DIRECTION('',(0.,1.,0.));
#4642 = FACE_BOUND('',#4643,.T.);
#4643 = EDGE_LOOP('',(#4644,#4645,#4653,#4659));
#4644 = ORIENTED_EDGE('',*,*,#3386,.T.);
#4645 = ORIENTED_EDGE('',*,*,#4646,.F.);
#4646 = EDGE_CURVE('',#4647,#3379,#4649,.T.);
#4647 = VERTEX_POINT('',#4648);
#4648 = CARTESIAN_POINT('',(-4.275,1.225,-0.5));
#4649 = LINE('',#4650,#4651);
#4650 = CARTESIAN_POINT('',(-4.275,5.325,-0.5));
#4651 = VECTOR('',#4652,1.);
#4652 = DIRECTION('',(2.115516434118E-16,1.,1.247005693594E-16));
#4653 = ORIENTED_EDGE('',*,*,#4654,.T.);
#4654 = EDGE_CURVE('',#4647,#4510,#4655,.T.);
#4655 = LINE('',#4656,#4657);
#4656 = CARTESIAN_POINT('',(5.021051876504E-16,1.225,-0.5));
#4657 = VECTOR('',#4658,1.);
#4658 = DIRECTION('',(1.,0.,0.));
#4659 = ORIENTED_EDGE('',*,*,#4529,.T.);
#4660 = PLANE('',#4661);
#4661 = AXIS2_PLACEMENT_3D('',#4662,#4663,#4664);
#4662 = CARTESIAN_POINT('',(5.025,2.975,-0.5));
#4663 = DIRECTION('',(0.,1.247005693594E-16,-1.));
#4664 = DIRECTION('',(0.,1.,1.247005693594E-16));
#4665 = ADVANCED_FACE('',(#4666),#4684,.F.);
#4666 = FACE_BOUND('',#4667,.T.);
#4667 = EDGE_LOOP('',(#4668,#4669,#4677,#4683));
#4668 = ORIENTED_EDGE('',*,*,#4654,.F.);
#4669 = ORIENTED_EDGE('',*,*,#4670,.T.);
#4670 = EDGE_CURVE('',#4647,#4671,#4673,.T.);
#4671 = VERTEX_POINT('',#4672);
#4672 = CARTESIAN_POINT('',(-4.275,1.225,4.75));
#4673 = LINE('',#4674,#4675);
#4674 = CARTESIAN_POINT('',(-4.275,1.225,-6.423311995835));
#4675 = VECTOR('',#4676,1.);
#4676 = DIRECTION('',(0.,0.,1.));
#4677 = ORIENTED_EDGE('',*,*,#4678,.T.);
#4678 = EDGE_CURVE('',#4671,#4512,#4679,.T.);
#4679 = LINE('',#4680,#4681);
#4680 = CARTESIAN_POINT('',(5.021051876504E-16,1.225,4.75));
#4681 = VECTOR('',#4682,1.);
#4682 = DIRECTION('',(1.,0.,0.));
#4683 = ORIENTED_EDGE('',*,*,#4509,.F.);
#4684 = PLANE('',#4685);
#4685 = AXIS2_PLACEMENT_3D('',#4686,#4687,#4688);
#4686 = CARTESIAN_POINT('',(5.021051876504E-16,1.225,-6.423311995835));
#4687 = DIRECTION('',(0.,-1.,0.));
#4688 = DIRECTION('',(0.,-0.,-1.));
#4689 = ADVANCED_FACE('',(#4690),#4706,.F.);
#4690 = FACE_BOUND('',#4691,.T.);
#4691 = EDGE_LOOP('',(#4692,#4693,#4699,#4700));
#4692 = ORIENTED_EDGE('',*,*,#4678,.F.);
#4693 = ORIENTED_EDGE('',*,*,#4694,.T.);
#4694 = EDGE_CURVE('',#4671,#3548,#4695,.T.);
#4695 = LINE('',#4696,#4697);
#4696 = CARTESIAN_POINT('',(-2.908333333333,2.591666666667,
    3.383333333333));
#4697 = VECTOR('',#4698,1.);
#4698 = DIRECTION('',(-0.57735026919,-0.57735026919,0.57735026919));
#4699 = ORIENTED_EDGE('',*,*,#3547,.F.);
#4700 = ORIENTED_EDGE('',*,*,#4701,.F.);
#4701 = EDGE_CURVE('',#4512,#3540,#4702,.T.);
#4702 = LINE('',#4703,#4704);
#4703 = CARTESIAN_POINT('',(2.908333333333,2.591666666667,3.383333333333
    ));
#4704 = VECTOR('',#4705,1.);
#4705 = DIRECTION('',(0.57735026919,-0.57735026919,0.57735026919));
#4706 = PLANE('',#4707);
#4707 = AXIS2_PLACEMENT_3D('',#4708,#4709,#4710);
#4708 = CARTESIAN_POINT('',(5.021051876504E-16,1.225,4.75));
#4709 = DIRECTION('',(0.,-0.707106781187,-0.707106781187));
#4710 = DIRECTION('',(1.,0.,0.));
#4711 = ADVANCED_FACE('',(#4712),#4718,.F.);
#4712 = FACE_BOUND('',#4713,.T.);
#4713 = EDGE_LOOP('',(#4714,#4715,#4716,#4717));
#4714 = ORIENTED_EDGE('',*,*,#4701,.T.);
#4715 = ORIENTED_EDGE('',*,*,#3539,.F.);
#4716 = ORIENTED_EDGE('',*,*,#3514,.F.);
#4717 = ORIENTED_EDGE('',*,*,#4519,.F.);
#4718 = PLANE('',#4719);
#4719 = AXIS2_PLACEMENT_3D('',#4720,#4721,#4722);
#4720 = CARTESIAN_POINT('',(4.275,5.325,4.75));
#4721 = DIRECTION('',(0.707106781187,1.495896016276E-16,-0.707106781187)
  );
#4722 = DIRECTION('',(-2.115516434118E-16,1.,0.));
#4723 = ADVANCED_FACE('',(#4724),#4735,.F.);
#4724 = FACE_BOUND('',#4725,.T.);
#4725 = EDGE_LOOP('',(#4726,#4727,#4733,#4734));
#4726 = ORIENTED_EDGE('',*,*,#3289,.T.);
#4727 = ORIENTED_EDGE('',*,*,#4728,.T.);
#4728 = EDGE_CURVE('',#3279,#3849,#4729,.T.);
#4729 = LINE('',#4730,#4731);
#4730 = CARTESIAN_POINT('',(1.55,3.531900772835E-02,0.35));
#4731 = VECTOR('',#4732,1.);
#4732 = DIRECTION('',(-0.,1.,-0.));
#4733 = ORIENTED_EDGE('',*,*,#3848,.T.);
#4734 = ORIENTED_EDGE('',*,*,#3127,.F.);
#4735 = PLANE('',#4736);
#4736 = AXIS2_PLACEMENT_3D('',#4737,#4738,#4739);
#4737 = CARTESIAN_POINT('',(1.55,3.531900772835E-02,5.));
#4738 = DIRECTION('',(-1.,0.,-0.));
#4739 = DIRECTION('',(0.,0.,1.));
#4740 = ADVANCED_FACE('',(#4741),#4752,.F.);
#4741 = FACE_BOUND('',#4742,.F.);
#4742 = EDGE_LOOP('',(#4743,#4744,#4745,#4751));
#4743 = ORIENTED_EDGE('',*,*,#4728,.T.);
#4744 = ORIENTED_EDGE('',*,*,#3856,.F.);
#4745 = ORIENTED_EDGE('',*,*,#4746,.F.);
#4746 = EDGE_CURVE('',#3281,#3857,#4747,.T.);
#4747 = LINE('',#4748,#4749);
#4748 = CARTESIAN_POINT('',(2.055555555556,3.531900772835E-02,
    0.131489328452));
#4749 = VECTOR('',#4750,1.);
#4750 = DIRECTION('',(-0.,1.,-0.));
#4751 = ORIENTED_EDGE('',*,*,#3278,.F.);
#4752 = CYLINDRICAL_SURFACE('',#4753,0.3);
#4753 = AXIS2_PLACEMENT_3D('',#4754,#4755,#4756);
#4754 = CARTESIAN_POINT('',(1.85,3.531900772835E-02,0.35));
#4755 = DIRECTION('',(-0.,1.,-0.));
#4756 = DIRECTION('',(0.,0.,1.));
#4757 = ADVANCED_FACE('',(#4758),#4769,.F.);
#4758 = FACE_BOUND('',#4759,.F.);
#4759 = EDGE_LOOP('',(#4760,#4761,#4762,#4768));
#4760 = ORIENTED_EDGE('',*,*,#4746,.T.);
#4761 = ORIENTED_EDGE('',*,*,#3865,.F.);
#4762 = ORIENTED_EDGE('',*,*,#4763,.F.);
#4763 = EDGE_CURVE('',#3435,#3866,#4764,.T.);
#4764 = LINE('',#4765,#4766);
#4765 = CARTESIAN_POINT('',(3.,3.531900772835E-02,2.31659604393));
#4766 = VECTOR('',#4767,1.);
#4767 = DIRECTION('',(-0.,1.,-0.));
#4768 = ORIENTED_EDGE('',*,*,#3442,.F.);
#4769 = CYLINDRICAL_SURFACE('',#4770,3.);
#4770 = AXIS2_PLACEMENT_3D('',#4771,#4772,#4773);
#4771 = CARTESIAN_POINT('',(-2.602085213965E-15,3.531900772835E-02,
    2.31659604393));
#4772 = DIRECTION('',(-0.,1.,-0.));
#4773 = DIRECTION('',(0.,0.,1.));
#4774 = ADVANCED_FACE('',(#4775),#4786,.F.);
#4775 = FACE_BOUND('',#4776,.T.);
#4776 = EDGE_LOOP('',(#4777,#4778,#4784,#4785));
#4777 = ORIENTED_EDGE('',*,*,#3434,.T.);
#4778 = ORIENTED_EDGE('',*,*,#4779,.T.);
#4779 = EDGE_CURVE('',#3427,#3875,#4780,.T.);
#4780 = LINE('',#4781,#4782);
#4781 = CARTESIAN_POINT('',(3.,3.531900772835E-02,4.108963702892));
#4782 = VECTOR('',#4783,1.);
#4783 = DIRECTION('',(-0.,1.,-0.));
#4784 = ORIENTED_EDGE('',*,*,#3874,.T.);
#4785 = ORIENTED_EDGE('',*,*,#4763,.F.);
#4786 = PLANE('',#4787);
#4787 = AXIS2_PLACEMENT_3D('',#4788,#4789,#4790);
#4788 = CARTESIAN_POINT('',(3.,3.531900772835E-02,2.31659604393));
#4789 = DIRECTION('',(1.,0.,-0.));
#4790 = DIRECTION('',(-0.,0.,-1.));
#4791 = ADVANCED_FACE('',(#4792),#4803,.F.);
#4792 = FACE_BOUND('',#4793,.T.);
#4793 = EDGE_LOOP('',(#4794,#4795,#4801,#4802));
#4794 = ORIENTED_EDGE('',*,*,#3426,.T.);
#4795 = ORIENTED_EDGE('',*,*,#4796,.T.);
#4796 = EDGE_CURVE('',#3419,#3883,#4797,.T.);
#4797 = LINE('',#4798,#4799);
#4798 = CARTESIAN_POINT('',(2.825,3.531900772835E-02,4.21));
#4799 = VECTOR('',#4800,1.);
#4800 = DIRECTION('',(-0.,1.,-0.));
#4801 = ORIENTED_EDGE('',*,*,#3882,.T.);
#4802 = ORIENTED_EDGE('',*,*,#4779,.F.);
#4803 = PLANE('',#4804);
#4804 = AXIS2_PLACEMENT_3D('',#4805,#4806,#4807);
#4805 = CARTESIAN_POINT('',(3.,3.531900772835E-02,4.108963702892));
#4806 = DIRECTION('',(0.5,0.,0.866025403784));
#4807 = DIRECTION('',(0.866025403784,0.,-0.5));
#4808 = ADVANCED_FACE('',(#4809),#4820,.F.);
#4809 = FACE_BOUND('',#4810,.T.);
#4810 = EDGE_LOOP('',(#4811,#4812,#4818,#4819));
#4811 = ORIENTED_EDGE('',*,*,#3418,.T.);
#4812 = ORIENTED_EDGE('',*,*,#4813,.T.);
#4813 = EDGE_CURVE('',#3411,#3891,#4814,.T.);
#4814 = LINE('',#4815,#4816);
#4815 = CARTESIAN_POINT('',(2.825,3.531900772835E-02,4.41));
#4816 = VECTOR('',#4817,1.);
#4817 = DIRECTION('',(-0.,1.,-0.));
#4818 = ORIENTED_EDGE('',*,*,#3890,.T.);
#4819 = ORIENTED_EDGE('',*,*,#4796,.F.);
#4820 = PLANE('',#4821);
#4821 = AXIS2_PLACEMENT_3D('',#4822,#4823,#4824);
#4822 = CARTESIAN_POINT('',(2.825,3.531900772835E-02,4.21));
#4823 = DIRECTION('',(1.,0.,-2.168404344971E-15));
#4824 = DIRECTION('',(-2.168404344971E-15,0.,-1.));
#4825 = ADVANCED_FACE('',(#4826),#4832,.F.);
#4826 = FACE_BOUND('',#4827,.T.);
#4827 = EDGE_LOOP('',(#4828,#4829,#4830,#4831));
#4828 = ORIENTED_EDGE('',*,*,#3410,.T.);
#4829 = ORIENTED_EDGE('',*,*,#3255,.T.);
#4830 = ORIENTED_EDGE('',*,*,#3898,.T.);
#4831 = ORIENTED_EDGE('',*,*,#4813,.F.);
#4832 = PLANE('',#4833);
#4833 = AXIS2_PLACEMENT_3D('',#4834,#4835,#4836);
#4834 = CARTESIAN_POINT('',(2.825,3.531900772835E-02,4.41));
#4835 = DIRECTION('',(0.707106781187,0.,-0.707106781187));
#4836 = DIRECTION('',(-0.707106781187,0.,-0.707106781187));
#4837 = ADVANCED_FACE('',(#4838),#4897,.T.);
#4838 = FACE_BOUND('',#4839,.T.);
#4839 = EDGE_LOOP('',(#4840,#4841,#4849,#4857,#4864,#4865,#4871,#4872,
    #4873,#4874,#4875,#4883,#4891));
#4840 = ORIENTED_EDGE('',*,*,#3571,.F.);
#4841 = ORIENTED_EDGE('',*,*,#4842,.F.);
#4842 = EDGE_CURVE('',#4843,#3564,#4845,.T.);
#4843 = VERTEX_POINT('',#4844);
#4844 = CARTESIAN_POINT('',(-5.025,4.325,2.));
#4845 = LINE('',#4846,#4847);
#4846 = CARTESIAN_POINT('',(-5.025,4.325,5.));
#4847 = VECTOR('',#4848,1.);
#4848 = DIRECTION('',(0.,0.,1.));
#4849 = ORIENTED_EDGE('',*,*,#4850,.F.);
#4850 = EDGE_CURVE('',#4851,#4843,#4853,.T.);
#4851 = VERTEX_POINT('',#4852);
#4852 = CARTESIAN_POINT('',(-5.025,4.625,2.));
#4853 = LINE('',#4854,#4855);
#4854 = CARTESIAN_POINT('',(-5.025,4.325,2.));
#4855 = VECTOR('',#4856,1.);
#4856 = DIRECTION('',(0.,-1.,0.));
#4857 = ORIENTED_EDGE('',*,*,#4858,.F.);
#4858 = EDGE_CURVE('',#3363,#4851,#4859,.T.);
#4859 = CIRCLE('',#4860,0.7);
#4860 = AXIS2_PLACEMENT_3D('',#4861,#4862,#4863);
#4861 = CARTESIAN_POINT('',(-5.025,4.625,2.7));
#4862 = DIRECTION('',(-1.,0.,0.));
#4863 = DIRECTION('',(0.,0.,-1.));
#4864 = ORIENTED_EDGE('',*,*,#3362,.F.);
#4865 = ORIENTED_EDGE('',*,*,#4866,.F.);
#4866 = EDGE_CURVE('',#3908,#3355,#4867,.T.);
#4867 = LINE('',#4868,#4869);
#4868 = CARTESIAN_POINT('',(-5.025,5.325,5.));
#4869 = VECTOR('',#4870,1.);
#4870 = DIRECTION('',(0.,-1.,1.084202172486E-15));
#4871 = ORIENTED_EDGE('',*,*,#3907,.F.);
#4872 = ORIENTED_EDGE('',*,*,#2725,.F.);
#4873 = ORIENTED_EDGE('',*,*,#3793,.F.);
#4874 = ORIENTED_EDGE('',*,*,#3763,.F.);
#4875 = ORIENTED_EDGE('',*,*,#4876,.F.);
#4876 = EDGE_CURVE('',#4877,#3756,#4879,.T.);
#4877 = VERTEX_POINT('',#4878);
#4878 = CARTESIAN_POINT('',(-5.025,0.125,-0.5));
#4879 = LINE('',#4880,#4881);
#4880 = CARTESIAN_POINT('',(-5.025,0.125,-2.825));
#4881 = VECTOR('',#4882,1.);
#4882 = DIRECTION('',(0.,1.247005693594E-16,-1.));
#4883 = ORIENTED_EDGE('',*,*,#4884,.F.);
#4884 = EDGE_CURVE('',#4885,#4877,#4887,.T.);
#4885 = VERTEX_POINT('',#4886);
#4886 = CARTESIAN_POINT('',(-5.025,2.975,-0.5));
#4887 = LINE('',#4888,#4889);
#4888 = CARTESIAN_POINT('',(-5.025,2.975,-0.5));
#4889 = VECTOR('',#4890,1.);
#4890 = DIRECTION('',(-0.,-1.,-1.247005693594E-16));
#4891 = ORIENTED_EDGE('',*,*,#4892,.F.);
#4892 = EDGE_CURVE('',#3572,#4885,#4893,.T.);
#4893 = LINE('',#4894,#4895);
#4894 = CARTESIAN_POINT('',(-5.025,2.975,5.));
#4895 = VECTOR('',#4896,1.);
#4896 = DIRECTION('',(0.,1.232047923279E-16,-1.));
#4897 = PLANE('',#4898);
#4898 = AXIS2_PLACEMENT_3D('',#4899,#4900,#4901);
#4899 = CARTESIAN_POINT('',(-5.025,0.,0.));
#4900 = DIRECTION('',(-1.,0.,0.));
#4901 = DIRECTION('',(0.,0.,-1.));
#4902 = ADVANCED_FACE('',(#4903),#4914,.F.);
#4903 = FACE_BOUND('',#4904,.T.);
#4904 = EDGE_LOOP('',(#4905,#4906,#4907,#4908));
#4905 = ORIENTED_EDGE('',*,*,#3915,.F.);
#4906 = ORIENTED_EDGE('',*,*,#4866,.T.);
#4907 = ORIENTED_EDGE('',*,*,#3354,.T.);
#4908 = ORIENTED_EDGE('',*,*,#4909,.T.);
#4909 = EDGE_CURVE('',#3347,#3916,#4910,.T.);
#4910 = LINE('',#4911,#4912);
#4911 = CARTESIAN_POINT('',(-3.415,3.531900772835E-02,5.));
#4912 = VECTOR('',#4913,1.);
#4913 = DIRECTION('',(0.,1.,0.));
#4914 = PLANE('',#4915);
#4915 = AXIS2_PLACEMENT_3D('',#4916,#4917,#4918);
#4916 = CARTESIAN_POINT('',(-16.11055906123,5.325,5.));
#4917 = DIRECTION('',(0.,-1.084202172486E-15,-1.));
#4918 = DIRECTION('',(0.,1.,-1.084202172486E-15));
#4919 = ADVANCED_FACE('',(#4920),#4939,.F.);
#4920 = FACE_BOUND('',#4921,.F.);
#4921 = EDGE_LOOP('',(#4922,#4931,#4937,#4938));
#4922 = ORIENTED_EDGE('',*,*,#4923,.T.);
#4923 = EDGE_CURVE('',#3371,#4924,#4926,.T.);
#4924 = VERTEX_POINT('',#4925);
#4925 = CARTESIAN_POINT('',(-4.275,4.625,2.));
#4926 = CIRCLE('',#4927,0.7);
#4927 = AXIS2_PLACEMENT_3D('',#4928,#4929,#4930);
#4928 = CARTESIAN_POINT('',(-4.275,4.625,2.7));
#4929 = DIRECTION('',(-1.,2.115516434118E-16,0.));
#4930 = DIRECTION('',(2.115516434118E-16,1.,0.));
#4931 = ORIENTED_EDGE('',*,*,#4932,.F.);
#4932 = EDGE_CURVE('',#4851,#4924,#4933,.T.);
#4933 = LINE('',#4934,#4935);
#4934 = CARTESIAN_POINT('',(-16.11055906123,4.625,2.));
#4935 = VECTOR('',#4936,1.);
#4936 = DIRECTION('',(1.,-0.,-0.));
#4937 = ORIENTED_EDGE('',*,*,#4858,.F.);
#4938 = ORIENTED_EDGE('',*,*,#3370,.T.);
#4939 = CYLINDRICAL_SURFACE('',#4940,0.7);
#4940 = AXIS2_PLACEMENT_3D('',#4941,#4942,#4943);
#4941 = CARTESIAN_POINT('',(-16.11055906123,4.625,2.7));
#4942 = DIRECTION('',(1.,-0.,-0.));
#4943 = DIRECTION('',(0.,0.,1.));
#4944 = ADVANCED_FACE('',(#4945),#4963,.F.);
#4945 = FACE_BOUND('',#4946,.T.);
#4946 = EDGE_LOOP('',(#4947,#4948,#4949,#4957));
#4947 = ORIENTED_EDGE('',*,*,#4932,.F.);
#4948 = ORIENTED_EDGE('',*,*,#4850,.T.);
#4949 = ORIENTED_EDGE('',*,*,#4950,.T.);
#4950 = EDGE_CURVE('',#4843,#4951,#4953,.T.);
#4951 = VERTEX_POINT('',#4952);
#4952 = CARTESIAN_POINT('',(-4.275,4.325,2.));
#4953 = LINE('',#4954,#4955);
#4954 = CARTESIAN_POINT('',(-16.11055906123,4.325,2.));
#4955 = VECTOR('',#4956,1.);
#4956 = DIRECTION('',(1.,-0.,-0.));
#4957 = ORIENTED_EDGE('',*,*,#4958,.F.);
#4958 = EDGE_CURVE('',#4924,#4951,#4959,.T.);
#4959 = LINE('',#4960,#4961);
#4960 = CARTESIAN_POINT('',(-4.275,4.325,2.));
#4961 = VECTOR('',#4962,1.);
#4962 = DIRECTION('',(-2.115516434118E-16,-1.,0.));
#4963 = PLANE('',#4964);
#4964 = AXIS2_PLACEMENT_3D('',#4965,#4966,#4967);
#4965 = CARTESIAN_POINT('',(-16.11055906123,4.325,2.));
#4966 = DIRECTION('',(0.,0.,-1.));
#4967 = DIRECTION('',(1.,0.,0.));
#4968 = ADVANCED_FACE('',(#4969),#4988,.F.);
#4969 = FACE_BOUND('',#4970,.T.);
#4970 = EDGE_LOOP('',(#4971,#4979,#4980,#4981,#4982));
#4971 = ORIENTED_EDGE('',*,*,#4972,.F.);
#4972 = EDGE_CURVE('',#4951,#4973,#4975,.T.);
#4973 = VERTEX_POINT('',#4974);
#4974 = CARTESIAN_POINT('',(-4.275,4.325,4.75));
#4975 = LINE('',#4976,#4977);
#4976 = CARTESIAN_POINT('',(-4.275,4.325,5.));
#4977 = VECTOR('',#4978,1.);
#4978 = DIRECTION('',(0.,0.,1.));
#4979 = ORIENTED_EDGE('',*,*,#4950,.F.);
#4980 = ORIENTED_EDGE('',*,*,#4842,.T.);
#4981 = ORIENTED_EDGE('',*,*,#3563,.T.);
#4982 = ORIENTED_EDGE('',*,*,#4983,.F.);
#4983 = EDGE_CURVE('',#4973,#3556,#4984,.T.);
#4984 = LINE('',#4985,#4986);
#4985 = CARTESIAN_POINT('',(-4.275,4.325,4.75));
#4986 = VECTOR('',#4987,1.);
#4987 = DIRECTION('',(-0.707106781187,-0.,0.707106781187));
#4988 = PLANE('',#4989);
#4989 = AXIS2_PLACEMENT_3D('',#4990,#4991,#4992);
#4990 = CARTESIAN_POINT('',(-16.11055906123,4.325,5.));
#4991 = DIRECTION('',(0.,-1.,-0.));
#4992 = DIRECTION('',(-0.,0.,-1.));
#4993 = ADVANCED_FACE('',(#4994),#5035,.F.);
#4994 = FACE_BOUND('',#4995,.T.);
#4995 = EDGE_LOOP('',(#4996,#5006,#5012,#5013,#5014,#5020,#5021,#5029));
#4996 = ORIENTED_EDGE('',*,*,#4997,.F.);
#4997 = EDGE_CURVE('',#4998,#5000,#5002,.T.);
#4998 = VERTEX_POINT('',#4999);
#4999 = CARTESIAN_POINT('',(-6.25,0.125,-0.5));
#5000 = VERTEX_POINT('',#5001);
#5001 = CARTESIAN_POINT('',(-6.25,0.125,1.1));
#5002 = LINE('',#5003,#5004);
#5003 = CARTESIAN_POINT('',(-6.25,0.125,-0.5));
#5004 = VECTOR('',#5005,1.);
#5005 = DIRECTION('',(1.885568995627E-16,-1.23740465338E-16,1.));
#5006 = ORIENTED_EDGE('',*,*,#5007,.F.);
#5007 = EDGE_CURVE('',#4877,#4998,#5008,.T.);
#5008 = LINE('',#5009,#5010);
#5009 = CARTESIAN_POINT('',(-5.025,0.125,-0.5));
#5010 = VECTOR('',#5011,1.);
#5011 = DIRECTION('',(-1.,0.,0.));
#5012 = ORIENTED_EDGE('',*,*,#4876,.T.);
#5013 = ORIENTED_EDGE('',*,*,#3755,.T.);
#5014 = ORIENTED_EDGE('',*,*,#5015,.F.);
#5015 = EDGE_CURVE('',#3604,#3748,#5016,.T.);
#5016 = LINE('',#5017,#5018);
#5017 = CARTESIAN_POINT('',(-3.875,0.125,-2.825));
#5018 = VECTOR('',#5019,1.);
#5019 = DIRECTION('',(0.,1.247005693594E-16,-1.));
#5020 = ORIENTED_EDGE('',*,*,#3603,.F.);
#5021 = ORIENTED_EDGE('',*,*,#5022,.F.);
#5022 = EDGE_CURVE('',#5023,#3596,#5025,.T.);
#5023 = VERTEX_POINT('',#5024);
#5024 = CARTESIAN_POINT('',(-4.575,0.125,1.1));
#5025 = LINE('',#5026,#5027);
#5026 = CARTESIAN_POINT('',(-4.575,0.125,1.1));
#5027 = VECTOR('',#5028,1.);
#5028 = DIRECTION('',(0.,0.,1.));
#5029 = ORIENTED_EDGE('',*,*,#5030,.T.);
#5030 = EDGE_CURVE('',#5023,#5000,#5031,.T.);
#5031 = LINE('',#5032,#5033);
#5032 = CARTESIAN_POINT('',(-5.75,0.125,1.1));
#5033 = VECTOR('',#5034,1.);
#5034 = DIRECTION('',(-1.,6.920439398844E-17,0.));
#5035 = PLANE('',#5036);
#5036 = AXIS2_PLACEMENT_3D('',#5037,#5038,#5039);
#5037 = CARTESIAN_POINT('',(-16.11055906123,0.125,-2.825));
#5038 = DIRECTION('',(0.,1.,1.247005693594E-16));
#5039 = DIRECTION('',(0.,-1.247005693594E-16,1.));
#5040 = ADVANCED_FACE('',(#5041),#5047,.F.);
#5041 = FACE_BOUND('',#5042,.T.);
#5042 = EDGE_LOOP('',(#5043,#5044,#5045,#5046));
#5043 = ORIENTED_EDGE('',*,*,#3611,.F.);
#5044 = ORIENTED_EDGE('',*,*,#5015,.T.);
#5045 = ORIENTED_EDGE('',*,*,#3747,.T.);
#5046 = ORIENTED_EDGE('',*,*,#4051,.T.);
#5047 = PLANE('',#5048);
#5048 = AXIS2_PLACEMENT_3D('',#5049,#5050,#5051);
#5049 = CARTESIAN_POINT('',(-3.875,0.,-2.825));
#5050 = DIRECTION('',(-1.,0.,0.));
#5051 = DIRECTION('',(0.,0.,-1.));
#5052 = ADVANCED_FACE('',(#5053),#5078,.T.);
#5053 = FACE_BOUND('',#5054,.T.);
#5054 = EDGE_LOOP('',(#5055,#5063,#5064,#5072));
#5055 = ORIENTED_EDGE('',*,*,#5056,.T.);
#5056 = EDGE_CURVE('',#5057,#3580,#5059,.T.);
#5057 = VERTEX_POINT('',#5058);
#5058 = CARTESIAN_POINT('',(-5.3,0.675,4.769247601426));
#5059 = LINE('',#5060,#5061);
#5060 = CARTESIAN_POINT('',(-5.3,0.675,4.769247601426));
#5061 = VECTOR('',#5062,1.);
#5062 = DIRECTION('',(0.766044443119,1.145582137172E-16,0.642787609687)
  );
#5063 = ORIENTED_EDGE('',*,*,#3579,.F.);
#5064 = ORIENTED_EDGE('',*,*,#5065,.F.);
#5065 = EDGE_CURVE('',#5066,#3572,#5068,.T.);
#5066 = VERTEX_POINT('',#5067);
#5067 = CARTESIAN_POINT('',(-5.3,2.975,4.769247601426));
#5068 = LINE('',#5069,#5070);
#5069 = CARTESIAN_POINT('',(-5.3,2.975,4.769247601426));
#5070 = VECTOR('',#5071,1.);
#5071 = DIRECTION('',(0.766044443119,-7.550427722273E-17,0.642787609687)
  );
#5072 = ORIENTED_EDGE('',*,*,#5073,.T.);
#5073 = EDGE_CURVE('',#5066,#5057,#5074,.T.);
#5074 = LINE('',#5075,#5076);
#5075 = CARTESIAN_POINT('',(-5.3,2.975,4.769247601426));
#5076 = VECTOR('',#5077,1.);
#5077 = DIRECTION('',(-0.,-1.,-1.247005693594E-16));
#5078 = PLANE('',#5079);
#5079 = AXIS2_PLACEMENT_3D('',#5080,#5081,#5082);
#5080 = CARTESIAN_POINT('',(-5.3,2.975,4.769247601426));
#5081 = DIRECTION('',(-0.642787609687,-9.552617821151E-17,0.766044443119
    ));
#5082 = DIRECTION('',(-0.766044443119,0.,-0.642787609687));
#5083 = ADVANCED_FACE('',(#5084),#5133,.T.);
#5084 = FACE_BOUND('',#5085,.T.);
#5085 = EDGE_LOOP('',(#5086,#5087,#5095,#5103,#5111,#5119,#5127));
#5086 = ORIENTED_EDGE('',*,*,#5073,.F.);
#5087 = ORIENTED_EDGE('',*,*,#5088,.F.);
#5088 = EDGE_CURVE('',#5089,#5066,#5091,.T.);
#5089 = VERTEX_POINT('',#5090);
#5090 = CARTESIAN_POINT('',(-5.3,2.975,4.1));
#5091 = LINE('',#5092,#5093);
#5092 = CARTESIAN_POINT('',(-5.3,2.975,4.1));
#5093 = VECTOR('',#5094,1.);
#5094 = DIRECTION('',(0.,-1.215023599085E-16,1.));
#5095 = ORIENTED_EDGE('',*,*,#5096,.T.);
#5096 = EDGE_CURVE('',#5089,#5097,#5099,.T.);
#5097 = VERTEX_POINT('',#5098);
#5098 = CARTESIAN_POINT('',(-5.3,2.5,4.1));
#5099 = LINE('',#5100,#5101);
#5100 = CARTESIAN_POINT('',(-5.3,2.975,4.1));
#5101 = VECTOR('',#5102,1.);
#5102 = DIRECTION('',(-0.,-1.,-1.247005693594E-16));
#5103 = ORIENTED_EDGE('',*,*,#5104,.F.);
#5104 = EDGE_CURVE('',#5105,#5097,#5107,.T.);
#5105 = VERTEX_POINT('',#5106);
#5106 = CARTESIAN_POINT('',(-5.3,2.25,3.85));
#5107 = LINE('',#5108,#5109);
#5108 = CARTESIAN_POINT('',(-5.3,2.25,3.85));
#5109 = VECTOR('',#5110,1.);
#5110 = DIRECTION('',(0.,0.707106781187,0.707106781187));
#5111 = ORIENTED_EDGE('',*,*,#5112,.F.);
#5112 = EDGE_CURVE('',#5113,#5105,#5115,.T.);
#5113 = VERTEX_POINT('',#5114);
#5114 = CARTESIAN_POINT('',(-5.3,2.25,1.1));
#5115 = LINE('',#5116,#5117);
#5116 = CARTESIAN_POINT('',(-5.3,2.25,1.1));
#5117 = VECTOR('',#5118,1.);
#5118 = DIRECTION('',(0.,0.,1.));
#5119 = ORIENTED_EDGE('',*,*,#5120,.T.);
#5120 = EDGE_CURVE('',#5113,#5121,#5123,.T.);
#5121 = VERTEX_POINT('',#5122);
#5122 = CARTESIAN_POINT('',(-5.3,0.675,1.1));
#5123 = LINE('',#5124,#5125);
#5124 = CARTESIAN_POINT('',(-5.3,0.675,1.1));
#5125 = VECTOR('',#5126,1.);
#5126 = DIRECTION('',(0.,-1.,-0.));
#5127 = ORIENTED_EDGE('',*,*,#5128,.T.);
#5128 = EDGE_CURVE('',#5121,#5057,#5129,.T.);
#5129 = LINE('',#5130,#5131);
#5130 = CARTESIAN_POINT('',(-5.3,0.675,1.1));
#5131 = VECTOR('',#5132,1.);
#5132 = DIRECTION('',(0.,0.,1.));
#5133 = PLANE('',#5134);
#5134 = AXIS2_PLACEMENT_3D('',#5135,#5136,#5137);
#5135 = CARTESIAN_POINT('',(-5.3,2.975,4.1));
#5136 = DIRECTION('',(-1.,0.,0.));
#5137 = DIRECTION('',(0.,0.,-1.));
#5138 = ADVANCED_FACE('',(#5139),#5180,.T.);
#5139 = FACE_BOUND('',#5140,.T.);
#5140 = EDGE_LOOP('',(#5141,#5142,#5150,#5158,#5166,#5174));
#5141 = ORIENTED_EDGE('',*,*,#5096,.F.);
#5142 = ORIENTED_EDGE('',*,*,#5143,.F.);
#5143 = EDGE_CURVE('',#5144,#5089,#5146,.T.);
#5144 = VERTEX_POINT('',#5145);
#5145 = CARTESIAN_POINT('',(-6.25,2.975,4.1));
#5146 = LINE('',#5147,#5148);
#5147 = CARTESIAN_POINT('',(-6.25,2.975,4.1));
#5148 = VECTOR('',#5149,1.);
#5149 = DIRECTION('',(1.,0.,0.));
#5150 = ORIENTED_EDGE('',*,*,#5151,.T.);
#5151 = EDGE_CURVE('',#5144,#5152,#5154,.T.);
#5152 = VERTEX_POINT('',#5153);
#5153 = CARTESIAN_POINT('',(-6.25,1.175,4.1));
#5154 = LINE('',#5155,#5156);
#5155 = CARTESIAN_POINT('',(-6.25,2.975,4.1));
#5156 = VECTOR('',#5157,1.);
#5157 = DIRECTION('',(-0.,-1.,-1.247005693594E-16));
#5158 = ORIENTED_EDGE('',*,*,#5159,.F.);
#5159 = EDGE_CURVE('',#5160,#5152,#5162,.T.);
#5160 = VERTEX_POINT('',#5161);
#5161 = CARTESIAN_POINT('',(-6.,1.175,4.1));
#5162 = LINE('',#5163,#5164);
#5163 = CARTESIAN_POINT('',(-6.25,1.175,4.1));
#5164 = VECTOR('',#5165,1.);
#5165 = DIRECTION('',(-1.,-2.35131527321E-32,-2.932103533127E-48));
#5166 = ORIENTED_EDGE('',*,*,#5167,.F.);
#5167 = EDGE_CURVE('',#5168,#5160,#5170,.T.);
#5168 = VERTEX_POINT('',#5169);
#5169 = CARTESIAN_POINT('',(-6.,2.5,4.1));
#5170 = LINE('',#5171,#5172);
#5171 = CARTESIAN_POINT('',(-6.,0.925,4.1));
#5172 = VECTOR('',#5173,1.);
#5173 = DIRECTION('',(-0.,-1.,-1.247005693594E-16));
#5174 = ORIENTED_EDGE('',*,*,#5175,.F.);
#5175 = EDGE_CURVE('',#5097,#5168,#5176,.T.);
#5176 = LINE('',#5177,#5178);
#5177 = CARTESIAN_POINT('',(-5.75,2.5,4.1));
#5178 = VECTOR('',#5179,1.);
#5179 = DIRECTION('',(-1.,0.,0.));
#5180 = PLANE('',#5181);
#5181 = AXIS2_PLACEMENT_3D('',#5182,#5183,#5184);
#5182 = CARTESIAN_POINT('',(-6.25,2.975,4.1));
#5183 = DIRECTION('',(0.,-1.247005693594E-16,1.));
#5184 = DIRECTION('',(-0.,-1.,-1.247005693594E-16));
#5185 = ADVANCED_FACE('',(#5186),#5226,.T.);
#5186 = FACE_BOUND('',#5187,.T.);
#5187 = EDGE_LOOP('',(#5188,#5189,#5197,#5203,#5204,#5212,#5220));
#5188 = ORIENTED_EDGE('',*,*,#5151,.F.);
#5189 = ORIENTED_EDGE('',*,*,#5190,.F.);
#5190 = EDGE_CURVE('',#5191,#5144,#5193,.T.);
#5191 = VERTEX_POINT('',#5192);
#5192 = CARTESIAN_POINT('',(-6.25,2.975,-0.5));
#5193 = LINE('',#5194,#5195);
#5194 = CARTESIAN_POINT('',(-6.25,2.975,-0.5));
#5195 = VECTOR('',#5196,1.);
#5196 = DIRECTION('',(1.885568995627E-16,-1.23740465338E-16,1.));
#5197 = ORIENTED_EDGE('',*,*,#5198,.T.);
#5198 = EDGE_CURVE('',#5191,#4998,#5199,.T.);
#5199 = LINE('',#5200,#5201);
#5200 = CARTESIAN_POINT('',(-6.25,2.975,-0.5));
#5201 = VECTOR('',#5202,1.);
#5202 = DIRECTION('',(-0.,-1.,-1.247005693594E-16));
#5203 = ORIENTED_EDGE('',*,*,#4997,.T.);
#5204 = ORIENTED_EDGE('',*,*,#5205,.T.);
#5205 = EDGE_CURVE('',#5000,#5206,#5208,.T.);
#5206 = VERTEX_POINT('',#5207);
#5207 = CARTESIAN_POINT('',(-6.25,0.925,1.1));
#5208 = LINE('',#5209,#5210);
#5209 = CARTESIAN_POINT('',(-6.25,0.125,1.1));
#5210 = VECTOR('',#5211,1.);
#5211 = DIRECTION('',(0.,1.,0.));
#5212 = ORIENTED_EDGE('',*,*,#5213,.T.);
#5213 = EDGE_CURVE('',#5206,#5214,#5216,.T.);
#5214 = VERTEX_POINT('',#5215);
#5215 = CARTESIAN_POINT('',(-6.25,0.925,3.85));
#5216 = LINE('',#5217,#5218);
#5217 = CARTESIAN_POINT('',(-6.25,0.925,4.1));
#5218 = VECTOR('',#5219,1.);
#5219 = DIRECTION('',(2.891205793295E-16,0.,1.));
#5220 = ORIENTED_EDGE('',*,*,#5221,.F.);
#5221 = EDGE_CURVE('',#5152,#5214,#5222,.T.);
#5222 = LINE('',#5223,#5224);
#5223 = CARTESIAN_POINT('',(-6.25,-0.225,2.7));
#5224 = VECTOR('',#5225,1.);
#5225 = DIRECTION('',(-1.333298623203E-16,-0.707106781187,
    -0.707106781187));
#5226 = PLANE('',#5227);
#5227 = AXIS2_PLACEMENT_3D('',#5228,#5229,#5230);
#5228 = CARTESIAN_POINT('',(-6.25,2.975,-0.5));
#5229 = DIRECTION('',(-1.,-2.35131527321E-32,1.885568995627E-16));
#5230 = DIRECTION('',(-1.885568995627E-16,0.,-1.));
#5231 = ADVANCED_FACE('',(#5232),#5243,.T.);
#5232 = FACE_BOUND('',#5233,.T.);
#5233 = EDGE_LOOP('',(#5234,#5235,#5236,#5242));
#5234 = ORIENTED_EDGE('',*,*,#5007,.T.);
#5235 = ORIENTED_EDGE('',*,*,#5198,.F.);
#5236 = ORIENTED_EDGE('',*,*,#5237,.F.);
#5237 = EDGE_CURVE('',#4885,#5191,#5238,.T.);
#5238 = LINE('',#5239,#5240);
#5239 = CARTESIAN_POINT('',(-5.025,2.975,-0.5));
#5240 = VECTOR('',#5241,1.);
#5241 = DIRECTION('',(-1.,0.,0.));
#5242 = ORIENTED_EDGE('',*,*,#4884,.T.);
#5243 = PLANE('',#5244);
#5244 = AXIS2_PLACEMENT_3D('',#5245,#5246,#5247);
#5245 = CARTESIAN_POINT('',(-5.025,2.975,-0.5));
#5246 = DIRECTION('',(0.,1.247005693594E-16,-1.));
#5247 = DIRECTION('',(0.,1.,1.247005693594E-16));
#5248 = ADVANCED_FACE('',(#5249),#5257,.F.);
#5249 = FACE_BOUND('',#5250,.T.);
#5250 = EDGE_LOOP('',(#5251,#5252,#5253,#5254,#5255,#5256));
#5251 = ORIENTED_EDGE('',*,*,#4892,.T.);
#5252 = ORIENTED_EDGE('',*,*,#5237,.T.);
#5253 = ORIENTED_EDGE('',*,*,#5190,.T.);
#5254 = ORIENTED_EDGE('',*,*,#5143,.T.);
#5255 = ORIENTED_EDGE('',*,*,#5088,.T.);
#5256 = ORIENTED_EDGE('',*,*,#5065,.T.);
#5257 = PLANE('',#5258);
#5258 = AXIS2_PLACEMENT_3D('',#5259,#5260,#5261);
#5259 = CARTESIAN_POINT('',(0.,2.975,3.707972217151E-16));
#5260 = DIRECTION('',(0.,-1.,-1.232047923279E-16));
#5261 = DIRECTION('',(0.,1.232047923279E-16,-1.));
#5262 = ADVANCED_FACE('',(#5263),#5281,.F.);
#5263 = FACE_BOUND('',#5264,.T.);
#5264 = EDGE_LOOP('',(#5265,#5266,#5274,#5280));
#5265 = ORIENTED_EDGE('',*,*,#3595,.F.);
#5266 = ORIENTED_EDGE('',*,*,#5267,.F.);
#5267 = EDGE_CURVE('',#5268,#3588,#5270,.T.);
#5268 = VERTEX_POINT('',#5269);
#5269 = CARTESIAN_POINT('',(-4.575,0.675,1.1));
#5270 = LINE('',#5271,#5272);
#5271 = CARTESIAN_POINT('',(-4.575,0.675,1.1));
#5272 = VECTOR('',#5273,1.);
#5273 = DIRECTION('',(0.,0.,1.));
#5274 = ORIENTED_EDGE('',*,*,#5275,.T.);
#5275 = EDGE_CURVE('',#5268,#5023,#5276,.T.);
#5276 = LINE('',#5277,#5278);
#5277 = CARTESIAN_POINT('',(-4.575,0.125,1.1));
#5278 = VECTOR('',#5279,1.);
#5279 = DIRECTION('',(0.,-1.,-0.));
#5280 = ORIENTED_EDGE('',*,*,#5022,.T.);
#5281 = PLANE('',#5282);
#5282 = AXIS2_PLACEMENT_3D('',#5283,#5284,#5285);
#5283 = CARTESIAN_POINT('',(-4.575,0.125,1.1));
#5284 = DIRECTION('',(1.,0.,-0.));
#5285 = DIRECTION('',(0.,0.,1.));
#5286 = ADVANCED_FACE('',(#5287),#5299,.F.);
#5287 = FACE_BOUND('',#5288,.T.);
#5288 = EDGE_LOOP('',(#5289,#5290,#5291,#5297,#5298));
#5289 = ORIENTED_EDGE('',*,*,#5056,.F.);
#5290 = ORIENTED_EDGE('',*,*,#5128,.F.);
#5291 = ORIENTED_EDGE('',*,*,#5292,.T.);
#5292 = EDGE_CURVE('',#5121,#5268,#5293,.T.);
#5293 = LINE('',#5294,#5295);
#5294 = CARTESIAN_POINT('',(-4.575,0.675,1.1));
#5295 = VECTOR('',#5296,1.);
#5296 = DIRECTION('',(1.,1.495451272394E-16,0.));
#5297 = ORIENTED_EDGE('',*,*,#5267,.T.);
#5298 = ORIENTED_EDGE('',*,*,#3587,.F.);
#5299 = PLANE('',#5300);
#5300 = AXIS2_PLACEMENT_3D('',#5301,#5302,#5303);
#5301 = CARTESIAN_POINT('',(-4.575,0.675,1.1));
#5302 = DIRECTION('',(-1.495451272394E-16,1.,0.));
#5303 = DIRECTION('',(1.,1.495451272394E-16,0.));
#5304 = ADVANCED_FACE('',(#5305),#5330,.F.);
#5305 = FACE_BOUND('',#5306,.T.);
#5306 = EDGE_LOOP('',(#5307,#5317,#5323,#5324));
#5307 = ORIENTED_EDGE('',*,*,#5308,.F.);
#5308 = EDGE_CURVE('',#5309,#5311,#5313,.T.);
#5309 = VERTEX_POINT('',#5310);
#5310 = CARTESIAN_POINT('',(-5.75,2.25,1.1));
#5311 = VERTEX_POINT('',#5312);
#5312 = CARTESIAN_POINT('',(-5.75,2.25,3.85));
#5313 = LINE('',#5314,#5315);
#5314 = CARTESIAN_POINT('',(-5.75,2.25,1.1));
#5315 = VECTOR('',#5316,1.);
#5316 = DIRECTION('',(0.,0.,1.));
#5317 = ORIENTED_EDGE('',*,*,#5318,.T.);
#5318 = EDGE_CURVE('',#5309,#5113,#5319,.T.);
#5319 = LINE('',#5320,#5321);
#5320 = CARTESIAN_POINT('',(-5.3,2.25,1.1));
#5321 = VECTOR('',#5322,1.);
#5322 = DIRECTION('',(1.,-0.,-0.));
#5323 = ORIENTED_EDGE('',*,*,#5112,.T.);
#5324 = ORIENTED_EDGE('',*,*,#5325,.F.);
#5325 = EDGE_CURVE('',#5311,#5105,#5326,.T.);
#5326 = LINE('',#5327,#5328);
#5327 = CARTESIAN_POINT('',(-5.3,2.25,3.85));
#5328 = VECTOR('',#5329,1.);
#5329 = DIRECTION('',(1.,0.,0.));
#5330 = PLANE('',#5331);
#5331 = AXIS2_PLACEMENT_3D('',#5332,#5333,#5334);
#5332 = CARTESIAN_POINT('',(-5.3,2.25,1.1));
#5333 = DIRECTION('',(0.,1.,0.));
#5334 = DIRECTION('',(0.,-0.,1.));
#5335 = ADVANCED_FACE('',(#5336),#5361,.F.);
#5336 = FACE_BOUND('',#5337,.T.);
#5337 = EDGE_LOOP('',(#5338,#5348,#5354,#5355));
#5338 = ORIENTED_EDGE('',*,*,#5339,.T.);
#5339 = EDGE_CURVE('',#5340,#5342,#5344,.T.);
#5340 = VERTEX_POINT('',#5341);
#5341 = CARTESIAN_POINT('',(-5.75,0.925,3.85));
#5342 = VERTEX_POINT('',#5343);
#5343 = CARTESIAN_POINT('',(-5.75,0.925,1.1));
#5344 = LINE('',#5345,#5346);
#5345 = CARTESIAN_POINT('',(-5.75,0.925,4.1));
#5346 = VECTOR('',#5347,1.);
#5347 = DIRECTION('',(0.,6.798136339768E-48,-1.));
#5348 = ORIENTED_EDGE('',*,*,#5349,.T.);
#5349 = EDGE_CURVE('',#5342,#5309,#5350,.T.);
#5350 = LINE('',#5351,#5352);
#5351 = CARTESIAN_POINT('',(-5.75,2.25,1.1));
#5352 = VECTOR('',#5353,1.);
#5353 = DIRECTION('',(0.,1.,0.));
#5354 = ORIENTED_EDGE('',*,*,#5308,.T.);
#5355 = ORIENTED_EDGE('',*,*,#5356,.F.);
#5356 = EDGE_CURVE('',#5340,#5311,#5357,.T.);
#5357 = LINE('',#5358,#5359);
#5358 = CARTESIAN_POINT('',(-5.75,2.25,3.85));
#5359 = VECTOR('',#5360,1.);
#5360 = DIRECTION('',(0.,1.,1.247005693594E-16));
#5361 = PLANE('',#5362);
#5362 = AXIS2_PLACEMENT_3D('',#5363,#5364,#5365);
#5363 = CARTESIAN_POINT('',(-5.75,2.25,1.1));
#5364 = DIRECTION('',(-1.,0.,0.));
#5365 = DIRECTION('',(0.,0.,-1.));
#5366 = ADVANCED_FACE('',(#5367),#5382,.F.);
#5367 = FACE_BOUND('',#5368,.T.);
#5368 = EDGE_LOOP('',(#5369,#5370,#5371,#5372,#5373,#5374,#5375,#5381));
#5369 = ORIENTED_EDGE('',*,*,#5030,.F.);
#5370 = ORIENTED_EDGE('',*,*,#5275,.F.);
#5371 = ORIENTED_EDGE('',*,*,#5292,.F.);
#5372 = ORIENTED_EDGE('',*,*,#5120,.F.);
#5373 = ORIENTED_EDGE('',*,*,#5318,.F.);
#5374 = ORIENTED_EDGE('',*,*,#5349,.F.);
#5375 = ORIENTED_EDGE('',*,*,#5376,.T.);
#5376 = EDGE_CURVE('',#5342,#5206,#5377,.T.);
#5377 = LINE('',#5378,#5379);
#5378 = CARTESIAN_POINT('',(-2.645165060748,0.925,1.1));
#5379 = VECTOR('',#5380,1.);
#5380 = DIRECTION('',(-1.,-2.35131527321E-32,1.885568995627E-16));
#5381 = ORIENTED_EDGE('',*,*,#5205,.F.);
#5382 = PLANE('',#5383);
#5383 = AXIS2_PLACEMENT_3D('',#5384,#5385,#5386);
#5384 = CARTESIAN_POINT('',(0.,0.,1.1));
#5385 = DIRECTION('',(0.,0.,-1.));
#5386 = DIRECTION('',(1.,0.,0.));
#5387 = ADVANCED_FACE('',(#5388),#5399,.F.);
#5388 = FACE_BOUND('',#5389,.T.);
#5389 = EDGE_LOOP('',(#5390,#5391,#5392,#5393));
#5390 = ORIENTED_EDGE('',*,*,#5213,.F.);
#5391 = ORIENTED_EDGE('',*,*,#5376,.F.);
#5392 = ORIENTED_EDGE('',*,*,#5339,.F.);
#5393 = ORIENTED_EDGE('',*,*,#5394,.F.);
#5394 = EDGE_CURVE('',#5214,#5340,#5395,.T.);
#5395 = LINE('',#5396,#5397);
#5396 = CARTESIAN_POINT('',(-5.75,0.925,3.85));
#5397 = VECTOR('',#5398,1.);
#5398 = DIRECTION('',(1.,2.35131527321E-32,2.932103533127E-48));
#5399 = PLANE('',#5400);
#5400 = AXIS2_PLACEMENT_3D('',#5401,#5402,#5403);
#5401 = CARTESIAN_POINT('',(-2.645165060748,0.925,4.1));
#5402 = DIRECTION('',(-2.35131527321E-32,1.,6.798136339768E-48));
#5403 = DIRECTION('',(1.,2.35131527321E-32,0.));
#5404 = ADVANCED_FACE('',(#5405),#5416,.T.);
#5405 = FACE_BOUND('',#5406,.T.);
#5406 = EDGE_LOOP('',(#5407,#5408,#5409,#5415));
#5407 = ORIENTED_EDGE('',*,*,#5221,.T.);
#5408 = ORIENTED_EDGE('',*,*,#5394,.T.);
#5409 = ORIENTED_EDGE('',*,*,#5410,.T.);
#5410 = EDGE_CURVE('',#5340,#5160,#5411,.T.);
#5411 = LINE('',#5412,#5413);
#5412 = CARTESIAN_POINT('',(-6.083333333333,1.258333333333,
    4.183333333333));
#5413 = VECTOR('',#5414,1.);
#5414 = DIRECTION('',(-0.57735026919,0.57735026919,0.57735026919));
#5415 = ORIENTED_EDGE('',*,*,#5159,.T.);
#5416 = PLANE('',#5417);
#5417 = AXIS2_PLACEMENT_3D('',#5418,#5419,#5420);
#5418 = CARTESIAN_POINT('',(-6.25,1.175,4.1));
#5419 = DIRECTION('',(1.662630974395E-32,-0.707106781187,0.707106781187)
  );
#5420 = DIRECTION('',(1.,2.35131527321E-32,2.736911063134E-48));
#5421 = ADVANCED_FACE('',(#5422),#5433,.T.);
#5422 = FACE_BOUND('',#5423,.T.);
#5423 = EDGE_LOOP('',(#5424,#5425,#5426,#5432));
#5424 = ORIENTED_EDGE('',*,*,#5410,.F.);
#5425 = ORIENTED_EDGE('',*,*,#5356,.T.);
#5426 = ORIENTED_EDGE('',*,*,#5427,.T.);
#5427 = EDGE_CURVE('',#5311,#5168,#5428,.T.);
#5428 = LINE('',#5429,#5430);
#5429 = CARTESIAN_POINT('',(-5.6,2.1,3.7));
#5430 = VECTOR('',#5431,1.);
#5431 = DIRECTION('',(-0.57735026919,0.57735026919,0.57735026919));
#5432 = ORIENTED_EDGE('',*,*,#5167,.T.);
#5433 = PLANE('',#5434);
#5434 = AXIS2_PLACEMENT_3D('',#5435,#5436,#5437);
#5435 = CARTESIAN_POINT('',(-5.75,2.25,3.85));
#5436 = DIRECTION('',(0.707106781187,-8.817661821182E-17,0.707106781187)
  );
#5437 = DIRECTION('',(0.,-1.,-1.247005693594E-16));
#5438 = ADVANCED_FACE('',(#5439),#5445,.T.);
#5439 = FACE_BOUND('',#5440,.T.);
#5440 = EDGE_LOOP('',(#5441,#5442,#5443,#5444));
#5441 = ORIENTED_EDGE('',*,*,#5427,.F.);
#5442 = ORIENTED_EDGE('',*,*,#5325,.T.);
#5443 = ORIENTED_EDGE('',*,*,#5104,.T.);
#5444 = ORIENTED_EDGE('',*,*,#5175,.T.);
#5445 = PLANE('',#5446);
#5446 = AXIS2_PLACEMENT_3D('',#5447,#5448,#5449);
#5447 = CARTESIAN_POINT('',(-5.3,2.25,3.85));
#5448 = DIRECTION('',(0.,-0.707106781187,0.707106781187));
#5449 = DIRECTION('',(-1.,0.,0.));
#5450 = ADVANCED_FACE('',(#5451),#5465,.F.);
#5451 = FACE_BOUND('',#5452,.T.);
#5452 = EDGE_LOOP('',(#5453,#5454,#5455,#5456,#5457,#5458,#5459));
#5453 = ORIENTED_EDGE('',*,*,#4670,.F.);
#5454 = ORIENTED_EDGE('',*,*,#4646,.T.);
#5455 = ORIENTED_EDGE('',*,*,#3378,.T.);
#5456 = ORIENTED_EDGE('',*,*,#4923,.T.);
#5457 = ORIENTED_EDGE('',*,*,#4958,.T.);
#5458 = ORIENTED_EDGE('',*,*,#4972,.T.);
#5459 = ORIENTED_EDGE('',*,*,#5460,.F.);
#5460 = EDGE_CURVE('',#4671,#4973,#5461,.T.);
#5461 = LINE('',#5462,#5463);
#5462 = CARTESIAN_POINT('',(-4.275,5.325,4.75));
#5463 = VECTOR('',#5464,1.);
#5464 = DIRECTION('',(2.115516434118E-16,1.,0.));
#5465 = PLANE('',#5466);
#5466 = AXIS2_PLACEMENT_3D('',#5467,#5468,#5469);
#5467 = CARTESIAN_POINT('',(-4.275,5.325,-6.423311995835));
#5468 = DIRECTION('',(-1.,2.115516434118E-16,0.));
#5469 = DIRECTION('',(2.115516434118E-16,1.,0.));
#5470 = ADVANCED_FACE('',(#5471),#5477,.F.);
#5471 = FACE_BOUND('',#5472,.T.);
#5472 = EDGE_LOOP('',(#5473,#5474,#5475,#5476));
#5473 = ORIENTED_EDGE('',*,*,#4694,.F.);
#5474 = ORIENTED_EDGE('',*,*,#5460,.T.);
#5475 = ORIENTED_EDGE('',*,*,#4983,.T.);
#5476 = ORIENTED_EDGE('',*,*,#3555,.T.);
#5477 = PLANE('',#5478);
#5478 = AXIS2_PLACEMENT_3D('',#5479,#5480,#5481);
#5479 = CARTESIAN_POINT('',(-4.275,5.325,4.75));
#5480 = DIRECTION('',(-0.707106781187,1.495896016276E-16,-0.707106781187
    ));
#5481 = DIRECTION('',(2.115516434118E-16,1.,0.));
#5482 = ADVANCED_FACE('',(#5483),#5494,.F.);
#5483 = FACE_BOUND('',#5484,.T.);
#5484 = EDGE_LOOP('',(#5485,#5486,#5487,#5488));
#5485 = ORIENTED_EDGE('',*,*,#3296,.F.);
#5486 = ORIENTED_EDGE('',*,*,#3143,.T.);
#5487 = ORIENTED_EDGE('',*,*,#3973,.F.);
#5488 = ORIENTED_EDGE('',*,*,#5489,.F.);
#5489 = EDGE_CURVE('',#3297,#3965,#5490,.T.);
#5490 = LINE('',#5491,#5492);
#5491 = CARTESIAN_POINT('',(-1.55,3.531900772835E-02,0.35));
#5492 = VECTOR('',#5493,1.);
#5493 = DIRECTION('',(0.,1.,0.));
#5494 = PLANE('',#5495);
#5495 = AXIS2_PLACEMENT_3D('',#5496,#5497,#5498);
#5496 = CARTESIAN_POINT('',(-1.55,3.531900772835E-02,5.));
#5497 = DIRECTION('',(1.,0.,-0.));
#5498 = DIRECTION('',(0.,0.,1.));
#5499 = ADVANCED_FACE('',(#5500),#5511,.F.);
#5500 = FACE_BOUND('',#5501,.F.);
#5501 = EDGE_LOOP('',(#5502,#5508,#5509,#5510));
#5502 = ORIENTED_EDGE('',*,*,#5503,.T.);
#5503 = EDGE_CURVE('',#3305,#3956,#5504,.T.);
#5504 = LINE('',#5505,#5506);
#5505 = CARTESIAN_POINT('',(-2.055555555556,3.531900772835E-02,
    0.131489328452));
#5506 = VECTOR('',#5507,1.);
#5507 = DIRECTION('',(0.,1.,0.));
#5508 = ORIENTED_EDGE('',*,*,#3964,.T.);
#5509 = ORIENTED_EDGE('',*,*,#5489,.F.);
#5510 = ORIENTED_EDGE('',*,*,#3304,.T.);
#5511 = CYLINDRICAL_SURFACE('',#5512,0.3);
#5512 = AXIS2_PLACEMENT_3D('',#5513,#5514,#5515);
#5513 = CARTESIAN_POINT('',(-1.85,3.531900772835E-02,0.35));
#5514 = DIRECTION('',(0.,1.,0.));
#5515 = DIRECTION('',(0.,-0.,1.));
#5516 = ADVANCED_FACE('',(#5517),#5528,.F.);
#5517 = FACE_BOUND('',#5518,.F.);
#5518 = EDGE_LOOP('',(#5519,#5525,#5526,#5527));
#5519 = ORIENTED_EDGE('',*,*,#5520,.T.);
#5520 = EDGE_CURVE('',#3314,#3948,#5521,.T.);
#5521 = LINE('',#5522,#5523);
#5522 = CARTESIAN_POINT('',(-3.,3.531900772835E-02,2.31659604393));
#5523 = VECTOR('',#5524,1.);
#5524 = DIRECTION('',(0.,1.,0.));
#5525 = ORIENTED_EDGE('',*,*,#3955,.T.);
#5526 = ORIENTED_EDGE('',*,*,#5503,.F.);
#5527 = ORIENTED_EDGE('',*,*,#3313,.T.);
#5528 = CYLINDRICAL_SURFACE('',#5529,3.);
#5529 = AXIS2_PLACEMENT_3D('',#5530,#5531,#5532);
#5530 = CARTESIAN_POINT('',(2.602085213965E-15,3.531900772835E-02,
    2.31659604393));
#5531 = DIRECTION('',(0.,1.,0.));
#5532 = DIRECTION('',(0.,-0.,1.));
#5533 = ADVANCED_FACE('',(#5534),#5545,.F.);
#5534 = FACE_BOUND('',#5535,.T.);
#5535 = EDGE_LOOP('',(#5536,#5537,#5538,#5539));
#5536 = ORIENTED_EDGE('',*,*,#3322,.F.);
#5537 = ORIENTED_EDGE('',*,*,#5520,.T.);
#5538 = ORIENTED_EDGE('',*,*,#3947,.F.);
#5539 = ORIENTED_EDGE('',*,*,#5540,.F.);
#5540 = EDGE_CURVE('',#3323,#3940,#5541,.T.);
#5541 = LINE('',#5542,#5543);
#5542 = CARTESIAN_POINT('',(-3.,3.531900772835E-02,4.108963702892));
#5543 = VECTOR('',#5544,1.);
#5544 = DIRECTION('',(0.,1.,0.));
#5545 = PLANE('',#5546);
#5546 = AXIS2_PLACEMENT_3D('',#5547,#5548,#5549);
#5547 = CARTESIAN_POINT('',(-3.,3.531900772835E-02,2.31659604393));
#5548 = DIRECTION('',(-1.,0.,0.));
#5549 = DIRECTION('',(0.,0.,-1.));
#5550 = ADVANCED_FACE('',(#5551),#5562,.F.);
#5551 = FACE_BOUND('',#5552,.T.);
#5552 = EDGE_LOOP('',(#5553,#5554,#5555,#5556));
#5553 = ORIENTED_EDGE('',*,*,#3330,.F.);
#5554 = ORIENTED_EDGE('',*,*,#5540,.T.);
#5555 = ORIENTED_EDGE('',*,*,#3939,.F.);
#5556 = ORIENTED_EDGE('',*,*,#5557,.F.);
#5557 = EDGE_CURVE('',#3331,#3932,#5558,.T.);
#5558 = LINE('',#5559,#5560);
#5559 = CARTESIAN_POINT('',(-2.825,3.531900772835E-02,4.21));
#5560 = VECTOR('',#5561,1.);
#5561 = DIRECTION('',(0.,1.,0.));
#5562 = PLANE('',#5563);
#5563 = AXIS2_PLACEMENT_3D('',#5564,#5565,#5566);
#5564 = CARTESIAN_POINT('',(-3.,3.531900772835E-02,4.108963702892));
#5565 = DIRECTION('',(-0.5,0.,0.866025403784));
#5566 = DIRECTION('',(-0.866025403784,0.,-0.5));
#5567 = ADVANCED_FACE('',(#5568),#5579,.F.);
#5568 = FACE_BOUND('',#5569,.T.);
#5569 = EDGE_LOOP('',(#5570,#5571,#5572,#5573));
#5570 = ORIENTED_EDGE('',*,*,#3338,.F.);
#5571 = ORIENTED_EDGE('',*,*,#5557,.T.);
#5572 = ORIENTED_EDGE('',*,*,#3931,.F.);
#5573 = ORIENTED_EDGE('',*,*,#5574,.F.);
#5574 = EDGE_CURVE('',#3339,#3924,#5575,.T.);
#5575 = LINE('',#5576,#5577);
#5576 = CARTESIAN_POINT('',(-2.825,3.531900772835E-02,4.41));
#5577 = VECTOR('',#5578,1.);
#5578 = DIRECTION('',(0.,1.,0.));
#5579 = PLANE('',#5580);
#5580 = AXIS2_PLACEMENT_3D('',#5581,#5582,#5583);
#5581 = CARTESIAN_POINT('',(-2.825,3.531900772835E-02,4.21));
#5582 = DIRECTION('',(-1.,0.,-2.168404344971E-15));
#5583 = DIRECTION('',(2.168404344971E-15,0.,-1.));
#5584 = ADVANCED_FACE('',(#5585),#5591,.F.);
#5585 = FACE_BOUND('',#5586,.T.);
#5586 = EDGE_LOOP('',(#5587,#5588,#5589,#5590));
#5587 = ORIENTED_EDGE('',*,*,#3346,.F.);
#5588 = ORIENTED_EDGE('',*,*,#5574,.T.);
#5589 = ORIENTED_EDGE('',*,*,#3923,.F.);
#5590 = ORIENTED_EDGE('',*,*,#4909,.F.);
#5591 = PLANE('',#5592);
#5592 = AXIS2_PLACEMENT_3D('',#5593,#5594,#5595);
#5593 = CARTESIAN_POINT('',(-2.825,3.531900772835E-02,4.41));
#5594 = DIRECTION('',(-0.707106781187,0.,-0.707106781187));
#5595 = DIRECTION('',(0.707106781187,0.,-0.707106781187));
#5596 = ADVANCED_FACE('',(#5597),#5608,.F.);
#5597 = FACE_BOUND('',#5598,.T.);
#5598 = EDGE_LOOP('',(#5599,#5600,#5601,#5607));
#5599 = ORIENTED_EDGE('',*,*,#3041,.F.);
#5600 = ORIENTED_EDGE('',*,*,#4042,.F.);
#5601 = ORIENTED_EDGE('',*,*,#5602,.T.);
#5602 = EDGE_CURVE('',#4035,#3089,#5603,.T.);
#5603 = LINE('',#5604,#5605);
#5604 = CARTESIAN_POINT('',(2.82,0.,-2.625));
#5605 = VECTOR('',#5606,1.);
#5606 = DIRECTION('',(-0.,1.,-0.));
#5607 = ORIENTED_EDGE('',*,*,#3088,.F.);
#5608 = PLANE('',#5609);
#5609 = AXIS2_PLACEMENT_3D('',#5610,#5611,#5612);
#5610 = CARTESIAN_POINT('',(2.82,0.,-2.625));
#5611 = DIRECTION('',(0.707106781187,0.,0.707106781187));
#5612 = DIRECTION('',(0.707106781187,0.,-0.707106781187));
#5613 = ADVANCED_FACE('',(#5614),#5634,.F.);
#5614 = FACE_BOUND('',#5615,.T.);
#5615 = EDGE_LOOP('',(#5616,#5617,#5623,#5624,#5630,#5631,#5632,#5633));
#5616 = ORIENTED_EDGE('',*,*,#3825,.T.);
#5617 = ORIENTED_EDGE('',*,*,#5618,.T.);
#5618 = EDGE_CURVE('',#3818,#4614,#5619,.T.);
#5619 = LINE('',#5620,#5621);
#5620 = CARTESIAN_POINT('',(2.82,3.48,-4.4));
#5621 = VECTOR('',#5622,1.);
#5622 = DIRECTION('',(-0.,-0.,1.));
#5623 = ORIENTED_EDGE('',*,*,#4637,.T.);
#5624 = ORIENTED_EDGE('',*,*,#5625,.F.);
#5625 = EDGE_CURVE('',#2758,#4630,#5626,.T.);
#5626 = LINE('',#5627,#5628);
#5627 = CARTESIAN_POINT('',(2.82,4.12,-4.4));
#5628 = VECTOR('',#5629,1.);
#5629 = DIRECTION('',(-0.,-0.,1.));
#5630 = ORIENTED_EDGE('',*,*,#2757,.T.);
#5631 = ORIENTED_EDGE('',*,*,#3096,.F.);
#5632 = ORIENTED_EDGE('',*,*,#5602,.F.);
#5633 = ORIENTED_EDGE('',*,*,#4034,.F.);
#5634 = PLANE('',#5635);
#5635 = AXIS2_PLACEMENT_3D('',#5636,#5637,#5638);
#5636 = CARTESIAN_POINT('',(2.82,0.,-2.));
#5637 = DIRECTION('',(1.,0.,-6.938893903907E-16));
#5638 = DIRECTION('',(-6.938893903907E-16,0.,-1.));
#5639 = ADVANCED_FACE('',(#5640),#5665,.F.);
#5640 = FACE_BOUND('',#5641,.T.);
#5641 = EDGE_LOOP('',(#5642,#5648,#5649,#5650,#5656,#5657,#5663,#5664));
#5642 = ORIENTED_EDGE('',*,*,#5643,.T.);
#5643 = EDGE_CURVE('',#4020,#2932,#5644,.T.);
#5644 = LINE('',#5645,#5646);
#5645 = CARTESIAN_POINT('',(2.18,0.,-2.625));
#5646 = VECTOR('',#5647,1.);
#5647 = DIRECTION('',(-0.,1.,-0.));
#5648 = ORIENTED_EDGE('',*,*,#2931,.F.);
#5649 = ORIENTED_EDGE('',*,*,#2773,.F.);
#5650 = ORIENTED_EDGE('',*,*,#5651,.T.);
#5651 = EDGE_CURVE('',#2766,#4622,#5652,.T.);
#5652 = LINE('',#5653,#5654);
#5653 = CARTESIAN_POINT('',(2.18,4.12,-4.4));
#5654 = VECTOR('',#5655,1.);
#5655 = DIRECTION('',(-0.,-0.,1.));
#5656 = ORIENTED_EDGE('',*,*,#4621,.T.);
#5657 = ORIENTED_EDGE('',*,*,#5658,.F.);
#5658 = EDGE_CURVE('',#3810,#4612,#5659,.T.);
#5659 = LINE('',#5660,#5661);
#5660 = CARTESIAN_POINT('',(2.18,3.48,-4.4));
#5661 = VECTOR('',#5662,1.);
#5662 = DIRECTION('',(-0.,-0.,1.));
#5663 = ORIENTED_EDGE('',*,*,#3807,.F.);
#5664 = ORIENTED_EDGE('',*,*,#4027,.F.);
#5665 = PLANE('',#5666);
#5666 = AXIS2_PLACEMENT_3D('',#5667,#5668,#5669);
#5667 = CARTESIAN_POINT('',(2.18,0.,-2.));
#5668 = DIRECTION('',(-1.,0.,-0.));
#5669 = DIRECTION('',(0.,0.,1.));
#5670 = ADVANCED_FACE('',(#5671),#5677,.F.);
#5671 = FACE_BOUND('',#5672,.T.);
#5672 = EDGE_LOOP('',(#5673,#5674,#5675,#5676));
#5673 = ORIENTED_EDGE('',*,*,#5643,.F.);
#5674 = ORIENTED_EDGE('',*,*,#4019,.F.);
#5675 = ORIENTED_EDGE('',*,*,#2861,.T.);
#5676 = ORIENTED_EDGE('',*,*,#2939,.F.);
#5677 = PLANE('',#5678);
#5678 = AXIS2_PLACEMENT_3D('',#5679,#5680,#5681);
#5679 = CARTESIAN_POINT('',(2.18,0.,-2.625));
#5680 = DIRECTION('',(-0.707106781187,0.,0.707106781187));
#5681 = DIRECTION('',(0.707106781187,0.,0.707106781187));
#5682 = ADVANCED_FACE('',(#5683),#5689,.F.);
#5683 = FACE_BOUND('',#5684,.T.);
#5684 = EDGE_LOOP('',(#5685,#5686,#5687,#5688));
#5685 = ORIENTED_EDGE('',*,*,#5625,.T.);
#5686 = ORIENTED_EDGE('',*,*,#4629,.T.);
#5687 = ORIENTED_EDGE('',*,*,#5651,.F.);
#5688 = ORIENTED_EDGE('',*,*,#2765,.F.);
#5689 = PLANE('',#5690);
#5690 = AXIS2_PLACEMENT_3D('',#5691,#5692,#5693);
#5691 = CARTESIAN_POINT('',(2.18,4.12,-4.4));
#5692 = DIRECTION('',(-0.,1.,0.));
#5693 = DIRECTION('',(0.,0.,1.));
#5694 = ADVANCED_FACE('',(#5695),#5701,.F.);
#5695 = FACE_BOUND('',#5696,.T.);
#5696 = EDGE_LOOP('',(#5697,#5698,#5699,#5700));
#5697 = ORIENTED_EDGE('',*,*,#5658,.T.);
#5698 = ORIENTED_EDGE('',*,*,#4611,.T.);
#5699 = ORIENTED_EDGE('',*,*,#5618,.F.);
#5700 = ORIENTED_EDGE('',*,*,#3817,.F.);
#5701 = PLANE('',#5702);
#5702 = AXIS2_PLACEMENT_3D('',#5703,#5704,#5705);
#5703 = CARTESIAN_POINT('',(2.18,3.48,-4.4));
#5704 = DIRECTION('',(0.,-1.,0.));
#5705 = DIRECTION('',(0.,-0.,-1.));
#5706 = ADVANCED_FACE('',(#5707),#5718,.F.);
#5707 = FACE_BOUND('',#5708,.T.);
#5708 = EDGE_LOOP('',(#5709,#5710,#5711,#5717));
#5709 = ORIENTED_EDGE('',*,*,#2901,.F.);
#5710 = ORIENTED_EDGE('',*,*,#4081,.F.);
#5711 = ORIENTED_EDGE('',*,*,#5712,.T.);
#5712 = EDGE_CURVE('',#4074,#2970,#5713,.T.);
#5713 = LINE('',#5714,#5715);
#5714 = CARTESIAN_POINT('',(-2.18,0.125,-2.625));
#5715 = VECTOR('',#5716,1.);
#5716 = DIRECTION('',(-0.,1.,-0.));
#5717 = ORIENTED_EDGE('',*,*,#2969,.F.);
#5718 = PLANE('',#5719);
#5719 = AXIS2_PLACEMENT_3D('',#5720,#5721,#5722);
#5720 = CARTESIAN_POINT('',(-2.18,0.125,-2.625));
#5721 = DIRECTION('',(0.707106781187,0.,0.707106781187));
#5722 = DIRECTION('',(0.707106781187,0.,-0.707106781187));
#5723 = ADVANCED_FACE('',(#5724),#5744,.F.);
#5724 = FACE_BOUND('',#5725,.T.);
#5725 = EDGE_LOOP('',(#5726,#5727,#5733,#5734,#5740,#5741,#5742,#5743));
#5726 = ORIENTED_EDGE('',*,*,#3009,.T.);
#5727 = ORIENTED_EDGE('',*,*,#5728,.T.);
#5728 = EDGE_CURVE('',#3002,#4580,#5729,.T.);
#5729 = LINE('',#5730,#5731);
#5730 = CARTESIAN_POINT('',(-2.18,3.48,-4.4));
#5731 = VECTOR('',#5732,1.);
#5732 = DIRECTION('',(-0.,-0.,1.));
#5733 = ORIENTED_EDGE('',*,*,#4603,.T.);
#5734 = ORIENTED_EDGE('',*,*,#5735,.F.);
#5735 = EDGE_CURVE('',#2694,#4596,#5736,.T.);
#5736 = LINE('',#5737,#5738);
#5737 = CARTESIAN_POINT('',(-2.18,4.12,-4.4));
#5738 = VECTOR('',#5739,1.);
#5739 = DIRECTION('',(-0.,-0.,1.));
#5740 = ORIENTED_EDGE('',*,*,#2693,.T.);
#5741 = ORIENTED_EDGE('',*,*,#2977,.F.);
#5742 = ORIENTED_EDGE('',*,*,#5712,.F.);
#5743 = ORIENTED_EDGE('',*,*,#4073,.F.);
#5744 = PLANE('',#5745);
#5745 = AXIS2_PLACEMENT_3D('',#5746,#5747,#5748);
#5746 = CARTESIAN_POINT('',(-2.18,0.125,-2.));
#5747 = DIRECTION('',(1.,0.,-6.938893903907E-16));
#5748 = DIRECTION('',(-6.938893903907E-16,0.,-1.));
#5749 = ADVANCED_FACE('',(#5750),#5775,.F.);
#5750 = FACE_BOUND('',#5751,.T.);
#5751 = EDGE_LOOP('',(#5752,#5758,#5759,#5760,#5766,#5767,#5773,#5774));
#5752 = ORIENTED_EDGE('',*,*,#5753,.T.);
#5753 = EDGE_CURVE('',#4059,#3779,#5754,.T.);
#5754 = LINE('',#5755,#5756);
#5755 = CARTESIAN_POINT('',(-2.82,0.125,-2.625));
#5756 = VECTOR('',#5757,1.);
#5757 = DIRECTION('',(-0.,1.,-0.));
#5758 = ORIENTED_EDGE('',*,*,#3778,.F.);
#5759 = ORIENTED_EDGE('',*,*,#2709,.F.);
#5760 = ORIENTED_EDGE('',*,*,#5761,.T.);
#5761 = EDGE_CURVE('',#2702,#4588,#5762,.T.);
#5762 = LINE('',#5763,#5764);
#5763 = CARTESIAN_POINT('',(-2.82,4.12,-4.4));
#5764 = VECTOR('',#5765,1.);
#5765 = DIRECTION('',(-0.,-0.,1.));
#5766 = ORIENTED_EDGE('',*,*,#4587,.T.);
#5767 = ORIENTED_EDGE('',*,*,#5768,.F.);
#5768 = EDGE_CURVE('',#2994,#4578,#5769,.T.);
#5769 = LINE('',#5770,#5771);
#5770 = CARTESIAN_POINT('',(-2.82,3.48,-4.4));
#5771 = VECTOR('',#5772,1.);
#5772 = DIRECTION('',(-0.,-0.,1.));
#5773 = ORIENTED_EDGE('',*,*,#2991,.F.);
#5774 = ORIENTED_EDGE('',*,*,#4066,.F.);
#5775 = PLANE('',#5776);
#5776 = AXIS2_PLACEMENT_3D('',#5777,#5778,#5779);
#5777 = CARTESIAN_POINT('',(-2.82,0.125,-2.));
#5778 = DIRECTION('',(-1.,0.,-0.));
#5779 = DIRECTION('',(0.,0.,1.));
#5780 = ADVANCED_FACE('',(#5781),#5787,.F.);
#5781 = FACE_BOUND('',#5782,.T.);
#5782 = EDGE_LOOP('',(#5783,#5784,#5785,#5786));
#5783 = ORIENTED_EDGE('',*,*,#5753,.F.);
#5784 = ORIENTED_EDGE('',*,*,#4058,.F.);
#5785 = ORIENTED_EDGE('',*,*,#3731,.T.);
#5786 = ORIENTED_EDGE('',*,*,#3786,.F.);
#5787 = PLANE('',#5788);
#5788 = AXIS2_PLACEMENT_3D('',#5789,#5790,#5791);
#5789 = CARTESIAN_POINT('',(-2.82,0.125,-2.625));
#5790 = DIRECTION('',(-0.707106781187,0.,0.707106781187));
#5791 = DIRECTION('',(0.707106781187,0.,0.707106781187));
#5792 = ADVANCED_FACE('',(#5793),#5804,.F.);
#5793 = FACE_BOUND('',#5794,.T.);
#5794 = EDGE_LOOP('',(#5795,#5796,#5797,#5803));
#5795 = ORIENTED_EDGE('',*,*,#2845,.F.);
#5796 = ORIENTED_EDGE('',*,*,#4012,.F.);
#5797 = ORIENTED_EDGE('',*,*,#5798,.T.);
#5798 = EDGE_CURVE('',#4005,#2917,#5799,.T.);
#5799 = LINE('',#5800,#5801);
#5800 = CARTESIAN_POINT('',(0.32,0.125,-2.625));
#5801 = VECTOR('',#5802,1.);
#5802 = DIRECTION('',(-0.,1.,-0.));
#5803 = ORIENTED_EDGE('',*,*,#2916,.F.);
#5804 = PLANE('',#5805);
#5805 = AXIS2_PLACEMENT_3D('',#5806,#5807,#5808);
#5806 = CARTESIAN_POINT('',(0.32,0.125,-2.625));
#5807 = DIRECTION('',(0.707106781187,0.,0.707106781187));
#5808 = DIRECTION('',(0.707106781187,0.,-0.707106781187));
#5809 = ADVANCED_FACE('',(#5810),#5830,.F.);
#5810 = FACE_BOUND('',#5811,.T.);
#5811 = EDGE_LOOP('',(#5812,#5813,#5819,#5820,#5826,#5827,#5828,#5829));
#5812 = ORIENTED_EDGE('',*,*,#2813,.T.);
#5813 = ORIENTED_EDGE('',*,*,#5814,.T.);
#5814 = EDGE_CURVE('',#2806,#4546,#5815,.T.);
#5815 = LINE('',#5816,#5817);
#5816 = CARTESIAN_POINT('',(0.32,3.48,-4.4));
#5817 = VECTOR('',#5818,1.);
#5818 = DIRECTION('',(-0.,-0.,1.));
#5819 = ORIENTED_EDGE('',*,*,#4569,.T.);
#5820 = ORIENTED_EDGE('',*,*,#5821,.F.);
#5821 = EDGE_CURVE('',#2660,#4562,#5822,.T.);
#5822 = LINE('',#5823,#5824);
#5823 = CARTESIAN_POINT('',(0.32,4.12,-4.4));
#5824 = VECTOR('',#5825,1.);
#5825 = DIRECTION('',(-0.,-0.,1.));
#5826 = ORIENTED_EDGE('',*,*,#2659,.T.);
#5827 = ORIENTED_EDGE('',*,*,#2924,.F.);
#5828 = ORIENTED_EDGE('',*,*,#5798,.F.);
#5829 = ORIENTED_EDGE('',*,*,#4004,.F.);
#5830 = PLANE('',#5831);
#5831 = AXIS2_PLACEMENT_3D('',#5832,#5833,#5834);
#5832 = CARTESIAN_POINT('',(0.32,0.125,-2.));
#5833 = DIRECTION('',(1.,0.,-6.938893903907E-16));
#5834 = DIRECTION('',(-6.938893903907E-16,0.,-1.));
#5835 = ADVANCED_FACE('',(#5836),#5861,.F.);
#5836 = FACE_BOUND('',#5837,.T.);
#5837 = EDGE_LOOP('',(#5838,#5844,#5845,#5846,#5852,#5853,#5859,#5860));
#5838 = ORIENTED_EDGE('',*,*,#5839,.T.);
#5839 = EDGE_CURVE('',#4089,#2955,#5840,.T.);
#5840 = LINE('',#5841,#5842);
#5841 = CARTESIAN_POINT('',(-0.32,0.125,-2.625));
#5842 = VECTOR('',#5843,1.);
#5843 = DIRECTION('',(-0.,1.,-0.));
#5844 = ORIENTED_EDGE('',*,*,#2954,.F.);
#5845 = ORIENTED_EDGE('',*,*,#2677,.F.);
#5846 = ORIENTED_EDGE('',*,*,#5847,.T.);
#5847 = EDGE_CURVE('',#2670,#4554,#5848,.T.);
#5848 = LINE('',#5849,#5850);
#5849 = CARTESIAN_POINT('',(-0.32,4.12,-4.4));
#5850 = VECTOR('',#5851,1.);
#5851 = DIRECTION('',(-0.,-0.,1.));
#5852 = ORIENTED_EDGE('',*,*,#4553,.T.);
#5853 = ORIENTED_EDGE('',*,*,#5854,.F.);
#5854 = EDGE_CURVE('',#2798,#4544,#5855,.T.);
#5855 = LINE('',#5856,#5857);
#5856 = CARTESIAN_POINT('',(-0.32,3.48,-4.4));
#5857 = VECTOR('',#5858,1.);
#5858 = DIRECTION('',(-0.,-0.,1.));
#5859 = ORIENTED_EDGE('',*,*,#2795,.F.);
#5860 = ORIENTED_EDGE('',*,*,#4096,.F.);
#5861 = PLANE('',#5862);
#5862 = AXIS2_PLACEMENT_3D('',#5863,#5864,#5865);
#5863 = CARTESIAN_POINT('',(-0.32,0.125,-2.));
#5864 = DIRECTION('',(-1.,0.,-0.));
#5865 = DIRECTION('',(0.,0.,1.));
#5866 = ADVANCED_FACE('',(#5867),#5873,.F.);
#5867 = FACE_BOUND('',#5868,.T.);
#5868 = EDGE_LOOP('',(#5869,#5870,#5871,#5872));
#5869 = ORIENTED_EDGE('',*,*,#5839,.F.);
#5870 = ORIENTED_EDGE('',*,*,#4088,.F.);
#5871 = ORIENTED_EDGE('',*,*,#2885,.T.);
#5872 = ORIENTED_EDGE('',*,*,#2962,.F.);
#5873 = PLANE('',#5874);
#5874 = AXIS2_PLACEMENT_3D('',#5875,#5876,#5877);
#5875 = CARTESIAN_POINT('',(-0.32,0.125,-2.625));
#5876 = DIRECTION('',(-0.707106781187,0.,0.707106781187));
#5877 = DIRECTION('',(0.707106781187,0.,0.707106781187));
#5878 = ADVANCED_FACE('',(#5879),#5885,.F.);
#5879 = FACE_BOUND('',#5880,.T.);
#5880 = EDGE_LOOP('',(#5881,#5882,#5883,#5884));
#5881 = ORIENTED_EDGE('',*,*,#5735,.T.);
#5882 = ORIENTED_EDGE('',*,*,#4595,.T.);
#5883 = ORIENTED_EDGE('',*,*,#5761,.F.);
#5884 = ORIENTED_EDGE('',*,*,#2701,.F.);
#5885 = PLANE('',#5886);
#5886 = AXIS2_PLACEMENT_3D('',#5887,#5888,#5889);
#5887 = CARTESIAN_POINT('',(-2.82,4.12,-4.4));
#5888 = DIRECTION('',(-0.,1.,0.));
#5889 = DIRECTION('',(0.,0.,1.));
#5890 = ADVANCED_FACE('',(#5891),#5897,.F.);
#5891 = FACE_BOUND('',#5892,.T.);
#5892 = EDGE_LOOP('',(#5893,#5894,#5895,#5896));
#5893 = ORIENTED_EDGE('',*,*,#5768,.T.);
#5894 = ORIENTED_EDGE('',*,*,#4577,.T.);
#5895 = ORIENTED_EDGE('',*,*,#5728,.F.);
#5896 = ORIENTED_EDGE('',*,*,#3001,.F.);
#5897 = PLANE('',#5898);
#5898 = AXIS2_PLACEMENT_3D('',#5899,#5900,#5901);
#5899 = CARTESIAN_POINT('',(-2.82,3.48,-4.4));
#5900 = DIRECTION('',(0.,-1.,0.));
#5901 = DIRECTION('',(0.,-0.,-1.));
#5902 = ADVANCED_FACE('',(#5903),#5909,.F.);
#5903 = FACE_BOUND('',#5904,.T.);
#5904 = EDGE_LOOP('',(#5905,#5906,#5907,#5908));
#5905 = ORIENTED_EDGE('',*,*,#5821,.T.);
#5906 = ORIENTED_EDGE('',*,*,#4561,.T.);
#5907 = ORIENTED_EDGE('',*,*,#5847,.F.);
#5908 = ORIENTED_EDGE('',*,*,#2669,.F.);
#5909 = PLANE('',#5910);
#5910 = AXIS2_PLACEMENT_3D('',#5911,#5912,#5913);
#5911 = CARTESIAN_POINT('',(-0.32,4.12,-4.4));
#5912 = DIRECTION('',(-0.,1.,0.));
#5913 = DIRECTION('',(0.,0.,1.));
#5914 = ADVANCED_FACE('',(#5915),#5921,.F.);
#5915 = FACE_BOUND('',#5916,.T.);
#5916 = EDGE_LOOP('',(#5917,#5918,#5919,#5920));
#5917 = ORIENTED_EDGE('',*,*,#5854,.T.);
#5918 = ORIENTED_EDGE('',*,*,#4543,.T.);
#5919 = ORIENTED_EDGE('',*,*,#5814,.F.);
#5920 = ORIENTED_EDGE('',*,*,#2805,.F.);
#5921 = PLANE('',#5922);
#5922 = AXIS2_PLACEMENT_3D('',#5923,#5924,#5925);
#5923 = CARTESIAN_POINT('',(-0.32,3.48,-4.4));
#5924 = DIRECTION('',(0.,-1.,0.));
#5925 = DIRECTION('',(0.,-0.,-1.));
#5926 = ( GEOMETRIC_REPRESENTATION_CONTEXT(3) 
GLOBAL_UNCERTAINTY_ASSIGNED_CONTEXT((#5930)) 
GLOBAL_UNIT_ASSIGNED_CONTEXT((#5927,#5928,#5929)) REPRESENTATION_CONTEXT
('Context #1','3D Context with UNIT and UNCERTAINTY') );
#5927 = ( LENGTH_UNIT() NAMED_UNIT(*) SI_UNIT(.MILLI.,.METRE.) );
#5928 = ( NAMED_UNIT(*) PLANE_ANGLE_UNIT() SI_UNIT($,.RADIAN.) );
#5929 = ( NAMED_UNIT(*) SI_UNIT($,.STERADIAN.) SOLID_ANGLE_UNIT() );
#5930 = UNCERTAINTY_MEASURE_WITH_UNIT(LENGTH_MEASURE(1.E-07),#5927,
  'distance_accuracy_value','confusion accuracy');
#5931 = CONTEXT_DEPENDENT_SHAPE_REPRESENTATION(#5932,#5934);
#5932 = ( REPRESENTATION_RELATIONSHIP('','',#2088,#2053) 
REPRESENTATION_RELATIONSHIP_WITH_TRANSFORMATION(#5933) 
SHAPE_REPRESENTATION_RELATIONSHIP() );
#5933 = ITEM_DEFINED_TRANSFORMATION('','',#11,#2054);
#5934 = PRODUCT_DEFINITION_SHAPE('Placement','Placement of an item',
  #5935);
#5935 = NEXT_ASSEMBLY_USAGE_OCCURRENCE('2','NAUO1','',#2048,#2083,$);
#5936 = PRODUCT_RELATED_PRODUCT_CATEGORY('part',$,(#2085));
#5937 = SHAPE_DEFINITION_REPRESENTATION(#5938,#5944);
#5938 = PRODUCT_DEFINITION_SHAPE('','',#5939);
#5939 = PRODUCT_DEFINITION('design','',#5940,#5943);
#5940 = PRODUCT_DEFINITION_FORMATION('','',#5941);
#5941 = PRODUCT('pin^SxB-XH-SM4-TB Ass','pin^SxB-XH-SM4-TB Ass','',(
    #5942));
#5942 = PRODUCT_CONTEXT('',#2,'mechanical');
#5943 = PRODUCT_DEFINITION_CONTEXT('part definition',#2,'design');
#5944 = ADVANCED_BREP_SHAPE_REPRESENTATION('',(#11,#5945),#6524);
#5945 = MANIFOLD_SOLID_BREP('',#5946);
#5946 = CLOSED_SHELL('',(#5947,#5987,#6027,#6058,#6091,#6122,#6162,#6202
    ,#6235,#6266,#6299,#6330,#6359,#6388,#6410,#6427,#6444,#6456,#6478,
    #6495,#6512));
#5947 = ADVANCED_FACE('',(#5948),#5982,.F.);
#5948 = FACE_BOUND('',#5949,.T.);
#5949 = EDGE_LOOP('',(#5950,#5960,#5968,#5976));
#5950 = ORIENTED_EDGE('',*,*,#5951,.T.);
#5951 = EDGE_CURVE('',#5952,#5954,#5956,.T.);
#5952 = VERTEX_POINT('',#5953);
#5953 = CARTESIAN_POINT('',(2.695,3.605,1.65));
#5954 = VERTEX_POINT('',#5955);
#5955 = CARTESIAN_POINT('',(2.695,3.995,1.65));
#5956 = LINE('',#5957,#5958);
#5957 = CARTESIAN_POINT('',(2.695,4.12,1.65));
#5958 = VECTOR('',#5959,1.);
#5959 = DIRECTION('',(-0.,1.,0.));
#5960 = ORIENTED_EDGE('',*,*,#5961,.T.);
#5961 = EDGE_CURVE('',#5954,#5962,#5964,.T.);
#5962 = VERTEX_POINT('',#5963);
#5963 = CARTESIAN_POINT('',(2.305,3.995,1.65));
#5964 = LINE('',#5965,#5966);
#5965 = CARTESIAN_POINT('',(2.82,3.995,1.65));
#5966 = VECTOR('',#5967,1.);
#5967 = DIRECTION('',(-1.,0.,0.));
#5968 = ORIENTED_EDGE('',*,*,#5969,.T.);
#5969 = EDGE_CURVE('',#5962,#5970,#5972,.T.);
#5970 = VERTEX_POINT('',#5971);
#5971 = CARTESIAN_POINT('',(2.305,3.605,1.65));
#5972 = LINE('',#5973,#5974);
#5973 = CARTESIAN_POINT('',(2.305,4.12,1.65));
#5974 = VECTOR('',#5975,1.);
#5975 = DIRECTION('',(0.,-1.,0.));
#5976 = ORIENTED_EDGE('',*,*,#5977,.T.);
#5977 = EDGE_CURVE('',#5970,#5952,#5978,.T.);
#5978 = LINE('',#5979,#5980);
#5979 = CARTESIAN_POINT('',(2.82,3.605,1.65));
#5980 = VECTOR('',#5981,1.);
#5981 = DIRECTION('',(1.,0.,0.));
#5982 = PLANE('',#5983);
#5983 = AXIS2_PLACEMENT_3D('',#5984,#5985,#5986);
#5984 = CARTESIAN_POINT('',(2.82,4.12,1.65));
#5985 = DIRECTION('',(0.,0.,-1.));
#5986 = DIRECTION('',(-1.,0.,-0.));
#5987 = ADVANCED_FACE('',(#5988),#6022,.F.);
#5988 = FACE_BOUND('',#5989,.T.);
#5989 = EDGE_LOOP('',(#5990,#6000,#6008,#6016));
#5990 = ORIENTED_EDGE('',*,*,#5991,.F.);
#5991 = EDGE_CURVE('',#5992,#5994,#5996,.T.);
#5992 = VERTEX_POINT('',#5993);
#5993 = CARTESIAN_POINT('',(2.82,3.48,1.306565322568));
#5994 = VERTEX_POINT('',#5995);
#5995 = CARTESIAN_POINT('',(2.82,3.48,-5.05));
#5996 = LINE('',#5997,#5998);
#5997 = CARTESIAN_POINT('',(2.82,3.48,1.65));
#5998 = VECTOR('',#5999,1.);
#5999 = DIRECTION('',(0.,0.,-1.));
#6000 = ORIENTED_EDGE('',*,*,#6001,.T.);
#6001 = EDGE_CURVE('',#5992,#6002,#6004,.T.);
#6002 = VERTEX_POINT('',#6003);
#6003 = CARTESIAN_POINT('',(2.18,3.48,1.306565322568));
#6004 = LINE('',#6005,#6006);
#6005 = CARTESIAN_POINT('',(2.82,3.48,1.306565322568));
#6006 = VECTOR('',#6007,1.);
#6007 = DIRECTION('',(-1.,0.,0.));
#6008 = ORIENTED_EDGE('',*,*,#6009,.T.);
#6009 = EDGE_CURVE('',#6002,#6010,#6012,.T.);
#6010 = VERTEX_POINT('',#6011);
#6011 = CARTESIAN_POINT('',(2.18,3.48,-5.05));
#6012 = LINE('',#6013,#6014);
#6013 = CARTESIAN_POINT('',(2.18,3.48,-3.55));
#6014 = VECTOR('',#6015,1.);
#6015 = DIRECTION('',(0.,0.,-1.));
#6016 = ORIENTED_EDGE('',*,*,#6017,.F.);
#6017 = EDGE_CURVE('',#5994,#6010,#6018,.T.);
#6018 = LINE('',#6019,#6020);
#6019 = CARTESIAN_POINT('',(2.82,3.48,-5.05));
#6020 = VECTOR('',#6021,1.);
#6021 = DIRECTION('',(-1.,-0.,-0.));
#6022 = PLANE('',#6023);
#6023 = AXIS2_PLACEMENT_3D('',#6024,#6025,#6026);
#6024 = CARTESIAN_POINT('',(2.82,3.48,-3.55));
#6025 = DIRECTION('',(-0.,1.,0.));
#6026 = DIRECTION('',(0.,0.,1.));
#6027 = ADVANCED_FACE('',(#6028),#6053,.F.);
#6028 = FACE_BOUND('',#6029,.T.);
#6029 = EDGE_LOOP('',(#6030,#6038,#6046,#6052));
#6030 = ORIENTED_EDGE('',*,*,#6031,.T.);
#6031 = EDGE_CURVE('',#6010,#6032,#6034,.T.);
#6032 = VERTEX_POINT('',#6033);
#6033 = CARTESIAN_POINT('',(2.18,1.165,-5.05));
#6034 = LINE('',#6035,#6036);
#6035 = CARTESIAN_POINT('',(2.18,3.48,-5.05));
#6036 = VECTOR('',#6037,1.);
#6037 = DIRECTION('',(0.,-1.,0.));
#6038 = ORIENTED_EDGE('',*,*,#6039,.F.);
#6039 = EDGE_CURVE('',#6040,#6032,#6042,.T.);
#6040 = VERTEX_POINT('',#6041);
#6041 = CARTESIAN_POINT('',(2.82,1.165,-5.05));
#6042 = LINE('',#6043,#6044);
#6043 = CARTESIAN_POINT('',(2.82,1.165,-5.05));
#6044 = VECTOR('',#6045,1.);
#6045 = DIRECTION('',(-1.,-0.,-0.));
#6046 = ORIENTED_EDGE('',*,*,#6047,.F.);
#6047 = EDGE_CURVE('',#5994,#6040,#6048,.T.);
#6048 = LINE('',#6049,#6050);
#6049 = CARTESIAN_POINT('',(2.82,3.48,-5.05));
#6050 = VECTOR('',#6051,1.);
#6051 = DIRECTION('',(0.,-1.,0.));
#6052 = ORIENTED_EDGE('',*,*,#6017,.T.);
#6053 = PLANE('',#6054);
#6054 = AXIS2_PLACEMENT_3D('',#6055,#6056,#6057);
#6055 = CARTESIAN_POINT('',(2.82,3.48,-5.05));
#6056 = DIRECTION('',(0.,0.,-1.));
#6057 = DIRECTION('',(-1.,0.,-0.));
#6058 = ADVANCED_FACE('',(#6059),#6086,.T.);
#6059 = FACE_BOUND('',#6060,.T.);
#6060 = EDGE_LOOP('',(#6061,#6070,#6078,#6085));
#6061 = ORIENTED_EDGE('',*,*,#6062,.T.);
#6062 = EDGE_CURVE('',#6032,#6063,#6065,.T.);
#6063 = VERTEX_POINT('',#6064);
#6064 = CARTESIAN_POINT('',(2.18,0.125,-6.09));
#6065 = CIRCLE('',#6066,1.04);
#6066 = AXIS2_PLACEMENT_3D('',#6067,#6068,#6069);
#6067 = CARTESIAN_POINT('',(2.18,1.165,-6.09));
#6068 = DIRECTION('',(1.,0.,0.));
#6069 = DIRECTION('',(0.,0.,-1.));
#6070 = ORIENTED_EDGE('',*,*,#6071,.F.);
#6071 = EDGE_CURVE('',#6072,#6063,#6074,.T.);
#6072 = VERTEX_POINT('',#6073);
#6073 = CARTESIAN_POINT('',(2.82,0.125,-6.09));
#6074 = LINE('',#6075,#6076);
#6075 = CARTESIAN_POINT('',(2.82,0.125,-6.09));
#6076 = VECTOR('',#6077,1.);
#6077 = DIRECTION('',(-1.,-0.,-0.));
#6078 = ORIENTED_EDGE('',*,*,#6079,.F.);
#6079 = EDGE_CURVE('',#6040,#6072,#6080,.T.);
#6080 = CIRCLE('',#6081,1.04);
#6081 = AXIS2_PLACEMENT_3D('',#6082,#6083,#6084);
#6082 = CARTESIAN_POINT('',(2.82,1.165,-6.09));
#6083 = DIRECTION('',(1.,0.,0.));
#6084 = DIRECTION('',(0.,0.,-1.));
#6085 = ORIENTED_EDGE('',*,*,#6039,.T.);
#6086 = CYLINDRICAL_SURFACE('',#6087,1.04);
#6087 = AXIS2_PLACEMENT_3D('',#6088,#6089,#6090);
#6088 = CARTESIAN_POINT('',(2.82,1.165,-6.09));
#6089 = DIRECTION('',(-1.,-0.,-0.));
#6090 = DIRECTION('',(-0.,0.,1.));
#6091 = ADVANCED_FACE('',(#6092),#6117,.F.);
#6092 = FACE_BOUND('',#6093,.T.);
#6093 = EDGE_LOOP('',(#6094,#6102,#6110,#6116));
#6094 = ORIENTED_EDGE('',*,*,#6095,.T.);
#6095 = EDGE_CURVE('',#6063,#6096,#6098,.T.);
#6096 = VERTEX_POINT('',#6097);
#6097 = CARTESIAN_POINT('',(2.18,0.125,-7.706565322568));
#6098 = LINE('',#6099,#6100);
#6099 = CARTESIAN_POINT('',(2.18,0.125,-6.09));
#6100 = VECTOR('',#6101,1.);
#6101 = DIRECTION('',(0.,6.914554671464E-17,-1.));
#6102 = ORIENTED_EDGE('',*,*,#6103,.T.);
#6103 = EDGE_CURVE('',#6096,#6104,#6106,.T.);
#6104 = VERTEX_POINT('',#6105);
#6105 = CARTESIAN_POINT('',(2.82,0.125,-7.706565322568));
#6106 = LINE('',#6107,#6108);
#6107 = CARTESIAN_POINT('',(2.82,0.125,-7.706565322568));
#6108 = VECTOR('',#6109,1.);
#6109 = DIRECTION('',(1.,0.,0.));
#6110 = ORIENTED_EDGE('',*,*,#6111,.F.);
#6111 = EDGE_CURVE('',#6072,#6104,#6112,.T.);
#6112 = LINE('',#6113,#6114);
#6113 = CARTESIAN_POINT('',(2.82,0.125,-6.09));
#6114 = VECTOR('',#6115,1.);
#6115 = DIRECTION('',(0.,6.914554671464E-17,-1.));
#6116 = ORIENTED_EDGE('',*,*,#6071,.T.);
#6117 = PLANE('',#6118);
#6118 = AXIS2_PLACEMENT_3D('',#6119,#6120,#6121);
#6119 = CARTESIAN_POINT('',(2.82,0.125,-6.09));
#6120 = DIRECTION('',(-0.,1.,6.914554671464E-17));
#6121 = DIRECTION('',(0.,-6.914554671464E-17,1.));
#6122 = ADVANCED_FACE('',(#6123),#6157,.F.);
#6123 = FACE_BOUND('',#6124,.T.);
#6124 = EDGE_LOOP('',(#6125,#6135,#6143,#6151));
#6125 = ORIENTED_EDGE('',*,*,#6126,.T.);
#6126 = EDGE_CURVE('',#6127,#6129,#6131,.T.);
#6127 = VERTEX_POINT('',#6128);
#6128 = CARTESIAN_POINT('',(2.695,0.64,-8.05));
#6129 = VERTEX_POINT('',#6130);
#6130 = CARTESIAN_POINT('',(2.695,0.25,-8.05));
#6131 = LINE('',#6132,#6133);
#6132 = CARTESIAN_POINT('',(2.695,0.125,-8.05));
#6133 = VECTOR('',#6134,1.);
#6134 = DIRECTION('',(0.,-1.,2.710505431214E-15));
#6135 = ORIENTED_EDGE('',*,*,#6136,.T.);
#6136 = EDGE_CURVE('',#6129,#6137,#6139,.T.);
#6137 = VERTEX_POINT('',#6138);
#6138 = CARTESIAN_POINT('',(2.305,0.25,-8.05));
#6139 = LINE('',#6140,#6141);
#6140 = CARTESIAN_POINT('',(2.82,0.25,-8.05));
#6141 = VECTOR('',#6142,1.);
#6142 = DIRECTION('',(-1.,-0.,0.));
#6143 = ORIENTED_EDGE('',*,*,#6144,.T.);
#6144 = EDGE_CURVE('',#6137,#6145,#6147,.T.);
#6145 = VERTEX_POINT('',#6146);
#6146 = CARTESIAN_POINT('',(2.305,0.64,-8.05));
#6147 = LINE('',#6148,#6149);
#6148 = CARTESIAN_POINT('',(2.305,0.765,-8.05));
#6149 = VECTOR('',#6150,1.);
#6150 = DIRECTION('',(0.,1.,-2.710505431214E-15));
#6151 = ORIENTED_EDGE('',*,*,#6152,.T.);
#6152 = EDGE_CURVE('',#6145,#6127,#6153,.T.);
#6153 = LINE('',#6154,#6155);
#6154 = CARTESIAN_POINT('',(2.82,0.64,-8.05));
#6155 = VECTOR('',#6156,1.);
#6156 = DIRECTION('',(1.,0.,0.));
#6157 = PLANE('',#6158);
#6158 = AXIS2_PLACEMENT_3D('',#6159,#6160,#6161);
#6159 = CARTESIAN_POINT('',(2.82,0.765,-8.05));
#6160 = DIRECTION('',(-0.,2.710505431214E-15,1.));
#6161 = DIRECTION('',(0.,-1.,2.710505431214E-15));
#6162 = ADVANCED_FACE('',(#6163),#6197,.F.);
#6163 = FACE_BOUND('',#6164,.T.);
#6164 = EDGE_LOOP('',(#6165,#6175,#6183,#6191));
#6165 = ORIENTED_EDGE('',*,*,#6166,.F.);
#6166 = EDGE_CURVE('',#6167,#6169,#6171,.T.);
#6167 = VERTEX_POINT('',#6168);
#6168 = CARTESIAN_POINT('',(2.82,0.765,-7.706565322568));
#6169 = VERTEX_POINT('',#6170);
#6170 = CARTESIAN_POINT('',(2.82,0.765,-6.09));
#6171 = LINE('',#6172,#6173);
#6172 = CARTESIAN_POINT('',(2.82,0.765,-6.09));
#6173 = VECTOR('',#6174,1.);
#6174 = DIRECTION('',(-0.,-0.,1.));
#6175 = ORIENTED_EDGE('',*,*,#6176,.T.);
#6176 = EDGE_CURVE('',#6167,#6177,#6179,.T.);
#6177 = VERTEX_POINT('',#6178);
#6178 = CARTESIAN_POINT('',(2.18,0.765,-7.706565322568));
#6179 = LINE('',#6180,#6181);
#6180 = CARTESIAN_POINT('',(2.82,0.765,-7.706565322568));
#6181 = VECTOR('',#6182,1.);
#6182 = DIRECTION('',(-1.,0.,0.));
#6183 = ORIENTED_EDGE('',*,*,#6184,.T.);
#6184 = EDGE_CURVE('',#6177,#6185,#6187,.T.);
#6185 = VERTEX_POINT('',#6186);
#6186 = CARTESIAN_POINT('',(2.18,0.765,-6.09));
#6187 = LINE('',#6188,#6189);
#6188 = CARTESIAN_POINT('',(2.18,0.765,-6.09));
#6189 = VECTOR('',#6190,1.);
#6190 = DIRECTION('',(-0.,-0.,1.));
#6191 = ORIENTED_EDGE('',*,*,#6192,.F.);
#6192 = EDGE_CURVE('',#6169,#6185,#6193,.T.);
#6193 = LINE('',#6194,#6195);
#6194 = CARTESIAN_POINT('',(2.82,0.765,-6.09));
#6195 = VECTOR('',#6196,1.);
#6196 = DIRECTION('',(-1.,-0.,-0.));
#6197 = PLANE('',#6198);
#6198 = AXIS2_PLACEMENT_3D('',#6199,#6200,#6201);
#6199 = CARTESIAN_POINT('',(2.82,0.765,-6.09));
#6200 = DIRECTION('',(0.,-1.,0.));
#6201 = DIRECTION('',(0.,-0.,-1.));
#6202 = ADVANCED_FACE('',(#6203),#6230,.F.);
#6203 = FACE_BOUND('',#6204,.F.);
#6204 = EDGE_LOOP('',(#6205,#6206,#6215,#6223));
#6205 = ORIENTED_EDGE('',*,*,#6192,.F.);
#6206 = ORIENTED_EDGE('',*,*,#6207,.T.);
#6207 = EDGE_CURVE('',#6169,#6208,#6210,.T.);
#6208 = VERTEX_POINT('',#6209);
#6209 = CARTESIAN_POINT('',(2.82,1.165,-5.69));
#6210 = CIRCLE('',#6211,0.4);
#6211 = AXIS2_PLACEMENT_3D('',#6212,#6213,#6214);
#6212 = CARTESIAN_POINT('',(2.82,1.165,-6.09));
#6213 = DIRECTION('',(-1.,-0.,-0.));
#6214 = DIRECTION('',(0.,0.,-1.));
#6215 = ORIENTED_EDGE('',*,*,#6216,.T.);
#6216 = EDGE_CURVE('',#6208,#6217,#6219,.T.);
#6217 = VERTEX_POINT('',#6218);
#6218 = CARTESIAN_POINT('',(2.18,1.165,-5.69));
#6219 = LINE('',#6220,#6221);
#6220 = CARTESIAN_POINT('',(2.82,1.165,-5.69));
#6221 = VECTOR('',#6222,1.);
#6222 = DIRECTION('',(-1.,-0.,-0.));
#6223 = ORIENTED_EDGE('',*,*,#6224,.F.);
#6224 = EDGE_CURVE('',#6185,#6217,#6225,.T.);
#6225 = CIRCLE('',#6226,0.4);
#6226 = AXIS2_PLACEMENT_3D('',#6227,#6228,#6229);
#6227 = CARTESIAN_POINT('',(2.18,1.165,-6.09));
#6228 = DIRECTION('',(-1.,-0.,-0.));
#6229 = DIRECTION('',(0.,0.,-1.));
#6230 = CYLINDRICAL_SURFACE('',#6231,0.4);
#6231 = AXIS2_PLACEMENT_3D('',#6232,#6233,#6234);
#6232 = CARTESIAN_POINT('',(2.82,1.165,-6.09));
#6233 = DIRECTION('',(-1.,-0.,-0.));
#6234 = DIRECTION('',(-0.,0.,1.));
#6235 = ADVANCED_FACE('',(#6236),#6261,.F.);
#6236 = FACE_BOUND('',#6237,.T.);
#6237 = EDGE_LOOP('',(#6238,#6246,#6254,#6260));
#6238 = ORIENTED_EDGE('',*,*,#6239,.T.);
#6239 = EDGE_CURVE('',#6217,#6240,#6242,.T.);
#6240 = VERTEX_POINT('',#6241);
#6241 = CARTESIAN_POINT('',(2.18,3.48,-5.69));
#6242 = LINE('',#6243,#6244);
#6243 = CARTESIAN_POINT('',(2.18,3.48,-5.69));
#6244 = VECTOR('',#6245,1.);
#6245 = DIRECTION('',(-0.,1.,-7.493405943744E-16));
#6246 = ORIENTED_EDGE('',*,*,#6247,.F.);
#6247 = EDGE_CURVE('',#6248,#6240,#6250,.T.);
#6248 = VERTEX_POINT('',#6249);
#6249 = CARTESIAN_POINT('',(2.82,3.48,-5.69));
#6250 = LINE('',#6251,#6252);
#6251 = CARTESIAN_POINT('',(2.82,3.48,-5.69));
#6252 = VECTOR('',#6253,1.);
#6253 = DIRECTION('',(-1.,-0.,-0.));
#6254 = ORIENTED_EDGE('',*,*,#6255,.F.);
#6255 = EDGE_CURVE('',#6208,#6248,#6256,.T.);
#6256 = LINE('',#6257,#6258);
#6257 = CARTESIAN_POINT('',(2.82,3.48,-5.69));
#6258 = VECTOR('',#6259,1.);
#6259 = DIRECTION('',(-0.,1.,-7.493405943744E-16));
#6260 = ORIENTED_EDGE('',*,*,#6216,.T.);
#6261 = PLANE('',#6262);
#6262 = AXIS2_PLACEMENT_3D('',#6263,#6264,#6265);
#6263 = CARTESIAN_POINT('',(2.82,3.48,-5.69));
#6264 = DIRECTION('',(-0.,7.493405943744E-16,1.));
#6265 = DIRECTION('',(0.,-1.,7.493405943744E-16));
#6266 = ADVANCED_FACE('',(#6267),#6294,.T.);
#6267 = FACE_BOUND('',#6268,.T.);
#6268 = EDGE_LOOP('',(#6269,#6278,#6286,#6293));
#6269 = ORIENTED_EDGE('',*,*,#6270,.T.);
#6270 = EDGE_CURVE('',#6240,#6271,#6273,.T.);
#6271 = VERTEX_POINT('',#6272);
#6272 = CARTESIAN_POINT('',(2.18,4.12,-5.05));
#6273 = CIRCLE('',#6274,0.64);
#6274 = AXIS2_PLACEMENT_3D('',#6275,#6276,#6277);
#6275 = CARTESIAN_POINT('',(2.18,3.48,-5.05));
#6276 = DIRECTION('',(1.,0.,-0.));
#6277 = DIRECTION('',(0.,0.,1.));
#6278 = ORIENTED_EDGE('',*,*,#6279,.F.);
#6279 = EDGE_CURVE('',#6280,#6271,#6282,.T.);
#6280 = VERTEX_POINT('',#6281);
#6281 = CARTESIAN_POINT('',(2.82,4.12,-5.05));
#6282 = LINE('',#6283,#6284);
#6283 = CARTESIAN_POINT('',(2.82,4.12,-5.05));
#6284 = VECTOR('',#6285,1.);
#6285 = DIRECTION('',(-1.,-0.,-0.));
#6286 = ORIENTED_EDGE('',*,*,#6287,.F.);
#6287 = EDGE_CURVE('',#6248,#6280,#6288,.T.);
#6288 = CIRCLE('',#6289,0.64);
#6289 = AXIS2_PLACEMENT_3D('',#6290,#6291,#6292);
#6290 = CARTESIAN_POINT('',(2.82,3.48,-5.05));
#6291 = DIRECTION('',(1.,0.,-0.));
#6292 = DIRECTION('',(0.,0.,1.));
#6293 = ORIENTED_EDGE('',*,*,#6247,.T.);
#6294 = CYLINDRICAL_SURFACE('',#6295,0.64);
#6295 = AXIS2_PLACEMENT_3D('',#6296,#6297,#6298);
#6296 = CARTESIAN_POINT('',(2.82,3.48,-5.05));
#6297 = DIRECTION('',(-1.,-0.,-0.));
#6298 = DIRECTION('',(-0.,0.,1.));
#6299 = ADVANCED_FACE('',(#6300),#6325,.F.);
#6300 = FACE_BOUND('',#6301,.T.);
#6301 = EDGE_LOOP('',(#6302,#6310,#6318,#6324));
#6302 = ORIENTED_EDGE('',*,*,#6303,.T.);
#6303 = EDGE_CURVE('',#6271,#6304,#6306,.T.);
#6304 = VERTEX_POINT('',#6305);
#6305 = CARTESIAN_POINT('',(2.18,4.12,1.306565322568));
#6306 = LINE('',#6307,#6308);
#6307 = CARTESIAN_POINT('',(2.18,4.12,-3.55));
#6308 = VECTOR('',#6309,1.);
#6309 = DIRECTION('',(0.,-1.668003342285E-16,1.));
#6310 = ORIENTED_EDGE('',*,*,#6311,.T.);
#6311 = EDGE_CURVE('',#6304,#6312,#6314,.T.);
#6312 = VERTEX_POINT('',#6313);
#6313 = CARTESIAN_POINT('',(2.82,4.12,1.306565322568));
#6314 = LINE('',#6315,#6316);
#6315 = CARTESIAN_POINT('',(2.82,4.12,1.306565322568));
#6316 = VECTOR('',#6317,1.);
#6317 = DIRECTION('',(1.,0.,0.));
#6318 = ORIENTED_EDGE('',*,*,#6319,.F.);
#6319 = EDGE_CURVE('',#6280,#6312,#6320,.T.);
#6320 = LINE('',#6321,#6322);
#6321 = CARTESIAN_POINT('',(2.82,4.12,-5.05));
#6322 = VECTOR('',#6323,1.);
#6323 = DIRECTION('',(0.,0.,1.));
#6324 = ORIENTED_EDGE('',*,*,#6279,.T.);
#6325 = PLANE('',#6326);
#6326 = AXIS2_PLACEMENT_3D('',#6327,#6328,#6329);
#6327 = CARTESIAN_POINT('',(2.82,4.12,-3.55));
#6328 = DIRECTION('',(0.,-1.,-1.668003342285E-16));
#6329 = DIRECTION('',(0.,1.668003342285E-16,-1.));
#6330 = ADVANCED_FACE('',(#6331),#6354,.T.);
#6331 = FACE_BOUND('',#6332,.T.);
#6332 = EDGE_LOOP('',(#6333,#6334,#6340,#6341,#6342,#6343,#6344,#6345,
    #6351,#6352,#6353));
#6333 = ORIENTED_EDGE('',*,*,#6111,.T.);
#6334 = ORIENTED_EDGE('',*,*,#6335,.T.);
#6335 = EDGE_CURVE('',#6104,#6167,#6336,.T.);
#6336 = LINE('',#6337,#6338);
#6337 = CARTESIAN_POINT('',(2.82,0.765,-7.706565322568));
#6338 = VECTOR('',#6339,1.);
#6339 = DIRECTION('',(0.,1.,-2.710505431214E-15));
#6340 = ORIENTED_EDGE('',*,*,#6166,.T.);
#6341 = ORIENTED_EDGE('',*,*,#6207,.T.);
#6342 = ORIENTED_EDGE('',*,*,#6255,.T.);
#6343 = ORIENTED_EDGE('',*,*,#6287,.T.);
#6344 = ORIENTED_EDGE('',*,*,#6319,.T.);
#6345 = ORIENTED_EDGE('',*,*,#6346,.T.);
#6346 = EDGE_CURVE('',#6312,#5992,#6347,.T.);
#6347 = LINE('',#6348,#6349);
#6348 = CARTESIAN_POINT('',(2.82,3.48,1.306565322568));
#6349 = VECTOR('',#6350,1.);
#6350 = DIRECTION('',(0.,-1.,0.));
#6351 = ORIENTED_EDGE('',*,*,#5991,.T.);
#6352 = ORIENTED_EDGE('',*,*,#6047,.T.);
#6353 = ORIENTED_EDGE('',*,*,#6079,.T.);
#6354 = PLANE('',#6355);
#6355 = AXIS2_PLACEMENT_3D('',#6356,#6357,#6358);
#6356 = CARTESIAN_POINT('',(2.82,1.165,-6.09));
#6357 = DIRECTION('',(1.,0.,0.));
#6358 = DIRECTION('',(0.,0.,-1.));
#6359 = ADVANCED_FACE('',(#6360),#6383,.F.);
#6360 = FACE_BOUND('',#6361,.T.);
#6361 = EDGE_LOOP('',(#6362,#6363,#6369,#6370,#6371,#6372,#6373,#6379,
    #6380,#6381,#6382));
#6362 = ORIENTED_EDGE('',*,*,#6184,.F.);
#6363 = ORIENTED_EDGE('',*,*,#6364,.T.);
#6364 = EDGE_CURVE('',#6177,#6096,#6365,.T.);
#6365 = LINE('',#6366,#6367);
#6366 = CARTESIAN_POINT('',(2.18,1.165,-7.706565322568));
#6367 = VECTOR('',#6368,1.);
#6368 = DIRECTION('',(0.,-1.,2.710505431214E-15));
#6369 = ORIENTED_EDGE('',*,*,#6095,.F.);
#6370 = ORIENTED_EDGE('',*,*,#6062,.F.);
#6371 = ORIENTED_EDGE('',*,*,#6031,.F.);
#6372 = ORIENTED_EDGE('',*,*,#6009,.F.);
#6373 = ORIENTED_EDGE('',*,*,#6374,.T.);
#6374 = EDGE_CURVE('',#6002,#6304,#6375,.T.);
#6375 = LINE('',#6376,#6377);
#6376 = CARTESIAN_POINT('',(2.18,1.165,1.306565322568));
#6377 = VECTOR('',#6378,1.);
#6378 = DIRECTION('',(0.,1.,0.));
#6379 = ORIENTED_EDGE('',*,*,#6303,.F.);
#6380 = ORIENTED_EDGE('',*,*,#6270,.F.);
#6381 = ORIENTED_EDGE('',*,*,#6239,.F.);
#6382 = ORIENTED_EDGE('',*,*,#6224,.F.);
#6383 = PLANE('',#6384);
#6384 = AXIS2_PLACEMENT_3D('',#6385,#6386,#6387);
#6385 = CARTESIAN_POINT('',(2.18,1.165,-6.09));
#6386 = DIRECTION('',(1.,0.,0.));
#6387 = DIRECTION('',(0.,0.,-1.));
#6388 = ADVANCED_FACE('',(#6389),#6405,.F.);
#6389 = FACE_BOUND('',#6390,.T.);
#6390 = EDGE_LOOP('',(#6391,#6397,#6398,#6404));
#6391 = ORIENTED_EDGE('',*,*,#6392,.F.);
#6392 = EDGE_CURVE('',#6177,#6145,#6393,.T.);
#6393 = LINE('',#6394,#6395);
#6394 = CARTESIAN_POINT('',(2.291909119781,0.653090880219,
    -8.014033102197));
#6395 = VECTOR('',#6396,1.);
#6396 = DIRECTION('',(0.323615577118,-0.323615577118,-0.889126490716));
#6397 = ORIENTED_EDGE('',*,*,#6176,.F.);
#6398 = ORIENTED_EDGE('',*,*,#6399,.F.);
#6399 = EDGE_CURVE('',#6127,#6167,#6400,.T.);
#6400 = LINE('',#6401,#6402);
#6401 = CARTESIAN_POINT('',(2.82,0.765,-7.706565322568));
#6402 = VECTOR('',#6403,1.);
#6403 = DIRECTION('',(0.323615577118,0.323615577118,0.889126490716));
#6404 = ORIENTED_EDGE('',*,*,#6152,.F.);
#6405 = PLANE('',#6406);
#6406 = AXIS2_PLACEMENT_3D('',#6407,#6408,#6409);
#6407 = CARTESIAN_POINT('',(2.82,0.765,-7.706565322568));
#6408 = DIRECTION('',(0.,-0.939692620786,0.342020143326));
#6409 = DIRECTION('',(-1.,0.,0.));
#6410 = ADVANCED_FACE('',(#6411),#6422,.T.);
#6411 = FACE_BOUND('',#6412,.T.);
#6412 = EDGE_LOOP('',(#6413,#6414,#6415,#6421));
#6413 = ORIENTED_EDGE('',*,*,#6399,.T.);
#6414 = ORIENTED_EDGE('',*,*,#6335,.F.);
#6415 = ORIENTED_EDGE('',*,*,#6416,.F.);
#6416 = EDGE_CURVE('',#6129,#6104,#6417,.T.);
#6417 = LINE('',#6418,#6419);
#6418 = CARTESIAN_POINT('',(2.711083876576,0.233916123424,
    -8.005809912289));
#6419 = VECTOR('',#6420,1.);
#6420 = DIRECTION('',(0.323615577118,-0.323615577118,0.889126490716));
#6421 = ORIENTED_EDGE('',*,*,#6126,.F.);
#6422 = PLANE('',#6423);
#6423 = AXIS2_PLACEMENT_3D('',#6424,#6425,#6426);
#6424 = CARTESIAN_POINT('',(2.82,1.165,-7.706565322568));
#6425 = DIRECTION('',(0.939692620786,-9.270474560687E-16,-0.342020143326
    ));
#6426 = DIRECTION('',(-9.860761315263E-32,-1.,2.710505431214E-15));
#6427 = ADVANCED_FACE('',(#6428),#6439,.F.);
#6428 = FACE_BOUND('',#6429,.T.);
#6429 = EDGE_LOOP('',(#6430,#6431,#6432,#6438));
#6430 = ORIENTED_EDGE('',*,*,#6392,.T.);
#6431 = ORIENTED_EDGE('',*,*,#6144,.F.);
#6432 = ORIENTED_EDGE('',*,*,#6433,.F.);
#6433 = EDGE_CURVE('',#6096,#6137,#6434,.T.);
#6434 = LINE('',#6435,#6436);
#6435 = CARTESIAN_POINT('',(2.358934426503,0.303934426503,
    -8.198183618948));
#6436 = VECTOR('',#6437,1.);
#6437 = DIRECTION('',(0.323615577118,0.323615577118,-0.889126490716));
#6438 = ORIENTED_EDGE('',*,*,#6364,.F.);
#6439 = PLANE('',#6440);
#6440 = AXIS2_PLACEMENT_3D('',#6441,#6442,#6443);
#6441 = CARTESIAN_POINT('',(2.305,0.765,-8.05));
#6442 = DIRECTION('',(0.939692620786,9.270474560687E-16,0.342020143326)
  );
#6443 = DIRECTION('',(-9.860761315263E-32,1.,-2.710505431214E-15));
#6444 = ADVANCED_FACE('',(#6445),#6451,.F.);
#6445 = FACE_BOUND('',#6446,.T.);
#6446 = EDGE_LOOP('',(#6447,#6448,#6449,#6450));
#6447 = ORIENTED_EDGE('',*,*,#6416,.T.);
#6448 = ORIENTED_EDGE('',*,*,#6103,.F.);
#6449 = ORIENTED_EDGE('',*,*,#6433,.T.);
#6450 = ORIENTED_EDGE('',*,*,#6136,.F.);
#6451 = PLANE('',#6452);
#6452 = AXIS2_PLACEMENT_3D('',#6453,#6454,#6455);
#6453 = CARTESIAN_POINT('',(2.82,0.25,-8.05));
#6454 = DIRECTION('',(0.,0.939692620786,0.342020143326));
#6455 = DIRECTION('',(-1.,0.,0.));
#6456 = ADVANCED_FACE('',(#6457),#6473,.F.);
#6457 = FACE_BOUND('',#6458,.T.);
#6458 = EDGE_LOOP('',(#6459,#6465,#6466,#6472));
#6459 = ORIENTED_EDGE('',*,*,#6460,.F.);
#6460 = EDGE_CURVE('',#6002,#5970,#6461,.T.);
#6461 = LINE('',#6462,#6463);
#6462 = CARTESIAN_POINT('',(2.358934426503,3.658934426503,1.798183618948
    ));
#6463 = VECTOR('',#6464,1.);
#6464 = DIRECTION('',(0.323615577118,0.323615577118,0.889126490716));
#6465 = ORIENTED_EDGE('',*,*,#6001,.F.);
#6466 = ORIENTED_EDGE('',*,*,#6467,.F.);
#6467 = EDGE_CURVE('',#5952,#5992,#6468,.T.);
#6468 = LINE('',#6469,#6470);
#6469 = CARTESIAN_POINT('',(2.82,3.48,1.306565322568));
#6470 = VECTOR('',#6471,1.);
#6471 = DIRECTION('',(0.323615577118,-0.323615577118,-0.889126490716));
#6472 = ORIENTED_EDGE('',*,*,#5977,.F.);
#6473 = PLANE('',#6474);
#6474 = AXIS2_PLACEMENT_3D('',#6475,#6476,#6477);
#6475 = CARTESIAN_POINT('',(2.82,3.48,1.306565322568));
#6476 = DIRECTION('',(0.,0.939692620786,-0.342020143326));
#6477 = DIRECTION('',(-1.,0.,0.));
#6478 = ADVANCED_FACE('',(#6479),#6490,.T.);
#6479 = FACE_BOUND('',#6480,.T.);
#6480 = EDGE_LOOP('',(#6481,#6482,#6483,#6489));
#6481 = ORIENTED_EDGE('',*,*,#6467,.T.);
#6482 = ORIENTED_EDGE('',*,*,#6346,.F.);
#6483 = ORIENTED_EDGE('',*,*,#6484,.F.);
#6484 = EDGE_CURVE('',#5954,#6312,#6485,.T.);
#6485 = LINE('',#6486,#6487);
#6486 = CARTESIAN_POINT('',(2.510531591618,3.810531591618,2.156822786631
    ));
#6487 = VECTOR('',#6488,1.);
#6488 = DIRECTION('',(0.323615577118,0.323615577118,-0.889126490716));
#6489 = ORIENTED_EDGE('',*,*,#5951,.F.);
#6490 = PLANE('',#6491);
#6491 = AXIS2_PLACEMENT_3D('',#6492,#6493,#6494);
#6492 = CARTESIAN_POINT('',(2.82,1.165,1.306565322568));
#6493 = DIRECTION('',(0.939692620786,0.,0.342020143326));
#6494 = DIRECTION('',(-0.,1.,0.));
#6495 = ADVANCED_FACE('',(#6496),#6507,.F.);
#6496 = FACE_BOUND('',#6497,.T.);
#6497 = EDGE_LOOP('',(#6498,#6499,#6500,#6506));
#6498 = ORIENTED_EDGE('',*,*,#6460,.T.);
#6499 = ORIENTED_EDGE('',*,*,#5969,.F.);
#6500 = ORIENTED_EDGE('',*,*,#6501,.F.);
#6501 = EDGE_CURVE('',#6304,#5962,#6502,.T.);
#6502 = LINE('',#6503,#6504);
#6503 = CARTESIAN_POINT('',(2.291909119781,4.008090880219,1.614033102197
    ));
#6504 = VECTOR('',#6505,1.);
#6505 = DIRECTION('',(0.323615577118,-0.323615577118,0.889126490716));
#6506 = ORIENTED_EDGE('',*,*,#6374,.F.);
#6507 = PLANE('',#6508);
#6508 = AXIS2_PLACEMENT_3D('',#6509,#6510,#6511);
#6509 = CARTESIAN_POINT('',(2.305,4.12,1.65));
#6510 = DIRECTION('',(0.939692620786,0.,-0.342020143326));
#6511 = DIRECTION('',(0.,-1.,0.));
#6512 = ADVANCED_FACE('',(#6513),#6519,.F.);
#6513 = FACE_BOUND('',#6514,.T.);
#6514 = EDGE_LOOP('',(#6515,#6516,#6517,#6518));
#6515 = ORIENTED_EDGE('',*,*,#6484,.T.);
#6516 = ORIENTED_EDGE('',*,*,#6311,.F.);
#6517 = ORIENTED_EDGE('',*,*,#6501,.T.);
#6518 = ORIENTED_EDGE('',*,*,#5961,.F.);
#6519 = PLANE('',#6520);
#6520 = AXIS2_PLACEMENT_3D('',#6521,#6522,#6523);
#6521 = CARTESIAN_POINT('',(2.82,3.995,1.65));
#6522 = DIRECTION('',(-0.,-0.939692620786,-0.342020143326));
#6523 = DIRECTION('',(-1.,0.,0.));
#6524 = ( GEOMETRIC_REPRESENTATION_CONTEXT(3) 
GLOBAL_UNCERTAINTY_ASSIGNED_CONTEXT((#6528)) 
GLOBAL_UNIT_ASSIGNED_CONTEXT((#6525,#6526,#6527)) REPRESENTATION_CONTEXT
('Context #1','3D Context with UNIT and UNCERTAINTY') );
#6525 = ( LENGTH_UNIT() NAMED_UNIT(*) SI_UNIT(.MILLI.,.METRE.) );
#6526 = ( NAMED_UNIT(*) PLANE_ANGLE_UNIT() SI_UNIT($,.RADIAN.) );
#6527 = ( NAMED_UNIT(*) SI_UNIT($,.STERADIAN.) SOLID_ANGLE_UNIT() );
#6528 = UNCERTAINTY_MEASURE_WITH_UNIT(LENGTH_MEASURE(1.E-07),#6525,
  'distance_accuracy_value','confusion accuracy');
#6529 = CONTEXT_DEPENDENT_SHAPE_REPRESENTATION(#6530,#6532);
#6530 = ( REPRESENTATION_RELATIONSHIP('','',#5944,#2053) 
REPRESENTATION_RELATIONSHIP_WITH_TRANSFORMATION(#6531) 
SHAPE_REPRESENTATION_RELATIONSHIP() );
#6531 = ITEM_DEFINED_TRANSFORMATION('','',#11,#2058);
#6532 = PRODUCT_DEFINITION_SHAPE('Placement','Placement of an item',
  #6533);
#6533 = NEXT_ASSEMBLY_USAGE_OCCURRENCE('3','NAUO2','',#2048,#5939,$);
#6534 = PRODUCT_RELATED_PRODUCT_CATEGORY('part',$,(#5941));
#6535 = CONTEXT_DEPENDENT_SHAPE_REPRESENTATION(#6536,#6538);
#6536 = ( REPRESENTATION_RELATIONSHIP('','',#5944,#2053) 
REPRESENTATION_RELATIONSHIP_WITH_TRANSFORMATION(#6537) 
SHAPE_REPRESENTATION_RELATIONSHIP() );
#6537 = ITEM_DEFINED_TRANSFORMATION('','',#11,#2062);
#6538 = PRODUCT_DEFINITION_SHAPE('Placement','Placement of an item',
  #6539);
#6539 = NEXT_ASSEMBLY_USAGE_OCCURRENCE('4','NAUO3','',#2048,#5939,$);
#6540 = CONTEXT_DEPENDENT_SHAPE_REPRESENTATION(#6541,#6543);
#6541 = ( REPRESENTATION_RELATIONSHIP('','',#5944,#2053) 
REPRESENTATION_RELATIONSHIP_WITH_TRANSFORMATION(#6542) 
SHAPE_REPRESENTATION_RELATIONSHIP() );
#6542 = ITEM_DEFINED_TRANSFORMATION('','',#11,#2066);
#6543 = PRODUCT_DEFINITION_SHAPE('Placement','Placement of an item',
  #6544);
#6544 = NEXT_ASSEMBLY_USAGE_OCCURRENCE('5','NAUO4','',#2048,#5939,$);
#6545 = SHAPE_DEFINITION_REPRESENTATION(#6546,#6552);
#6546 = PRODUCT_DEFINITION_SHAPE('','',#6547);
#6547 = PRODUCT_DEFINITION('design','',#6548,#6551);
#6548 = PRODUCT_DEFINITION_FORMATION('','',#6549);
#6549 = PRODUCT('R_0603_1608Metric','R_0603_1608Metric','',(#6550));
#6550 = PRODUCT_CONTEXT('',#2,'mechanical');
#6551 = PRODUCT_DEFINITION_CONTEXT('part definition',#2,'design');
#6552 = ADVANCED_BREP_SHAPE_REPRESENTATION('',(#11,#6553),#7343);
#6553 = MANIFOLD_SOLID_BREP('',#6554);
#6554 = CLOSED_SHELL('',(#6555,#6595,#6678,#6703,#6728,#6795,#6812,#6829
    ,#6878,#6895,#6912,#6961,#6978,#7047,#7078,#7102,#7171,#7195,#7212,
    #7229,#7246,#7263,#7280,#7297,#7314,#7331));
#6555 = ADVANCED_FACE('',(#6556),#6590,.F.);
#6556 = FACE_BOUND('',#6557,.F.);
#6557 = EDGE_LOOP('',(#6558,#6568,#6576,#6584));
#6558 = ORIENTED_EDGE('',*,*,#6559,.F.);
#6559 = EDGE_CURVE('',#6560,#6562,#6564,.T.);
#6560 = VERTEX_POINT('',#6561);
#6561 = CARTESIAN_POINT('',(-0.8,-0.4,4.5E-02));
#6562 = VERTEX_POINT('',#6563);
#6563 = CARTESIAN_POINT('',(-0.8,-0.4,0.405));
#6564 = LINE('',#6565,#6566);
#6565 = CARTESIAN_POINT('',(-0.8,-0.4,0.));
#6566 = VECTOR('',#6567,1.);
#6567 = DIRECTION('',(0.,0.,1.));
#6568 = ORIENTED_EDGE('',*,*,#6569,.T.);
#6569 = EDGE_CURVE('',#6560,#6570,#6572,.T.);
#6570 = VERTEX_POINT('',#6571);
#6571 = CARTESIAN_POINT('',(-0.8,0.4,4.5E-02));
#6572 = LINE('',#6573,#6574);
#6573 = CARTESIAN_POINT('',(-0.8,-0.4,4.5E-02));
#6574 = VECTOR('',#6575,1.);
#6575 = DIRECTION('',(0.,1.,0.));
#6576 = ORIENTED_EDGE('',*,*,#6577,.T.);
#6577 = EDGE_CURVE('',#6570,#6578,#6580,.T.);
#6578 = VERTEX_POINT('',#6579);
#6579 = CARTESIAN_POINT('',(-0.8,0.4,0.405));
#6580 = LINE('',#6581,#6582);
#6581 = CARTESIAN_POINT('',(-0.8,0.4,0.));
#6582 = VECTOR('',#6583,1.);
#6583 = DIRECTION('',(0.,0.,1.));
#6584 = ORIENTED_EDGE('',*,*,#6585,.F.);
#6585 = EDGE_CURVE('',#6562,#6578,#6586,.T.);
#6586 = LINE('',#6587,#6588);
#6587 = CARTESIAN_POINT('',(-0.8,-0.4,0.405));
#6588 = VECTOR('',#6589,1.);
#6589 = DIRECTION('',(0.,1.,0.));
#6590 = PLANE('',#6591);
#6591 = AXIS2_PLACEMENT_3D('',#6592,#6593,#6594);
#6592 = CARTESIAN_POINT('',(-0.8,-0.4,0.));
#6593 = DIRECTION('',(1.,0.,0.));
#6594 = DIRECTION('',(0.,0.,1.));
#6595 = ADVANCED_FACE('',(#6596),#6673,.F.);
#6596 = FACE_BOUND('',#6597,.F.);
#6597 = EDGE_LOOP('',(#6598,#6608,#6615,#6616,#6625,#6633,#6642,#6650,
    #6658,#6666));
#6598 = ORIENTED_EDGE('',*,*,#6599,.F.);
#6599 = EDGE_CURVE('',#6600,#6602,#6604,.T.);
#6600 = VERTEX_POINT('',#6601);
#6601 = CARTESIAN_POINT('',(-0.755,-0.4,-2.775557561563E-17));
#6602 = VERTEX_POINT('',#6603);
#6603 = CARTESIAN_POINT('',(-0.545,-0.4,-2.775557561563E-17));
#6604 = LINE('',#6605,#6606);
#6605 = CARTESIAN_POINT('',(-0.8,-0.4,0.));
#6606 = VECTOR('',#6607,1.);
#6607 = DIRECTION('',(1.,0.,0.));
#6608 = ORIENTED_EDGE('',*,*,#6609,.F.);
#6609 = EDGE_CURVE('',#6560,#6600,#6610,.T.);
#6610 = CIRCLE('',#6611,4.5E-02);
#6611 = AXIS2_PLACEMENT_3D('',#6612,#6613,#6614);
#6612 = CARTESIAN_POINT('',(-0.755,-0.4,4.5E-02));
#6613 = DIRECTION('',(0.,-1.,0.));
#6614 = DIRECTION('',(0.,0.,1.));
#6615 = ORIENTED_EDGE('',*,*,#6559,.T.);
#6616 = ORIENTED_EDGE('',*,*,#6617,.T.);
#6617 = EDGE_CURVE('',#6562,#6618,#6620,.T.);
#6618 = VERTEX_POINT('',#6619);
#6619 = CARTESIAN_POINT('',(-0.755,-0.4,0.45));
#6620 = CIRCLE('',#6621,4.5E-02);
#6621 = AXIS2_PLACEMENT_3D('',#6622,#6623,#6624);
#6622 = CARTESIAN_POINT('',(-0.755,-0.4,0.405));
#6623 = DIRECTION('',(0.,1.,0.));
#6624 = DIRECTION('',(0.,-0.,1.));
#6625 = ORIENTED_EDGE('',*,*,#6626,.T.);
#6626 = EDGE_CURVE('',#6618,#6627,#6629,.T.);
#6627 = VERTEX_POINT('',#6628);
#6628 = CARTESIAN_POINT('',(-0.545,-0.4,0.45));
#6629 = LINE('',#6630,#6631);
#6630 = CARTESIAN_POINT('',(-0.8,-0.4,0.45));
#6631 = VECTOR('',#6632,1.);
#6632 = DIRECTION('',(1.,0.,0.));
#6633 = ORIENTED_EDGE('',*,*,#6634,.F.);
#6634 = EDGE_CURVE('',#6635,#6627,#6637,.T.);
#6635 = VERTEX_POINT('',#6636);
#6636 = CARTESIAN_POINT('',(-0.5,-0.4,0.405));
#6637 = CIRCLE('',#6638,4.5E-02);
#6638 = AXIS2_PLACEMENT_3D('',#6639,#6640,#6641);
#6639 = CARTESIAN_POINT('',(-0.545,-0.4,0.405));
#6640 = DIRECTION('',(0.,-1.,0.));
#6641 = DIRECTION('',(0.,0.,1.));
#6642 = ORIENTED_EDGE('',*,*,#6643,.F.);
#6643 = EDGE_CURVE('',#6644,#6635,#6646,.T.);
#6644 = VERTEX_POINT('',#6645);
#6645 = CARTESIAN_POINT('',(-0.755,-0.4,0.405));
#6646 = LINE('',#6647,#6648);
#6647 = CARTESIAN_POINT('',(-0.755,-0.4,0.405));
#6648 = VECTOR('',#6649,1.);
#6649 = DIRECTION('',(1.,0.,0.));
#6650 = ORIENTED_EDGE('',*,*,#6651,.F.);
#6651 = EDGE_CURVE('',#6652,#6644,#6654,.T.);
#6652 = VERTEX_POINT('',#6653);
#6653 = CARTESIAN_POINT('',(-0.755,-0.4,4.5E-02));
#6654 = LINE('',#6655,#6656);
#6655 = CARTESIAN_POINT('',(-0.755,-0.4,4.5E-02));
#6656 = VECTOR('',#6657,1.);
#6657 = DIRECTION('',(0.,0.,1.));
#6658 = ORIENTED_EDGE('',*,*,#6659,.T.);
#6659 = EDGE_CURVE('',#6652,#6660,#6662,.T.);
#6660 = VERTEX_POINT('',#6661);
#6661 = CARTESIAN_POINT('',(-0.5,-0.4,4.5E-02));
#6662 = LINE('',#6663,#6664);
#6663 = CARTESIAN_POINT('',(-0.755,-0.4,4.5E-02));
#6664 = VECTOR('',#6665,1.);
#6665 = DIRECTION('',(1.,0.,0.));
#6666 = ORIENTED_EDGE('',*,*,#6667,.T.);
#6667 = EDGE_CURVE('',#6660,#6602,#6668,.T.);
#6668 = CIRCLE('',#6669,4.5E-02);
#6669 = AXIS2_PLACEMENT_3D('',#6670,#6671,#6672);
#6670 = CARTESIAN_POINT('',(-0.545,-0.4,4.5E-02));
#6671 = DIRECTION('',(0.,1.,0.));
#6672 = DIRECTION('',(0.,-0.,1.));
#6673 = PLANE('',#6674);
#6674 = AXIS2_PLACEMENT_3D('',#6675,#6676,#6677);
#6675 = CARTESIAN_POINT('',(-0.8,-0.4,0.));
#6676 = DIRECTION('',(0.,1.,0.));
#6677 = DIRECTION('',(0.,-0.,1.));
#6678 = ADVANCED_FACE('',(#6679),#6698,.T.);
#6679 = FACE_BOUND('',#6680,.T.);
#6680 = EDGE_LOOP('',(#6681,#6682,#6691,#6697));
#6681 = ORIENTED_EDGE('',*,*,#6569,.T.);
#6682 = ORIENTED_EDGE('',*,*,#6683,.T.);
#6683 = EDGE_CURVE('',#6570,#6684,#6686,.T.);
#6684 = VERTEX_POINT('',#6685);
#6685 = CARTESIAN_POINT('',(-0.755,0.4,-2.775557561563E-17));
#6686 = CIRCLE('',#6687,4.5E-02);
#6687 = AXIS2_PLACEMENT_3D('',#6688,#6689,#6690);
#6688 = CARTESIAN_POINT('',(-0.755,0.4,4.5E-02));
#6689 = DIRECTION('',(0.,-1.,0.));
#6690 = DIRECTION('',(0.,0.,1.));
#6691 = ORIENTED_EDGE('',*,*,#6692,.F.);
#6692 = EDGE_CURVE('',#6600,#6684,#6693,.T.);
#6693 = LINE('',#6694,#6695);
#6694 = CARTESIAN_POINT('',(-0.755,-0.4,-2.775557561563E-17));
#6695 = VECTOR('',#6696,1.);
#6696 = DIRECTION('',(0.,1.,0.));
#6697 = ORIENTED_EDGE('',*,*,#6609,.F.);
#6698 = CYLINDRICAL_SURFACE('',#6699,4.5E-02);
#6699 = AXIS2_PLACEMENT_3D('',#6700,#6701,#6702);
#6700 = CARTESIAN_POINT('',(-0.755,-0.4,4.5E-02));
#6701 = DIRECTION('',(0.,1.,0.));
#6702 = DIRECTION('',(-1.,0.,0.));
#6703 = ADVANCED_FACE('',(#6704),#6723,.T.);
#6704 = FACE_BOUND('',#6705,.T.);
#6705 = EDGE_LOOP('',(#6706,#6707,#6715,#6722));
#6706 = ORIENTED_EDGE('',*,*,#6617,.T.);
#6707 = ORIENTED_EDGE('',*,*,#6708,.T.);
#6708 = EDGE_CURVE('',#6618,#6709,#6711,.T.);
#6709 = VERTEX_POINT('',#6710);
#6710 = CARTESIAN_POINT('',(-0.755,0.4,0.45));
#6711 = LINE('',#6712,#6713);
#6712 = CARTESIAN_POINT('',(-0.755,-0.4,0.45));
#6713 = VECTOR('',#6714,1.);
#6714 = DIRECTION('',(0.,1.,0.));
#6715 = ORIENTED_EDGE('',*,*,#6716,.F.);
#6716 = EDGE_CURVE('',#6578,#6709,#6717,.T.);
#6717 = CIRCLE('',#6718,4.5E-02);
#6718 = AXIS2_PLACEMENT_3D('',#6719,#6720,#6721);
#6719 = CARTESIAN_POINT('',(-0.755,0.4,0.405));
#6720 = DIRECTION('',(0.,1.,0.));
#6721 = DIRECTION('',(0.,-0.,1.));
#6722 = ORIENTED_EDGE('',*,*,#6585,.F.);
#6723 = CYLINDRICAL_SURFACE('',#6724,4.5E-02);
#6724 = AXIS2_PLACEMENT_3D('',#6725,#6726,#6727);
#6725 = CARTESIAN_POINT('',(-0.755,-0.4,0.405));
#6726 = DIRECTION('',(0.,1.,0.));
#6727 = DIRECTION('',(-1.,0.,0.));
#6728 = ADVANCED_FACE('',(#6729),#6790,.T.);
#6729 = FACE_BOUND('',#6730,.T.);
#6730 = EDGE_LOOP('',(#6731,#6739,#6740,#6741,#6742,#6750,#6759,#6767,
    #6775,#6783));
#6731 = ORIENTED_EDGE('',*,*,#6732,.F.);
#6732 = EDGE_CURVE('',#6684,#6733,#6735,.T.);
#6733 = VERTEX_POINT('',#6734);
#6734 = CARTESIAN_POINT('',(-0.545,0.4,-2.775557561563E-17));
#6735 = LINE('',#6736,#6737);
#6736 = CARTESIAN_POINT('',(-0.8,0.4,0.));
#6737 = VECTOR('',#6738,1.);
#6738 = DIRECTION('',(1.,0.,0.));
#6739 = ORIENTED_EDGE('',*,*,#6683,.F.);
#6740 = ORIENTED_EDGE('',*,*,#6577,.T.);
#6741 = ORIENTED_EDGE('',*,*,#6716,.T.);
#6742 = ORIENTED_EDGE('',*,*,#6743,.T.);
#6743 = EDGE_CURVE('',#6709,#6744,#6746,.T.);
#6744 = VERTEX_POINT('',#6745);
#6745 = CARTESIAN_POINT('',(-0.545,0.4,0.45));
#6746 = LINE('',#6747,#6748);
#6747 = CARTESIAN_POINT('',(-0.8,0.4,0.45));
#6748 = VECTOR('',#6749,1.);
#6749 = DIRECTION('',(1.,0.,0.));
#6750 = ORIENTED_EDGE('',*,*,#6751,.F.);
#6751 = EDGE_CURVE('',#6752,#6744,#6754,.T.);
#6752 = VERTEX_POINT('',#6753);
#6753 = CARTESIAN_POINT('',(-0.5,0.4,0.405));
#6754 = CIRCLE('',#6755,4.5E-02);
#6755 = AXIS2_PLACEMENT_3D('',#6756,#6757,#6758);
#6756 = CARTESIAN_POINT('',(-0.545,0.4,0.405));
#6757 = DIRECTION('',(0.,-1.,0.));
#6758 = DIRECTION('',(0.,0.,1.));
#6759 = ORIENTED_EDGE('',*,*,#6760,.F.);
#6760 = EDGE_CURVE('',#6761,#6752,#6763,.T.);
#6761 = VERTEX_POINT('',#6762);
#6762 = CARTESIAN_POINT('',(-0.755,0.4,0.405));
#6763 = LINE('',#6764,#6765);
#6764 = CARTESIAN_POINT('',(-0.755,0.4,0.405));
#6765 = VECTOR('',#6766,1.);
#6766 = DIRECTION('',(1.,0.,0.));
#6767 = ORIENTED_EDGE('',*,*,#6768,.F.);
#6768 = EDGE_CURVE('',#6769,#6761,#6771,.T.);
#6769 = VERTEX_POINT('',#6770);
#6770 = CARTESIAN_POINT('',(-0.755,0.4,4.5E-02));
#6771 = LINE('',#6772,#6773);
#6772 = CARTESIAN_POINT('',(-0.755,0.4,4.5E-02));
#6773 = VECTOR('',#6774,1.);
#6774 = DIRECTION('',(0.,0.,1.));
#6775 = ORIENTED_EDGE('',*,*,#6776,.T.);
#6776 = EDGE_CURVE('',#6769,#6777,#6779,.T.);
#6777 = VERTEX_POINT('',#6778);
#6778 = CARTESIAN_POINT('',(-0.5,0.4,4.5E-02));
#6779 = LINE('',#6780,#6781);
#6780 = CARTESIAN_POINT('',(-0.755,0.4,4.5E-02));
#6781 = VECTOR('',#6782,1.);
#6782 = DIRECTION('',(1.,0.,0.));
#6783 = ORIENTED_EDGE('',*,*,#6784,.T.);
#6784 = EDGE_CURVE('',#6777,#6733,#6785,.T.);
#6785 = CIRCLE('',#6786,4.5E-02);
#6786 = AXIS2_PLACEMENT_3D('',#6787,#6788,#6789);
#6787 = CARTESIAN_POINT('',(-0.545,0.4,4.5E-02));
#6788 = DIRECTION('',(0.,1.,0.));
#6789 = DIRECTION('',(0.,-0.,1.));
#6790 = PLANE('',#6791);
#6791 = AXIS2_PLACEMENT_3D('',#6792,#6793,#6794);
#6792 = CARTESIAN_POINT('',(-0.8,0.4,0.));
#6793 = DIRECTION('',(0.,1.,0.));
#6794 = DIRECTION('',(0.,-0.,1.));
#6795 = ADVANCED_FACE('',(#6796),#6807,.F.);
#6796 = FACE_BOUND('',#6797,.F.);
#6797 = EDGE_LOOP('',(#6798,#6799,#6800,#6801));
#6798 = ORIENTED_EDGE('',*,*,#6732,.F.);
#6799 = ORIENTED_EDGE('',*,*,#6692,.F.);
#6800 = ORIENTED_EDGE('',*,*,#6599,.T.);
#6801 = ORIENTED_EDGE('',*,*,#6802,.T.);
#6802 = EDGE_CURVE('',#6602,#6733,#6803,.T.);
#6803 = LINE('',#6804,#6805);
#6804 = CARTESIAN_POINT('',(-0.545,-0.4,-2.775557561563E-17));
#6805 = VECTOR('',#6806,1.);
#6806 = DIRECTION('',(0.,1.,0.));
#6807 = PLANE('',#6808);
#6808 = AXIS2_PLACEMENT_3D('',#6809,#6810,#6811);
#6809 = CARTESIAN_POINT('',(-0.8,-0.4,0.));
#6810 = DIRECTION('',(0.,0.,1.));
#6811 = DIRECTION('',(1.,0.,-0.));
#6812 = ADVANCED_FACE('',(#6813),#6824,.T.);
#6813 = FACE_BOUND('',#6814,.T.);
#6814 = EDGE_LOOP('',(#6815,#6816,#6817,#6818));
#6815 = ORIENTED_EDGE('',*,*,#6667,.T.);
#6816 = ORIENTED_EDGE('',*,*,#6802,.T.);
#6817 = ORIENTED_EDGE('',*,*,#6784,.F.);
#6818 = ORIENTED_EDGE('',*,*,#6819,.F.);
#6819 = EDGE_CURVE('',#6660,#6777,#6820,.T.);
#6820 = LINE('',#6821,#6822);
#6821 = CARTESIAN_POINT('',(-0.5,-0.4,4.5E-02));
#6822 = VECTOR('',#6823,1.);
#6823 = DIRECTION('',(0.,1.,0.));
#6824 = CYLINDRICAL_SURFACE('',#6825,4.5E-02);
#6825 = AXIS2_PLACEMENT_3D('',#6826,#6827,#6828);
#6826 = CARTESIAN_POINT('',(-0.545,-0.4,4.5E-02));
#6827 = DIRECTION('',(0.,1.,0.));
#6828 = DIRECTION('',(1.,0.,0.));
#6829 = ADVANCED_FACE('',(#6830),#6873,.F.);
#6830 = FACE_BOUND('',#6831,.F.);
#6831 = EDGE_LOOP('',(#6832,#6833,#6834,#6835,#6843,#6851,#6859,#6867));
#6832 = ORIENTED_EDGE('',*,*,#6659,.F.);
#6833 = ORIENTED_EDGE('',*,*,#6651,.T.);
#6834 = ORIENTED_EDGE('',*,*,#6643,.T.);
#6835 = ORIENTED_EDGE('',*,*,#6836,.T.);
#6836 = EDGE_CURVE('',#6635,#6837,#6839,.T.);
#6837 = VERTEX_POINT('',#6838);
#6838 = CARTESIAN_POINT('',(0.5,-0.4,0.405));
#6839 = LINE('',#6840,#6841);
#6840 = CARTESIAN_POINT('',(-0.5,-0.4,0.405));
#6841 = VECTOR('',#6842,1.);
#6842 = DIRECTION('',(1.,0.,0.));
#6843 = ORIENTED_EDGE('',*,*,#6844,.T.);
#6844 = EDGE_CURVE('',#6837,#6845,#6847,.T.);
#6845 = VERTEX_POINT('',#6846);
#6846 = CARTESIAN_POINT('',(0.755,-0.4,0.405));
#6847 = LINE('',#6848,#6849);
#6848 = CARTESIAN_POINT('',(-0.755,-0.4,0.405));
#6849 = VECTOR('',#6850,1.);
#6850 = DIRECTION('',(1.,0.,0.));
#6851 = ORIENTED_EDGE('',*,*,#6852,.F.);
#6852 = EDGE_CURVE('',#6853,#6845,#6855,.T.);
#6853 = VERTEX_POINT('',#6854);
#6854 = CARTESIAN_POINT('',(0.755,-0.4,4.5E-02));
#6855 = LINE('',#6856,#6857);
#6856 = CARTESIAN_POINT('',(0.755,-0.4,4.5E-02));
#6857 = VECTOR('',#6858,1.);
#6858 = DIRECTION('',(0.,0.,1.));
#6859 = ORIENTED_EDGE('',*,*,#6860,.F.);
#6860 = EDGE_CURVE('',#6861,#6853,#6863,.T.);
#6861 = VERTEX_POINT('',#6862);
#6862 = CARTESIAN_POINT('',(0.5,-0.4,4.5E-02));
#6863 = LINE('',#6864,#6865);
#6864 = CARTESIAN_POINT('',(-0.755,-0.4,4.5E-02));
#6865 = VECTOR('',#6866,1.);
#6866 = DIRECTION('',(1.,0.,0.));
#6867 = ORIENTED_EDGE('',*,*,#6868,.F.);
#6868 = EDGE_CURVE('',#6660,#6861,#6869,.T.);
#6869 = LINE('',#6870,#6871);
#6870 = CARTESIAN_POINT('',(-0.755,-0.4,4.5E-02));
#6871 = VECTOR('',#6872,1.);
#6872 = DIRECTION('',(1.,0.,0.));
#6873 = PLANE('',#6874);
#6874 = AXIS2_PLACEMENT_3D('',#6875,#6876,#6877);
#6875 = CARTESIAN_POINT('',(-0.755,-0.4,4.5E-02));
#6876 = DIRECTION('',(0.,1.,0.));
#6877 = DIRECTION('',(0.,-0.,1.));
#6878 = ADVANCED_FACE('',(#6879),#6890,.T.);
#6879 = FACE_BOUND('',#6880,.T.);
#6880 = EDGE_LOOP('',(#6881,#6882,#6883,#6884));
#6881 = ORIENTED_EDGE('',*,*,#6743,.F.);
#6882 = ORIENTED_EDGE('',*,*,#6708,.F.);
#6883 = ORIENTED_EDGE('',*,*,#6626,.T.);
#6884 = ORIENTED_EDGE('',*,*,#6885,.T.);
#6885 = EDGE_CURVE('',#6627,#6744,#6886,.T.);
#6886 = LINE('',#6887,#6888);
#6887 = CARTESIAN_POINT('',(-0.545,-0.4,0.45));
#6888 = VECTOR('',#6889,1.);
#6889 = DIRECTION('',(0.,1.,0.));
#6890 = PLANE('',#6891);
#6891 = AXIS2_PLACEMENT_3D('',#6892,#6893,#6894);
#6892 = CARTESIAN_POINT('',(-0.8,-0.4,0.45));
#6893 = DIRECTION('',(0.,0.,1.));
#6894 = DIRECTION('',(1.,0.,-0.));
#6895 = ADVANCED_FACE('',(#6896),#6907,.T.);
#6896 = FACE_BOUND('',#6897,.T.);
#6897 = EDGE_LOOP('',(#6898,#6904,#6905,#6906));
#6898 = ORIENTED_EDGE('',*,*,#6899,.T.);
#6899 = EDGE_CURVE('',#6635,#6752,#6900,.T.);
#6900 = LINE('',#6901,#6902);
#6901 = CARTESIAN_POINT('',(-0.5,-0.4,0.405));
#6902 = VECTOR('',#6903,1.);
#6903 = DIRECTION('',(0.,1.,0.));
#6904 = ORIENTED_EDGE('',*,*,#6751,.T.);
#6905 = ORIENTED_EDGE('',*,*,#6885,.F.);
#6906 = ORIENTED_EDGE('',*,*,#6634,.F.);
#6907 = CYLINDRICAL_SURFACE('',#6908,4.5E-02);
#6908 = AXIS2_PLACEMENT_3D('',#6909,#6910,#6911);
#6909 = CARTESIAN_POINT('',(-0.545,-0.4,0.405));
#6910 = DIRECTION('',(0.,1.,0.));
#6911 = DIRECTION('',(1.,0.,0.));
#6912 = ADVANCED_FACE('',(#6913),#6956,.T.);
#6913 = FACE_BOUND('',#6914,.T.);
#6914 = EDGE_LOOP('',(#6915,#6916,#6917,#6918,#6926,#6934,#6942,#6950));
#6915 = ORIENTED_EDGE('',*,*,#6776,.F.);
#6916 = ORIENTED_EDGE('',*,*,#6768,.T.);
#6917 = ORIENTED_EDGE('',*,*,#6760,.T.);
#6918 = ORIENTED_EDGE('',*,*,#6919,.T.);
#6919 = EDGE_CURVE('',#6752,#6920,#6922,.T.);
#6920 = VERTEX_POINT('',#6921);
#6921 = CARTESIAN_POINT('',(0.5,0.4,0.405));
#6922 = LINE('',#6923,#6924);
#6923 = CARTESIAN_POINT('',(-0.5,0.4,0.405));
#6924 = VECTOR('',#6925,1.);
#6925 = DIRECTION('',(1.,0.,0.));
#6926 = ORIENTED_EDGE('',*,*,#6927,.T.);
#6927 = EDGE_CURVE('',#6920,#6928,#6930,.T.);
#6928 = VERTEX_POINT('',#6929);
#6929 = CARTESIAN_POINT('',(0.755,0.4,0.405));
#6930 = LINE('',#6931,#6932);
#6931 = CARTESIAN_POINT('',(-0.755,0.4,0.405));
#6932 = VECTOR('',#6933,1.);
#6933 = DIRECTION('',(1.,0.,0.));
#6934 = ORIENTED_EDGE('',*,*,#6935,.F.);
#6935 = EDGE_CURVE('',#6936,#6928,#6938,.T.);
#6936 = VERTEX_POINT('',#6937);
#6937 = CARTESIAN_POINT('',(0.755,0.4,4.5E-02));
#6938 = LINE('',#6939,#6940);
#6939 = CARTESIAN_POINT('',(0.755,0.4,4.5E-02));
#6940 = VECTOR('',#6941,1.);
#6941 = DIRECTION('',(0.,0.,1.));
#6942 = ORIENTED_EDGE('',*,*,#6943,.F.);
#6943 = EDGE_CURVE('',#6944,#6936,#6946,.T.);
#6944 = VERTEX_POINT('',#6945);
#6945 = CARTESIAN_POINT('',(0.5,0.4,4.5E-02));
#6946 = LINE('',#6947,#6948);
#6947 = CARTESIAN_POINT('',(-0.755,0.4,4.5E-02));
#6948 = VECTOR('',#6949,1.);
#6949 = DIRECTION('',(1.,0.,0.));
#6950 = ORIENTED_EDGE('',*,*,#6951,.F.);
#6951 = EDGE_CURVE('',#6777,#6944,#6952,.T.);
#6952 = LINE('',#6953,#6954);
#6953 = CARTESIAN_POINT('',(-0.755,0.4,4.5E-02));
#6954 = VECTOR('',#6955,1.);
#6955 = DIRECTION('',(1.,0.,0.));
#6956 = PLANE('',#6957);
#6957 = AXIS2_PLACEMENT_3D('',#6958,#6959,#6960);
#6958 = CARTESIAN_POINT('',(-0.755,0.4,4.5E-02));
#6959 = DIRECTION('',(0.,1.,0.));
#6960 = DIRECTION('',(0.,-0.,1.));
#6961 = ADVANCED_FACE('',(#6962),#6973,.F.);
#6962 = FACE_BOUND('',#6963,.F.);
#6963 = EDGE_LOOP('',(#6964,#6965,#6966,#6972));
#6964 = ORIENTED_EDGE('',*,*,#6819,.F.);
#6965 = ORIENTED_EDGE('',*,*,#6868,.T.);
#6966 = ORIENTED_EDGE('',*,*,#6967,.T.);
#6967 = EDGE_CURVE('',#6861,#6944,#6968,.T.);
#6968 = LINE('',#6969,#6970);
#6969 = CARTESIAN_POINT('',(0.5,-0.4,4.5E-02));
#6970 = VECTOR('',#6971,1.);
#6971 = DIRECTION('',(0.,1.,0.));
#6972 = ORIENTED_EDGE('',*,*,#6951,.F.);
#6973 = PLANE('',#6974);
#6974 = AXIS2_PLACEMENT_3D('',#6975,#6976,#6977);
#6975 = CARTESIAN_POINT('',(-0.755,-0.4,4.5E-02));
#6976 = DIRECTION('',(0.,0.,1.));
#6977 = DIRECTION('',(1.,0.,-0.));
#6978 = ADVANCED_FACE('',(#6979),#7042,.F.);
#6979 = FACE_BOUND('',#6980,.F.);
#6980 = EDGE_LOOP('',(#6981,#6991,#6998,#6999,#7000,#7001,#7010,#7018,
    #7027,#7035));
#6981 = ORIENTED_EDGE('',*,*,#6982,.F.);
#6982 = EDGE_CURVE('',#6983,#6985,#6987,.T.);
#6983 = VERTEX_POINT('',#6984);
#6984 = CARTESIAN_POINT('',(0.545,-0.4,-2.775557561563E-17));
#6985 = VERTEX_POINT('',#6986);
#6986 = CARTESIAN_POINT('',(0.755,-0.4,-2.775557561563E-17));
#6987 = LINE('',#6988,#6989);
#6988 = CARTESIAN_POINT('',(0.5,-0.4,0.));
#6989 = VECTOR('',#6990,1.);
#6990 = DIRECTION('',(1.,0.,0.));
#6991 = ORIENTED_EDGE('',*,*,#6992,.F.);
#6992 = EDGE_CURVE('',#6861,#6983,#6993,.T.);
#6993 = CIRCLE('',#6994,4.5E-02);
#6994 = AXIS2_PLACEMENT_3D('',#6995,#6996,#6997);
#6995 = CARTESIAN_POINT('',(0.545,-0.4,4.5E-02));
#6996 = DIRECTION('',(0.,-1.,0.));
#6997 = DIRECTION('',(0.,0.,1.));
#6998 = ORIENTED_EDGE('',*,*,#6860,.T.);
#6999 = ORIENTED_EDGE('',*,*,#6852,.T.);
#7000 = ORIENTED_EDGE('',*,*,#6844,.F.);
#7001 = ORIENTED_EDGE('',*,*,#7002,.T.);
#7002 = EDGE_CURVE('',#6837,#7003,#7005,.T.);
#7003 = VERTEX_POINT('',#7004);
#7004 = CARTESIAN_POINT('',(0.545,-0.4,0.45));
#7005 = CIRCLE('',#7006,4.5E-02);
#7006 = AXIS2_PLACEMENT_3D('',#7007,#7008,#7009);
#7007 = CARTESIAN_POINT('',(0.545,-0.4,0.405));
#7008 = DIRECTION('',(0.,1.,0.));
#7009 = DIRECTION('',(0.,-0.,1.));
#7010 = ORIENTED_EDGE('',*,*,#7011,.T.);
#7011 = EDGE_CURVE('',#7003,#7012,#7014,.T.);
#7012 = VERTEX_POINT('',#7013);
#7013 = CARTESIAN_POINT('',(0.755,-0.4,0.45));
#7014 = LINE('',#7015,#7016);
#7015 = CARTESIAN_POINT('',(0.5,-0.4,0.45));
#7016 = VECTOR('',#7017,1.);
#7017 = DIRECTION('',(1.,0.,0.));
#7018 = ORIENTED_EDGE('',*,*,#7019,.F.);
#7019 = EDGE_CURVE('',#7020,#7012,#7022,.T.);
#7020 = VERTEX_POINT('',#7021);
#7021 = CARTESIAN_POINT('',(0.8,-0.4,0.405));
#7022 = CIRCLE('',#7023,4.5E-02);
#7023 = AXIS2_PLACEMENT_3D('',#7024,#7025,#7026);
#7024 = CARTESIAN_POINT('',(0.755,-0.4,0.405));
#7025 = DIRECTION('',(0.,-1.,0.));
#7026 = DIRECTION('',(0.,0.,1.));
#7027 = ORIENTED_EDGE('',*,*,#7028,.F.);
#7028 = EDGE_CURVE('',#7029,#7020,#7031,.T.);
#7029 = VERTEX_POINT('',#7030);
#7030 = CARTESIAN_POINT('',(0.8,-0.4,4.5E-02));
#7031 = LINE('',#7032,#7033);
#7032 = CARTESIAN_POINT('',(0.8,-0.4,0.));
#7033 = VECTOR('',#7034,1.);
#7034 = DIRECTION('',(0.,0.,1.));
#7035 = ORIENTED_EDGE('',*,*,#7036,.T.);
#7036 = EDGE_CURVE('',#7029,#6985,#7037,.T.);
#7037 = CIRCLE('',#7038,4.5E-02);
#7038 = AXIS2_PLACEMENT_3D('',#7039,#7040,#7041);
#7039 = CARTESIAN_POINT('',(0.755,-0.4,4.5E-02));
#7040 = DIRECTION('',(0.,1.,0.));
#7041 = DIRECTION('',(0.,-0.,1.));
#7042 = PLANE('',#7043);
#7043 = AXIS2_PLACEMENT_3D('',#7044,#7045,#7046);
#7044 = CARTESIAN_POINT('',(0.5,-0.4,0.));
#7045 = DIRECTION('',(0.,1.,0.));
#7046 = DIRECTION('',(0.,-0.,1.));
#7047 = ADVANCED_FACE('',(#7048),#7073,.F.);
#7048 = FACE_BOUND('',#7049,.F.);
#7049 = EDGE_LOOP('',(#7050,#7051,#7059,#7067));
#7050 = ORIENTED_EDGE('',*,*,#6836,.F.);
#7051 = ORIENTED_EDGE('',*,*,#7052,.T.);
#7052 = EDGE_CURVE('',#6635,#7053,#7055,.T.);
#7053 = VERTEX_POINT('',#7054);
#7054 = CARTESIAN_POINT('',(-0.5,-0.4,0.45));
#7055 = LINE('',#7056,#7057);
#7056 = CARTESIAN_POINT('',(-0.5,-0.4,0.405));
#7057 = VECTOR('',#7058,1.);
#7058 = DIRECTION('',(0.,0.,1.));
#7059 = ORIENTED_EDGE('',*,*,#7060,.T.);
#7060 = EDGE_CURVE('',#7053,#7061,#7063,.T.);
#7061 = VERTEX_POINT('',#7062);
#7062 = CARTESIAN_POINT('',(0.5,-0.4,0.45));
#7063 = LINE('',#7064,#7065);
#7064 = CARTESIAN_POINT('',(-0.5,-0.4,0.45));
#7065 = VECTOR('',#7066,1.);
#7066 = DIRECTION('',(1.,0.,0.));
#7067 = ORIENTED_EDGE('',*,*,#7068,.F.);
#7068 = EDGE_CURVE('',#6837,#7061,#7069,.T.);
#7069 = LINE('',#7070,#7071);
#7070 = CARTESIAN_POINT('',(0.5,-0.4,0.405));
#7071 = VECTOR('',#7072,1.);
#7072 = DIRECTION('',(0.,0.,1.));
#7073 = PLANE('',#7074);
#7074 = AXIS2_PLACEMENT_3D('',#7075,#7076,#7077);
#7075 = CARTESIAN_POINT('',(-0.5,-0.4,0.405));
#7076 = DIRECTION('',(0.,1.,0.));
#7077 = DIRECTION('',(0.,-0.,1.));
#7078 = ADVANCED_FACE('',(#7079),#7097,.F.);
#7079 = FACE_BOUND('',#7080,.F.);
#7080 = EDGE_LOOP('',(#7081,#7082,#7083,#7091));
#7081 = ORIENTED_EDGE('',*,*,#7052,.F.);
#7082 = ORIENTED_EDGE('',*,*,#6899,.T.);
#7083 = ORIENTED_EDGE('',*,*,#7084,.T.);
#7084 = EDGE_CURVE('',#6752,#7085,#7087,.T.);
#7085 = VERTEX_POINT('',#7086);
#7086 = CARTESIAN_POINT('',(-0.5,0.4,0.45));
#7087 = LINE('',#7088,#7089);
#7088 = CARTESIAN_POINT('',(-0.5,0.4,0.405));
#7089 = VECTOR('',#7090,1.);
#7090 = DIRECTION('',(0.,0.,1.));
#7091 = ORIENTED_EDGE('',*,*,#7092,.F.);
#7092 = EDGE_CURVE('',#7053,#7085,#7093,.T.);
#7093 = LINE('',#7094,#7095);
#7094 = CARTESIAN_POINT('',(-0.5,-0.4,0.45));
#7095 = VECTOR('',#7096,1.);
#7096 = DIRECTION('',(0.,1.,0.));
#7097 = PLANE('',#7098);
#7098 = AXIS2_PLACEMENT_3D('',#7099,#7100,#7101);
#7099 = CARTESIAN_POINT('',(-0.5,-0.4,0.405));
#7100 = DIRECTION('',(1.,0.,0.));
#7101 = DIRECTION('',(0.,0.,1.));
#7102 = ADVANCED_FACE('',(#7103),#7166,.T.);
#7103 = FACE_BOUND('',#7104,.T.);
#7104 = EDGE_LOOP('',(#7105,#7115,#7122,#7123,#7124,#7125,#7134,#7142,
    #7151,#7159));
#7105 = ORIENTED_EDGE('',*,*,#7106,.F.);
#7106 = EDGE_CURVE('',#7107,#7109,#7111,.T.);
#7107 = VERTEX_POINT('',#7108);
#7108 = CARTESIAN_POINT('',(0.545,0.4,-2.775557561563E-17));
#7109 = VERTEX_POINT('',#7110);
#7110 = CARTESIAN_POINT('',(0.755,0.4,-2.775557561563E-17));
#7111 = LINE('',#7112,#7113);
#7112 = CARTESIAN_POINT('',(0.5,0.4,0.));
#7113 = VECTOR('',#7114,1.);
#7114 = DIRECTION('',(1.,0.,0.));
#7115 = ORIENTED_EDGE('',*,*,#7116,.F.);
#7116 = EDGE_CURVE('',#6944,#7107,#7117,.T.);
#7117 = CIRCLE('',#7118,4.5E-02);
#7118 = AXIS2_PLACEMENT_3D('',#7119,#7120,#7121);
#7119 = CARTESIAN_POINT('',(0.545,0.4,4.5E-02));
#7120 = DIRECTION('',(0.,-1.,0.));
#7121 = DIRECTION('',(0.,0.,1.));
#7122 = ORIENTED_EDGE('',*,*,#6943,.T.);
#7123 = ORIENTED_EDGE('',*,*,#6935,.T.);
#7124 = ORIENTED_EDGE('',*,*,#6927,.F.);
#7125 = ORIENTED_EDGE('',*,*,#7126,.T.);
#7126 = EDGE_CURVE('',#6920,#7127,#7129,.T.);
#7127 = VERTEX_POINT('',#7128);
#7128 = CARTESIAN_POINT('',(0.545,0.4,0.45));
#7129 = CIRCLE('',#7130,4.5E-02);
#7130 = AXIS2_PLACEMENT_3D('',#7131,#7132,#7133);
#7131 = CARTESIAN_POINT('',(0.545,0.4,0.405));
#7132 = DIRECTION('',(0.,1.,0.));
#7133 = DIRECTION('',(0.,-0.,1.));
#7134 = ORIENTED_EDGE('',*,*,#7135,.T.);
#7135 = EDGE_CURVE('',#7127,#7136,#7138,.T.);
#7136 = VERTEX_POINT('',#7137);
#7137 = CARTESIAN_POINT('',(0.755,0.4,0.45));
#7138 = LINE('',#7139,#7140);
#7139 = CARTESIAN_POINT('',(0.5,0.4,0.45));
#7140 = VECTOR('',#7141,1.);
#7141 = DIRECTION('',(1.,0.,0.));
#7142 = ORIENTED_EDGE('',*,*,#7143,.F.);
#7143 = EDGE_CURVE('',#7144,#7136,#7146,.T.);
#7144 = VERTEX_POINT('',#7145);
#7145 = CARTESIAN_POINT('',(0.8,0.4,0.405));
#7146 = CIRCLE('',#7147,4.5E-02);
#7147 = AXIS2_PLACEMENT_3D('',#7148,#7149,#7150);
#7148 = CARTESIAN_POINT('',(0.755,0.4,0.405));
#7149 = DIRECTION('',(0.,-1.,0.));
#7150 = DIRECTION('',(0.,0.,1.));
#7151 = ORIENTED_EDGE('',*,*,#7152,.F.);
#7152 = EDGE_CURVE('',#7153,#7144,#7155,.T.);
#7153 = VERTEX_POINT('',#7154);
#7154 = CARTESIAN_POINT('',(0.8,0.4,4.5E-02));
#7155 = LINE('',#7156,#7157);
#7156 = CARTESIAN_POINT('',(0.8,0.4,0.));
#7157 = VECTOR('',#7158,1.);
#7158 = DIRECTION('',(0.,0.,1.));
#7159 = ORIENTED_EDGE('',*,*,#7160,.T.);
#7160 = EDGE_CURVE('',#7153,#7109,#7161,.T.);
#7161 = CIRCLE('',#7162,4.5E-02);
#7162 = AXIS2_PLACEMENT_3D('',#7163,#7164,#7165);
#7163 = CARTESIAN_POINT('',(0.755,0.4,4.5E-02));
#7164 = DIRECTION('',(0.,1.,0.));
#7165 = DIRECTION('',(0.,-0.,1.));
#7166 = PLANE('',#7167);
#7167 = AXIS2_PLACEMENT_3D('',#7168,#7169,#7170);
#7168 = CARTESIAN_POINT('',(0.5,0.4,0.));
#7169 = DIRECTION('',(0.,1.,0.));
#7170 = DIRECTION('',(0.,-0.,1.));
#7171 = ADVANCED_FACE('',(#7172),#7190,.T.);
#7172 = FACE_BOUND('',#7173,.T.);
#7173 = EDGE_LOOP('',(#7174,#7175,#7176,#7184));
#7174 = ORIENTED_EDGE('',*,*,#6919,.F.);
#7175 = ORIENTED_EDGE('',*,*,#7084,.T.);
#7176 = ORIENTED_EDGE('',*,*,#7177,.T.);
#7177 = EDGE_CURVE('',#7085,#7178,#7180,.T.);
#7178 = VERTEX_POINT('',#7179);
#7179 = CARTESIAN_POINT('',(0.5,0.4,0.45));
#7180 = LINE('',#7181,#7182);
#7181 = CARTESIAN_POINT('',(-0.5,0.4,0.45));
#7182 = VECTOR('',#7183,1.);
#7183 = DIRECTION('',(1.,0.,0.));
#7184 = ORIENTED_EDGE('',*,*,#7185,.F.);
#7185 = EDGE_CURVE('',#6920,#7178,#7186,.T.);
#7186 = LINE('',#7187,#7188);
#7187 = CARTESIAN_POINT('',(0.5,0.4,0.405));
#7188 = VECTOR('',#7189,1.);
#7189 = DIRECTION('',(0.,0.,1.));
#7190 = PLANE('',#7191);
#7191 = AXIS2_PLACEMENT_3D('',#7192,#7193,#7194);
#7192 = CARTESIAN_POINT('',(-0.5,0.4,0.405));
#7193 = DIRECTION('',(0.,1.,0.));
#7194 = DIRECTION('',(0.,-0.,1.));
#7195 = ADVANCED_FACE('',(#7196),#7207,.T.);
#7196 = FACE_BOUND('',#7197,.T.);
#7197 = EDGE_LOOP('',(#7198,#7199,#7200,#7206));
#7198 = ORIENTED_EDGE('',*,*,#6967,.T.);
#7199 = ORIENTED_EDGE('',*,*,#7116,.T.);
#7200 = ORIENTED_EDGE('',*,*,#7201,.F.);
#7201 = EDGE_CURVE('',#6983,#7107,#7202,.T.);
#7202 = LINE('',#7203,#7204);
#7203 = CARTESIAN_POINT('',(0.545,-0.4,-2.775557561563E-17));
#7204 = VECTOR('',#7205,1.);
#7205 = DIRECTION('',(0.,1.,0.));
#7206 = ORIENTED_EDGE('',*,*,#6992,.F.);
#7207 = CYLINDRICAL_SURFACE('',#7208,4.5E-02);
#7208 = AXIS2_PLACEMENT_3D('',#7209,#7210,#7211);
#7209 = CARTESIAN_POINT('',(0.545,-0.4,4.5E-02));
#7210 = DIRECTION('',(0.,1.,0.));
#7211 = DIRECTION('',(-1.,0.,0.));
#7212 = ADVANCED_FACE('',(#7213),#7224,.F.);
#7213 = FACE_BOUND('',#7214,.F.);
#7214 = EDGE_LOOP('',(#7215,#7216,#7217,#7218));
#7215 = ORIENTED_EDGE('',*,*,#7106,.F.);
#7216 = ORIENTED_EDGE('',*,*,#7201,.F.);
#7217 = ORIENTED_EDGE('',*,*,#6982,.T.);
#7218 = ORIENTED_EDGE('',*,*,#7219,.T.);
#7219 = EDGE_CURVE('',#6985,#7109,#7220,.T.);
#7220 = LINE('',#7221,#7222);
#7221 = CARTESIAN_POINT('',(0.755,-0.4,-2.775557561563E-17));
#7222 = VECTOR('',#7223,1.);
#7223 = DIRECTION('',(0.,1.,0.));
#7224 = PLANE('',#7225);
#7225 = AXIS2_PLACEMENT_3D('',#7226,#7227,#7228);
#7226 = CARTESIAN_POINT('',(0.5,-0.4,0.));
#7227 = DIRECTION('',(0.,0.,1.));
#7228 = DIRECTION('',(1.,0.,-0.));
#7229 = ADVANCED_FACE('',(#7230),#7241,.T.);
#7230 = FACE_BOUND('',#7231,.T.);
#7231 = EDGE_LOOP('',(#7232,#7233,#7234,#7235));
#7232 = ORIENTED_EDGE('',*,*,#7036,.T.);
#7233 = ORIENTED_EDGE('',*,*,#7219,.T.);
#7234 = ORIENTED_EDGE('',*,*,#7160,.F.);
#7235 = ORIENTED_EDGE('',*,*,#7236,.F.);
#7236 = EDGE_CURVE('',#7029,#7153,#7237,.T.);
#7237 = LINE('',#7238,#7239);
#7238 = CARTESIAN_POINT('',(0.8,-0.4,4.5E-02));
#7239 = VECTOR('',#7240,1.);
#7240 = DIRECTION('',(0.,1.,0.));
#7241 = CYLINDRICAL_SURFACE('',#7242,4.5E-02);
#7242 = AXIS2_PLACEMENT_3D('',#7243,#7244,#7245);
#7243 = CARTESIAN_POINT('',(0.755,-0.4,4.5E-02));
#7244 = DIRECTION('',(0.,1.,0.));
#7245 = DIRECTION('',(1.,0.,0.));
#7246 = ADVANCED_FACE('',(#7247),#7258,.T.);
#7247 = FACE_BOUND('',#7248,.T.);
#7248 = EDGE_LOOP('',(#7249,#7250,#7251,#7252));
#7249 = ORIENTED_EDGE('',*,*,#7028,.F.);
#7250 = ORIENTED_EDGE('',*,*,#7236,.T.);
#7251 = ORIENTED_EDGE('',*,*,#7152,.T.);
#7252 = ORIENTED_EDGE('',*,*,#7253,.F.);
#7253 = EDGE_CURVE('',#7020,#7144,#7254,.T.);
#7254 = LINE('',#7255,#7256);
#7255 = CARTESIAN_POINT('',(0.8,-0.4,0.405));
#7256 = VECTOR('',#7257,1.);
#7257 = DIRECTION('',(0.,1.,0.));
#7258 = PLANE('',#7259);
#7259 = AXIS2_PLACEMENT_3D('',#7260,#7261,#7262);
#7260 = CARTESIAN_POINT('',(0.8,-0.4,0.));
#7261 = DIRECTION('',(1.,0.,0.));
#7262 = DIRECTION('',(0.,0.,1.));
#7263 = ADVANCED_FACE('',(#7264),#7275,.T.);
#7264 = FACE_BOUND('',#7265,.T.);
#7265 = EDGE_LOOP('',(#7266,#7267,#7268,#7274));
#7266 = ORIENTED_EDGE('',*,*,#7253,.T.);
#7267 = ORIENTED_EDGE('',*,*,#7143,.T.);
#7268 = ORIENTED_EDGE('',*,*,#7269,.F.);
#7269 = EDGE_CURVE('',#7012,#7136,#7270,.T.);
#7270 = LINE('',#7271,#7272);
#7271 = CARTESIAN_POINT('',(0.755,-0.4,0.45));
#7272 = VECTOR('',#7273,1.);
#7273 = DIRECTION('',(0.,1.,0.));
#7274 = ORIENTED_EDGE('',*,*,#7019,.F.);
#7275 = CYLINDRICAL_SURFACE('',#7276,4.5E-02);
#7276 = AXIS2_PLACEMENT_3D('',#7277,#7278,#7279);
#7277 = CARTESIAN_POINT('',(0.755,-0.4,0.405));
#7278 = DIRECTION('',(0.,1.,0.));
#7279 = DIRECTION('',(1.,0.,0.));
#7280 = ADVANCED_FACE('',(#7281),#7292,.T.);
#7281 = FACE_BOUND('',#7282,.T.);
#7282 = EDGE_LOOP('',(#7283,#7284,#7290,#7291));
#7283 = ORIENTED_EDGE('',*,*,#7135,.F.);
#7284 = ORIENTED_EDGE('',*,*,#7285,.F.);
#7285 = EDGE_CURVE('',#7003,#7127,#7286,.T.);
#7286 = LINE('',#7287,#7288);
#7287 = CARTESIAN_POINT('',(0.545,-0.4,0.45));
#7288 = VECTOR('',#7289,1.);
#7289 = DIRECTION('',(0.,1.,0.));
#7290 = ORIENTED_EDGE('',*,*,#7011,.T.);
#7291 = ORIENTED_EDGE('',*,*,#7269,.T.);
#7292 = PLANE('',#7293);
#7293 = AXIS2_PLACEMENT_3D('',#7294,#7295,#7296);
#7294 = CARTESIAN_POINT('',(0.5,-0.4,0.45));
#7295 = DIRECTION('',(0.,0.,1.));
#7296 = DIRECTION('',(1.,0.,-0.));
#7297 = ADVANCED_FACE('',(#7298),#7309,.T.);
#7298 = FACE_BOUND('',#7299,.T.);
#7299 = EDGE_LOOP('',(#7300,#7301,#7302,#7303));
#7300 = ORIENTED_EDGE('',*,*,#7002,.T.);
#7301 = ORIENTED_EDGE('',*,*,#7285,.T.);
#7302 = ORIENTED_EDGE('',*,*,#7126,.F.);
#7303 = ORIENTED_EDGE('',*,*,#7304,.F.);
#7304 = EDGE_CURVE('',#6837,#6920,#7305,.T.);
#7305 = LINE('',#7306,#7307);
#7306 = CARTESIAN_POINT('',(0.5,-0.4,0.405));
#7307 = VECTOR('',#7308,1.);
#7308 = DIRECTION('',(0.,1.,0.));
#7309 = CYLINDRICAL_SURFACE('',#7310,4.5E-02);
#7310 = AXIS2_PLACEMENT_3D('',#7311,#7312,#7313);
#7311 = CARTESIAN_POINT('',(0.545,-0.4,0.405));
#7312 = DIRECTION('',(0.,1.,0.));
#7313 = DIRECTION('',(-1.,0.,0.));
#7314 = ADVANCED_FACE('',(#7315),#7326,.T.);
#7315 = FACE_BOUND('',#7316,.T.);
#7316 = EDGE_LOOP('',(#7317,#7318,#7319,#7320));
#7317 = ORIENTED_EDGE('',*,*,#7068,.F.);
#7318 = ORIENTED_EDGE('',*,*,#7304,.T.);
#7319 = ORIENTED_EDGE('',*,*,#7185,.T.);
#7320 = ORIENTED_EDGE('',*,*,#7321,.F.);
#7321 = EDGE_CURVE('',#7061,#7178,#7322,.T.);
#7322 = LINE('',#7323,#7324);
#7323 = CARTESIAN_POINT('',(0.5,-0.4,0.45));
#7324 = VECTOR('',#7325,1.);
#7325 = DIRECTION('',(0.,1.,0.));
#7326 = PLANE('',#7327);
#7327 = AXIS2_PLACEMENT_3D('',#7328,#7329,#7330);
#7328 = CARTESIAN_POINT('',(0.5,-0.4,0.405));
#7329 = DIRECTION('',(1.,0.,0.));
#7330 = DIRECTION('',(0.,0.,1.));
#7331 = ADVANCED_FACE('',(#7332),#7338,.T.);
#7332 = FACE_BOUND('',#7333,.T.);
#7333 = EDGE_LOOP('',(#7334,#7335,#7336,#7337));
#7334 = ORIENTED_EDGE('',*,*,#7092,.F.);
#7335 = ORIENTED_EDGE('',*,*,#7060,.T.);
#7336 = ORIENTED_EDGE('',*,*,#7321,.T.);
#7337 = ORIENTED_EDGE('',*,*,#7177,.F.);
#7338 = PLANE('',#7339);
#7339 = AXIS2_PLACEMENT_3D('',#7340,#7341,#7342);
#7340 = CARTESIAN_POINT('',(-0.5,-0.4,0.45));
#7341 = DIRECTION('',(0.,0.,1.));
#7342 = DIRECTION('',(1.,0.,-0.));
#7343 = ( GEOMETRIC_REPRESENTATION_CONTEXT(3) 
GLOBAL_UNCERTAINTY_ASSIGNED_CONTEXT((#7347)) 
GLOBAL_UNIT_ASSIGNED_CONTEXT((#7344,#7345,#7346)) REPRESENTATION_CONTEXT
('Context #1','3D Context with UNIT and UNCERTAINTY') );
#7344 = ( LENGTH_UNIT() NAMED_UNIT(*) SI_UNIT(.MILLI.,.METRE.) );
#7345 = ( NAMED_UNIT(*) PLANE_ANGLE_UNIT() SI_UNIT($,.RADIAN.) );
#7346 = ( NAMED_UNIT(*) SI_UNIT($,.STERADIAN.) SOLID_ANGLE_UNIT() );
#7347 = UNCERTAINTY_MEASURE_WITH_UNIT(LENGTH_MEASURE(1.E-07),#7344,
  'distance_accuracy_value','confusion accuracy');
#7348 = CONTEXT_DEPENDENT_SHAPE_REPRESENTATION(#7349,#7351);
#7349 = ( REPRESENTATION_RELATIONSHIP('','',#6552,#10) 
REPRESENTATION_RELATIONSHIP_WITH_TRANSFORMATION(#7350) 
SHAPE_REPRESENTATION_RELATIONSHIP() );
#7350 = ITEM_DEFINED_TRANSFORMATION('','',#11,#23);
#7351 = PRODUCT_DEFINITION_SHAPE('Placement','Placement of an item',
  #7352);
#7352 = NEXT_ASSEMBLY_USAGE_OCCURRENCE('7','R1','',#5,#6547,$);
#7353 = PRODUCT_RELATED_PRODUCT_CATEGORY('part',$,(#6549));
#7354 = SHAPE_DEFINITION_REPRESENTATION(#7355,#7361);
#7355 = PRODUCT_DEFINITION_SHAPE('','',#7356);
#7356 = PRODUCT_DEFINITION('design','',#7357,#7360);
#7357 = PRODUCT_DEFINITION_FORMATION('','',#7358);
#7358 = PRODUCT('C_0603_1608Metric','C_0603_1608Metric','',(#7359));
#7359 = PRODUCT_CONTEXT('',#2,'mechanical');
#7360 = PRODUCT_DEFINITION_CONTEXT('part definition',#2,'design');
#7361 = ADVANCED_BREP_SHAPE_REPRESENTATION('',(#11,#7362),#8216);
#7362 = MANIFOLD_SOLID_BREP('',#7363);
#7363 = CLOSED_SHELL('',(#7364,#7440,#7471,#7496,#7521,#7545,#7569,#7594
    ,#7619,#7636,#7722,#7754,#7778,#7803,#7827,#7852,#7876,#7901,#7918,
    #8004,#8035,#8060,#8085,#8109,#8133,#8158,#8183,#8200));
#7364 = ADVANCED_FACE('',(#7365),#7435,.F.);
#7365 = FACE_BOUND('',#7366,.F.);
#7366 = EDGE_LOOP('',(#7367,#7377,#7386,#7394,#7403,#7411,#7420,#7428));
#7367 = ORIENTED_EDGE('',*,*,#7368,.F.);
#7368 = EDGE_CURVE('',#7369,#7371,#7373,.T.);
#7369 = VERTEX_POINT('',#7370);
#7370 = CARTESIAN_POINT('',(-0.8,-0.4,3.E-02));
#7371 = VERTEX_POINT('',#7372);
#7372 = CARTESIAN_POINT('',(-0.8,-0.4,0.77));
#7373 = LINE('',#7374,#7375);
#7374 = CARTESIAN_POINT('',(-0.8,-0.4,0.));
#7375 = VECTOR('',#7376,1.);
#7376 = DIRECTION('',(0.,0.,1.));
#7377 = ORIENTED_EDGE('',*,*,#7378,.T.);
#7378 = EDGE_CURVE('',#7369,#7379,#7381,.T.);
#7379 = VERTEX_POINT('',#7380);
#7380 = CARTESIAN_POINT('',(-0.8,-0.37,0.));
#7381 = CIRCLE('',#7382,3.E-02);
#7382 = AXIS2_PLACEMENT_3D('',#7383,#7384,#7385);
#7383 = CARTESIAN_POINT('',(-0.8,-0.37,3.E-02));
#7384 = DIRECTION('',(1.,0.,-0.));
#7385 = DIRECTION('',(0.,0.,1.));
#7386 = ORIENTED_EDGE('',*,*,#7387,.T.);
#7387 = EDGE_CURVE('',#7379,#7388,#7390,.T.);
#7388 = VERTEX_POINT('',#7389);
#7389 = CARTESIAN_POINT('',(-0.8,0.37,0.));
#7390 = LINE('',#7391,#7392);
#7391 = CARTESIAN_POINT('',(-0.8,-0.4,0.));
#7392 = VECTOR('',#7393,1.);
#7393 = DIRECTION('',(0.,1.,0.));
#7394 = ORIENTED_EDGE('',*,*,#7395,.F.);
#7395 = EDGE_CURVE('',#7396,#7388,#7398,.T.);
#7396 = VERTEX_POINT('',#7397);
#7397 = CARTESIAN_POINT('',(-0.8,0.4,3.E-02));
#7398 = CIRCLE('',#7399,3.E-02);
#7399 = AXIS2_PLACEMENT_3D('',#7400,#7401,#7402);
#7400 = CARTESIAN_POINT('',(-0.8,0.37,3.E-02));
#7401 = DIRECTION('',(-1.,0.,0.));
#7402 = DIRECTION('',(0.,0.,1.));
#7403 = ORIENTED_EDGE('',*,*,#7404,.T.);
#7404 = EDGE_CURVE('',#7396,#7405,#7407,.T.);
#7405 = VERTEX_POINT('',#7406);
#7406 = CARTESIAN_POINT('',(-0.8,0.4,0.77));
#7407 = LINE('',#7408,#7409);
#7408 = CARTESIAN_POINT('',(-0.8,0.4,0.));
#7409 = VECTOR('',#7410,1.);
#7410 = DIRECTION('',(0.,0.,1.));
#7411 = ORIENTED_EDGE('',*,*,#7412,.T.);
#7412 = EDGE_CURVE('',#7405,#7413,#7415,.T.);
#7413 = VERTEX_POINT('',#7414);
#7414 = CARTESIAN_POINT('',(-0.8,0.37,0.8));
#7415 = CIRCLE('',#7416,3.E-02);
#7416 = AXIS2_PLACEMENT_3D('',#7417,#7418,#7419);
#7417 = CARTESIAN_POINT('',(-0.8,0.37,0.77));
#7418 = DIRECTION('',(1.,0.,-0.));
#7419 = DIRECTION('',(0.,0.,1.));
#7420 = ORIENTED_EDGE('',*,*,#7421,.F.);
#7421 = EDGE_CURVE('',#7422,#7413,#7424,.T.);
#7422 = VERTEX_POINT('',#7423);
#7423 = CARTESIAN_POINT('',(-0.8,-0.37,0.8));
#7424 = LINE('',#7425,#7426);
#7425 = CARTESIAN_POINT('',(-0.8,-0.4,0.8));
#7426 = VECTOR('',#7427,1.);
#7427 = DIRECTION('',(0.,1.,0.));
#7428 = ORIENTED_EDGE('',*,*,#7429,.F.);
#7429 = EDGE_CURVE('',#7371,#7422,#7430,.T.);
#7430 = CIRCLE('',#7431,3.E-02);
#7431 = AXIS2_PLACEMENT_3D('',#7432,#7433,#7434);
#7432 = CARTESIAN_POINT('',(-0.8,-0.37,0.77));
#7433 = DIRECTION('',(-1.,0.,0.));
#7434 = DIRECTION('',(0.,0.,1.));
#7435 = PLANE('',#7436);
#7436 = AXIS2_PLACEMENT_3D('',#7437,#7438,#7439);
#7437 = CARTESIAN_POINT('',(-0.8,-0.4,0.));
#7438 = DIRECTION('',(1.,0.,0.));
#7439 = DIRECTION('',(0.,0.,1.));
#7440 = ADVANCED_FACE('',(#7441),#7466,.F.);
#7441 = FACE_BOUND('',#7442,.F.);
#7442 = EDGE_LOOP('',(#7443,#7453,#7459,#7460));
#7443 = ORIENTED_EDGE('',*,*,#7444,.F.);
#7444 = EDGE_CURVE('',#7445,#7447,#7449,.T.);
#7445 = VERTEX_POINT('',#7446);
#7446 = CARTESIAN_POINT('',(-0.5,-0.4,3.E-02));
#7447 = VERTEX_POINT('',#7448);
#7448 = CARTESIAN_POINT('',(-0.5,-0.4,0.77));
#7449 = LINE('',#7450,#7451);
#7450 = CARTESIAN_POINT('',(-0.5,-0.4,0.));
#7451 = VECTOR('',#7452,1.);
#7452 = DIRECTION('',(0.,0.,1.));
#7453 = ORIENTED_EDGE('',*,*,#7454,.F.);
#7454 = EDGE_CURVE('',#7369,#7445,#7455,.T.);
#7455 = LINE('',#7456,#7457);
#7456 = CARTESIAN_POINT('',(-0.8,-0.4,3.E-02));
#7457 = VECTOR('',#7458,1.);
#7458 = DIRECTION('',(1.,0.,0.));
#7459 = ORIENTED_EDGE('',*,*,#7368,.T.);
#7460 = ORIENTED_EDGE('',*,*,#7461,.T.);
#7461 = EDGE_CURVE('',#7371,#7447,#7462,.T.);
#7462 = LINE('',#7463,#7464);
#7463 = CARTESIAN_POINT('',(-0.8,-0.4,0.77));
#7464 = VECTOR('',#7465,1.);
#7465 = DIRECTION('',(1.,0.,0.));
#7466 = PLANE('',#7467);
#7467 = AXIS2_PLACEMENT_3D('',#7468,#7469,#7470);
#7468 = CARTESIAN_POINT('',(-0.8,-0.4,0.));
#7469 = DIRECTION('',(0.,1.,0.));
#7470 = DIRECTION('',(0.,-0.,1.));
#7471 = ADVANCED_FACE('',(#7472),#7491,.T.);
#7472 = FACE_BOUND('',#7473,.T.);
#7473 = EDGE_LOOP('',(#7474,#7475,#7483,#7490));
#7474 = ORIENTED_EDGE('',*,*,#7378,.T.);
#7475 = ORIENTED_EDGE('',*,*,#7476,.T.);
#7476 = EDGE_CURVE('',#7379,#7477,#7479,.T.);
#7477 = VERTEX_POINT('',#7478);
#7478 = CARTESIAN_POINT('',(-0.5,-0.37,0.));
#7479 = LINE('',#7480,#7481);
#7480 = CARTESIAN_POINT('',(-0.8,-0.37,0.));
#7481 = VECTOR('',#7482,1.);
#7482 = DIRECTION('',(1.,0.,0.));
#7483 = ORIENTED_EDGE('',*,*,#7484,.F.);
#7484 = EDGE_CURVE('',#7445,#7477,#7485,.T.);
#7485 = CIRCLE('',#7486,3.E-02);
#7486 = AXIS2_PLACEMENT_3D('',#7487,#7488,#7489);
#7487 = CARTESIAN_POINT('',(-0.5,-0.37,3.E-02));
#7488 = DIRECTION('',(1.,0.,-0.));
#7489 = DIRECTION('',(0.,0.,1.));
#7490 = ORIENTED_EDGE('',*,*,#7454,.F.);
#7491 = CYLINDRICAL_SURFACE('',#7492,3.E-02);
#7492 = AXIS2_PLACEMENT_3D('',#7493,#7494,#7495);
#7493 = CARTESIAN_POINT('',(-0.8,-0.37,3.E-02));
#7494 = DIRECTION('',(1.,0.,0.));
#7495 = DIRECTION('',(0.,-1.,0.));
#7496 = ADVANCED_FACE('',(#7497),#7516,.T.);
#7497 = FACE_BOUND('',#7498,.T.);
#7498 = EDGE_LOOP('',(#7499,#7500,#7509,#7515));
#7499 = ORIENTED_EDGE('',*,*,#7461,.T.);
#7500 = ORIENTED_EDGE('',*,*,#7501,.T.);
#7501 = EDGE_CURVE('',#7447,#7502,#7504,.T.);
#7502 = VERTEX_POINT('',#7503);
#7503 = CARTESIAN_POINT('',(-0.5,-0.37,0.8));
#7504 = CIRCLE('',#7505,3.E-02);
#7505 = AXIS2_PLACEMENT_3D('',#7506,#7507,#7508);
#7506 = CARTESIAN_POINT('',(-0.5,-0.37,0.77));
#7507 = DIRECTION('',(-1.,0.,0.));
#7508 = DIRECTION('',(0.,0.,1.));
#7509 = ORIENTED_EDGE('',*,*,#7510,.F.);
#7510 = EDGE_CURVE('',#7422,#7502,#7511,.T.);
#7511 = LINE('',#7512,#7513);
#7512 = CARTESIAN_POINT('',(-0.8,-0.37,0.8));
#7513 = VECTOR('',#7514,1.);
#7514 = DIRECTION('',(1.,0.,0.));
#7515 = ORIENTED_EDGE('',*,*,#7429,.F.);
#7516 = CYLINDRICAL_SURFACE('',#7517,3.E-02);
#7517 = AXIS2_PLACEMENT_3D('',#7518,#7519,#7520);
#7518 = CARTESIAN_POINT('',(-0.8,-0.37,0.77));
#7519 = DIRECTION('',(1.,0.,0.));
#7520 = DIRECTION('',(0.,-1.,0.));
#7521 = ADVANCED_FACE('',(#7522),#7540,.F.);
#7522 = FACE_BOUND('',#7523,.F.);
#7523 = EDGE_LOOP('',(#7524,#7525,#7526,#7534));
#7524 = ORIENTED_EDGE('',*,*,#7387,.F.);
#7525 = ORIENTED_EDGE('',*,*,#7476,.T.);
#7526 = ORIENTED_EDGE('',*,*,#7527,.T.);
#7527 = EDGE_CURVE('',#7477,#7528,#7530,.T.);
#7528 = VERTEX_POINT('',#7529);
#7529 = CARTESIAN_POINT('',(-0.5,0.37,0.));
#7530 = LINE('',#7531,#7532);
#7531 = CARTESIAN_POINT('',(-0.5,-0.4,0.));
#7532 = VECTOR('',#7533,1.);
#7533 = DIRECTION('',(0.,1.,0.));
#7534 = ORIENTED_EDGE('',*,*,#7535,.F.);
#7535 = EDGE_CURVE('',#7388,#7528,#7536,.T.);
#7536 = LINE('',#7537,#7538);
#7537 = CARTESIAN_POINT('',(-0.8,0.37,0.));
#7538 = VECTOR('',#7539,1.);
#7539 = DIRECTION('',(1.,0.,0.));
#7540 = PLANE('',#7541);
#7541 = AXIS2_PLACEMENT_3D('',#7542,#7543,#7544);
#7542 = CARTESIAN_POINT('',(-0.8,-0.4,0.));
#7543 = DIRECTION('',(0.,0.,1.));
#7544 = DIRECTION('',(1.,0.,-0.));
#7545 = ADVANCED_FACE('',(#7546),#7564,.T.);
#7546 = FACE_BOUND('',#7547,.T.);
#7547 = EDGE_LOOP('',(#7548,#7549,#7550,#7558));
#7548 = ORIENTED_EDGE('',*,*,#7421,.F.);
#7549 = ORIENTED_EDGE('',*,*,#7510,.T.);
#7550 = ORIENTED_EDGE('',*,*,#7551,.T.);
#7551 = EDGE_CURVE('',#7502,#7552,#7554,.T.);
#7552 = VERTEX_POINT('',#7553);
#7553 = CARTESIAN_POINT('',(-0.5,0.37,0.8));
#7554 = LINE('',#7555,#7556);
#7555 = CARTESIAN_POINT('',(-0.5,-0.4,0.8));
#7556 = VECTOR('',#7557,1.);
#7557 = DIRECTION('',(0.,1.,0.));
#7558 = ORIENTED_EDGE('',*,*,#7559,.F.);
#7559 = EDGE_CURVE('',#7413,#7552,#7560,.T.);
#7560 = LINE('',#7561,#7562);
#7561 = CARTESIAN_POINT('',(-0.8,0.37,0.8));
#7562 = VECTOR('',#7563,1.);
#7563 = DIRECTION('',(1.,0.,0.));
#7564 = PLANE('',#7565);
#7565 = AXIS2_PLACEMENT_3D('',#7566,#7567,#7568);
#7566 = CARTESIAN_POINT('',(-0.8,-0.4,0.8));
#7567 = DIRECTION('',(0.,0.,1.));
#7568 = DIRECTION('',(1.,0.,-0.));
#7569 = ADVANCED_FACE('',(#7570),#7589,.T.);
#7570 = FACE_BOUND('',#7571,.T.);
#7571 = EDGE_LOOP('',(#7572,#7580,#7587,#7588));
#7572 = ORIENTED_EDGE('',*,*,#7573,.T.);
#7573 = EDGE_CURVE('',#7396,#7574,#7576,.T.);
#7574 = VERTEX_POINT('',#7575);
#7575 = CARTESIAN_POINT('',(-0.5,0.4,3.E-02));
#7576 = LINE('',#7577,#7578);
#7577 = CARTESIAN_POINT('',(-0.8,0.4,3.E-02));
#7578 = VECTOR('',#7579,1.);
#7579 = DIRECTION('',(1.,0.,0.));
#7580 = ORIENTED_EDGE('',*,*,#7581,.T.);
#7581 = EDGE_CURVE('',#7574,#7528,#7582,.T.);
#7582 = CIRCLE('',#7583,3.E-02);
#7583 = AXIS2_PLACEMENT_3D('',#7584,#7585,#7586);
#7584 = CARTESIAN_POINT('',(-0.5,0.37,3.E-02));
#7585 = DIRECTION('',(-1.,0.,0.));
#7586 = DIRECTION('',(0.,0.,1.));
#7587 = ORIENTED_EDGE('',*,*,#7535,.F.);
#7588 = ORIENTED_EDGE('',*,*,#7395,.F.);
#7589 = CYLINDRICAL_SURFACE('',#7590,3.E-02);
#7590 = AXIS2_PLACEMENT_3D('',#7591,#7592,#7593);
#7591 = CARTESIAN_POINT('',(-0.8,0.37,3.E-02));
#7592 = DIRECTION('',(1.,0.,0.));
#7593 = DIRECTION('',(-0.,1.,0.));
#7594 = ADVANCED_FACE('',(#7595),#7614,.T.);
#7595 = FACE_BOUND('',#7596,.T.);
#7596 = EDGE_LOOP('',(#7597,#7598,#7599,#7608));
#7597 = ORIENTED_EDGE('',*,*,#7412,.T.);
#7598 = ORIENTED_EDGE('',*,*,#7559,.T.);
#7599 = ORIENTED_EDGE('',*,*,#7600,.F.);
#7600 = EDGE_CURVE('',#7601,#7552,#7603,.T.);
#7601 = VERTEX_POINT('',#7602);
#7602 = CARTESIAN_POINT('',(-0.5,0.4,0.77));
#7603 = CIRCLE('',#7604,3.E-02);
#7604 = AXIS2_PLACEMENT_3D('',#7605,#7606,#7607);
#7605 = CARTESIAN_POINT('',(-0.5,0.37,0.77));
#7606 = DIRECTION('',(1.,0.,-0.));
#7607 = DIRECTION('',(0.,0.,1.));
#7608 = ORIENTED_EDGE('',*,*,#7609,.F.);
#7609 = EDGE_CURVE('',#7405,#7601,#7610,.T.);
#7610 = LINE('',#7611,#7612);
#7611 = CARTESIAN_POINT('',(-0.8,0.4,0.77));
#7612 = VECTOR('',#7613,1.);
#7613 = DIRECTION('',(1.,0.,0.));
#7614 = CYLINDRICAL_SURFACE('',#7615,3.E-02);
#7615 = AXIS2_PLACEMENT_3D('',#7616,#7617,#7618);
#7616 = CARTESIAN_POINT('',(-0.8,0.37,0.77));
#7617 = DIRECTION('',(1.,0.,0.));
#7618 = DIRECTION('',(-0.,1.,0.));
#7619 = ADVANCED_FACE('',(#7620),#7631,.T.);
#7620 = FACE_BOUND('',#7621,.T.);
#7621 = EDGE_LOOP('',(#7622,#7628,#7629,#7630));
#7622 = ORIENTED_EDGE('',*,*,#7623,.F.);
#7623 = EDGE_CURVE('',#7574,#7601,#7624,.T.);
#7624 = LINE('',#7625,#7626);
#7625 = CARTESIAN_POINT('',(-0.5,0.4,0.));
#7626 = VECTOR('',#7627,1.);
#7627 = DIRECTION('',(0.,0.,1.));
#7628 = ORIENTED_EDGE('',*,*,#7573,.F.);
#7629 = ORIENTED_EDGE('',*,*,#7404,.T.);
#7630 = ORIENTED_EDGE('',*,*,#7609,.T.);
#7631 = PLANE('',#7632);
#7632 = AXIS2_PLACEMENT_3D('',#7633,#7634,#7635);
#7633 = CARTESIAN_POINT('',(-0.8,0.4,0.));
#7634 = DIRECTION('',(0.,1.,0.));
#7635 = DIRECTION('',(0.,-0.,1.));
#7636 = ADVANCED_FACE('',(#7637,#7647),#7717,.T.);
#7637 = FACE_BOUND('',#7638,.T.);
#7638 = EDGE_LOOP('',(#7639,#7640,#7641,#7642,#7643,#7644,#7645,#7646));
#7639 = ORIENTED_EDGE('',*,*,#7444,.F.);
#7640 = ORIENTED_EDGE('',*,*,#7484,.T.);
#7641 = ORIENTED_EDGE('',*,*,#7527,.T.);
#7642 = ORIENTED_EDGE('',*,*,#7581,.F.);
#7643 = ORIENTED_EDGE('',*,*,#7623,.T.);
#7644 = ORIENTED_EDGE('',*,*,#7600,.T.);
#7645 = ORIENTED_EDGE('',*,*,#7551,.F.);
#7646 = ORIENTED_EDGE('',*,*,#7501,.F.);
#7647 = FACE_BOUND('',#7648,.T.);
#7648 = EDGE_LOOP('',(#7649,#7660,#7668,#7677,#7685,#7694,#7702,#7711));
#7649 = ORIENTED_EDGE('',*,*,#7650,.F.);
#7650 = EDGE_CURVE('',#7651,#7653,#7655,.T.);
#7651 = VERTEX_POINT('',#7652);
#7652 = CARTESIAN_POINT('',(-0.5,-0.37,6.E-02));
#7653 = VERTEX_POINT('',#7654);
#7654 = CARTESIAN_POINT('',(-0.5,-0.34,3.E-02));
#7655 = CIRCLE('',#7656,3.E-02);
#7656 = AXIS2_PLACEMENT_3D('',#7657,#7658,#7659);
#7657 = CARTESIAN_POINT('',(-0.5,-0.34,6.E-02));
#7658 = DIRECTION('',(1.,0.,-0.));
#7659 = DIRECTION('',(0.,0.,1.));
#7660 = ORIENTED_EDGE('',*,*,#7661,.T.);
#7661 = EDGE_CURVE('',#7651,#7662,#7664,.T.);
#7662 = VERTEX_POINT('',#7663);
#7663 = CARTESIAN_POINT('',(-0.5,-0.37,0.74));
#7664 = LINE('',#7665,#7666);
#7665 = CARTESIAN_POINT('',(-0.5,-0.37,3.E-02));
#7666 = VECTOR('',#7667,1.);
#7667 = DIRECTION('',(0.,0.,1.));
#7668 = ORIENTED_EDGE('',*,*,#7669,.T.);
#7669 = EDGE_CURVE('',#7662,#7670,#7672,.T.);
#7670 = VERTEX_POINT('',#7671);
#7671 = CARTESIAN_POINT('',(-0.5,-0.34,0.77));
#7672 = CIRCLE('',#7673,3.E-02);
#7673 = AXIS2_PLACEMENT_3D('',#7674,#7675,#7676);
#7674 = CARTESIAN_POINT('',(-0.5,-0.34,0.74));
#7675 = DIRECTION('',(-1.,0.,0.));
#7676 = DIRECTION('',(0.,0.,1.));
#7677 = ORIENTED_EDGE('',*,*,#7678,.T.);
#7678 = EDGE_CURVE('',#7670,#7679,#7681,.T.);
#7679 = VERTEX_POINT('',#7680);
#7680 = CARTESIAN_POINT('',(-0.5,0.34,0.77));
#7681 = LINE('',#7682,#7683);
#7682 = CARTESIAN_POINT('',(-0.5,-0.37,0.77));
#7683 = VECTOR('',#7684,1.);
#7684 = DIRECTION('',(0.,1.,0.));
#7685 = ORIENTED_EDGE('',*,*,#7686,.F.);
#7686 = EDGE_CURVE('',#7687,#7679,#7689,.T.);
#7687 = VERTEX_POINT('',#7688);
#7688 = CARTESIAN_POINT('',(-0.5,0.37,0.74));
#7689 = CIRCLE('',#7690,3.E-02);
#7690 = AXIS2_PLACEMENT_3D('',#7691,#7692,#7693);
#7691 = CARTESIAN_POINT('',(-0.5,0.34,0.74));
#7692 = DIRECTION('',(1.,0.,-0.));
#7693 = DIRECTION('',(0.,0.,1.));
#7694 = ORIENTED_EDGE('',*,*,#7695,.F.);
#7695 = EDGE_CURVE('',#7696,#7687,#7698,.T.);
#7696 = VERTEX_POINT('',#7697);
#7697 = CARTESIAN_POINT('',(-0.5,0.37,6.E-02));
#7698 = LINE('',#7699,#7700);
#7699 = CARTESIAN_POINT('',(-0.5,0.37,3.E-02));
#7700 = VECTOR('',#7701,1.);
#7701 = DIRECTION('',(0.,0.,1.));
#7702 = ORIENTED_EDGE('',*,*,#7703,.T.);
#7703 = EDGE_CURVE('',#7696,#7704,#7706,.T.);
#7704 = VERTEX_POINT('',#7705);
#7705 = CARTESIAN_POINT('',(-0.5,0.34,3.E-02));
#7706 = CIRCLE('',#7707,3.E-02);
#7707 = AXIS2_PLACEMENT_3D('',#7708,#7709,#7710);
#7708 = CARTESIAN_POINT('',(-0.5,0.34,6.E-02));
#7709 = DIRECTION('',(-1.,0.,0.));
#7710 = DIRECTION('',(0.,0.,1.));
#7711 = ORIENTED_EDGE('',*,*,#7712,.F.);
#7712 = EDGE_CURVE('',#7653,#7704,#7713,.T.);
#7713 = LINE('',#7714,#7715);
#7714 = CARTESIAN_POINT('',(-0.5,-0.37,3.E-02));
#7715 = VECTOR('',#7716,1.);
#7716 = DIRECTION('',(0.,1.,0.));
#7717 = PLANE('',#7718);
#7718 = AXIS2_PLACEMENT_3D('',#7719,#7720,#7721);
#7719 = CARTESIAN_POINT('',(-0.5,-0.4,0.));
#7720 = DIRECTION('',(1.,0.,0.));
#7721 = DIRECTION('',(0.,0.,1.));
#7722 = ADVANCED_FACE('',(#7723),#7749,.T.);
#7723 = FACE_BOUND('',#7724,.T.);
#7724 = EDGE_LOOP('',(#7725,#7726,#7734,#7743));
#7725 = ORIENTED_EDGE('',*,*,#7650,.T.);
#7726 = ORIENTED_EDGE('',*,*,#7727,.T.);
#7727 = EDGE_CURVE('',#7653,#7728,#7730,.T.);
#7728 = VERTEX_POINT('',#7729);
#7729 = CARTESIAN_POINT('',(0.5,-0.34,3.E-02));
#7730 = LINE('',#7731,#7732);
#7731 = CARTESIAN_POINT('',(-0.5,-0.34,3.E-02));
#7732 = VECTOR('',#7733,1.);
#7733 = DIRECTION('',(1.,0.,0.));
#7734 = ORIENTED_EDGE('',*,*,#7735,.F.);
#7735 = EDGE_CURVE('',#7736,#7728,#7738,.T.);
#7736 = VERTEX_POINT('',#7737);
#7737 = CARTESIAN_POINT('',(0.5,-0.37,6.E-02));
#7738 = CIRCLE('',#7739,3.E-02);
#7739 = AXIS2_PLACEMENT_3D('',#7740,#7741,#7742);
#7740 = CARTESIAN_POINT('',(0.5,-0.34,6.E-02));
#7741 = DIRECTION('',(1.,0.,-0.));
#7742 = DIRECTION('',(0.,0.,1.));
#7743 = ORIENTED_EDGE('',*,*,#7744,.F.);
#7744 = EDGE_CURVE('',#7651,#7736,#7745,.T.);
#7745 = LINE('',#7746,#7747);
#7746 = CARTESIAN_POINT('',(-0.5,-0.37,6.E-02));
#7747 = VECTOR('',#7748,1.);
#7748 = DIRECTION('',(1.,0.,0.));
#7749 = CYLINDRICAL_SURFACE('',#7750,3.E-02);
#7750 = AXIS2_PLACEMENT_3D('',#7751,#7752,#7753);
#7751 = CARTESIAN_POINT('',(-0.5,-0.34,6.E-02));
#7752 = DIRECTION('',(1.,0.,0.));
#7753 = DIRECTION('',(0.,-1.,0.));
#7754 = ADVANCED_FACE('',(#7755),#7773,.F.);
#7755 = FACE_BOUND('',#7756,.F.);
#7756 = EDGE_LOOP('',(#7757,#7758,#7759,#7767));
#7757 = ORIENTED_EDGE('',*,*,#7712,.F.);
#7758 = ORIENTED_EDGE('',*,*,#7727,.T.);
#7759 = ORIENTED_EDGE('',*,*,#7760,.T.);
#7760 = EDGE_CURVE('',#7728,#7761,#7763,.T.);
#7761 = VERTEX_POINT('',#7762);
#7762 = CARTESIAN_POINT('',(0.5,0.34,3.E-02));
#7763 = LINE('',#7764,#7765);
#7764 = CARTESIAN_POINT('',(0.5,-0.37,3.E-02));
#7765 = VECTOR('',#7766,1.);
#7766 = DIRECTION('',(0.,1.,0.));
#7767 = ORIENTED_EDGE('',*,*,#7768,.F.);
#7768 = EDGE_CURVE('',#7704,#7761,#7769,.T.);
#7769 = LINE('',#7770,#7771);
#7770 = CARTESIAN_POINT('',(-0.5,0.34,3.E-02));
#7771 = VECTOR('',#7772,1.);
#7772 = DIRECTION('',(1.,0.,0.));
#7773 = PLANE('',#7774);
#7774 = AXIS2_PLACEMENT_3D('',#7775,#7776,#7777);
#7775 = CARTESIAN_POINT('',(-0.5,-0.37,3.E-02));
#7776 = DIRECTION('',(0.,0.,1.));
#7777 = DIRECTION('',(1.,0.,-0.));
#7778 = ADVANCED_FACE('',(#7779),#7798,.T.);
#7779 = FACE_BOUND('',#7780,.T.);
#7780 = EDGE_LOOP('',(#7781,#7789,#7796,#7797));
#7781 = ORIENTED_EDGE('',*,*,#7782,.T.);
#7782 = EDGE_CURVE('',#7696,#7783,#7785,.T.);
#7783 = VERTEX_POINT('',#7784);
#7784 = CARTESIAN_POINT('',(0.5,0.37,6.E-02));
#7785 = LINE('',#7786,#7787);
#7786 = CARTESIAN_POINT('',(-0.5,0.37,6.E-02));
#7787 = VECTOR('',#7788,1.);
#7788 = DIRECTION('',(1.,0.,0.));
#7789 = ORIENTED_EDGE('',*,*,#7790,.T.);
#7790 = EDGE_CURVE('',#7783,#7761,#7791,.T.);
#7791 = CIRCLE('',#7792,3.E-02);
#7792 = AXIS2_PLACEMENT_3D('',#7793,#7794,#7795);
#7793 = CARTESIAN_POINT('',(0.5,0.34,6.E-02));
#7794 = DIRECTION('',(-1.,0.,0.));
#7795 = DIRECTION('',(0.,0.,1.));
#7796 = ORIENTED_EDGE('',*,*,#7768,.F.);
#7797 = ORIENTED_EDGE('',*,*,#7703,.F.);
#7798 = CYLINDRICAL_SURFACE('',#7799,3.E-02);
#7799 = AXIS2_PLACEMENT_3D('',#7800,#7801,#7802);
#7800 = CARTESIAN_POINT('',(-0.5,0.34,6.E-02));
#7801 = DIRECTION('',(1.,0.,0.));
#7802 = DIRECTION('',(-0.,1.,0.));
#7803 = ADVANCED_FACE('',(#7804),#7822,.T.);
#7804 = FACE_BOUND('',#7805,.T.);
#7805 = EDGE_LOOP('',(#7806,#7814,#7815,#7816));
#7806 = ORIENTED_EDGE('',*,*,#7807,.F.);
#7807 = EDGE_CURVE('',#7783,#7808,#7810,.T.);
#7808 = VERTEX_POINT('',#7809);
#7809 = CARTESIAN_POINT('',(0.5,0.37,0.74));
#7810 = LINE('',#7811,#7812);
#7811 = CARTESIAN_POINT('',(0.5,0.37,3.E-02));
#7812 = VECTOR('',#7813,1.);
#7813 = DIRECTION('',(0.,0.,1.));
#7814 = ORIENTED_EDGE('',*,*,#7782,.F.);
#7815 = ORIENTED_EDGE('',*,*,#7695,.T.);
#7816 = ORIENTED_EDGE('',*,*,#7817,.T.);
#7817 = EDGE_CURVE('',#7687,#7808,#7818,.T.);
#7818 = LINE('',#7819,#7820);
#7819 = CARTESIAN_POINT('',(-0.5,0.37,0.74));
#7820 = VECTOR('',#7821,1.);
#7821 = DIRECTION('',(1.,0.,0.));
#7822 = PLANE('',#7823);
#7823 = AXIS2_PLACEMENT_3D('',#7824,#7825,#7826);
#7824 = CARTESIAN_POINT('',(-0.5,0.37,3.E-02));
#7825 = DIRECTION('',(0.,1.,0.));
#7826 = DIRECTION('',(0.,-0.,1.));
#7827 = ADVANCED_FACE('',(#7828),#7847,.T.);
#7828 = FACE_BOUND('',#7829,.T.);
#7829 = EDGE_LOOP('',(#7830,#7831,#7839,#7846));
#7830 = ORIENTED_EDGE('',*,*,#7686,.T.);
#7831 = ORIENTED_EDGE('',*,*,#7832,.T.);
#7832 = EDGE_CURVE('',#7679,#7833,#7835,.T.);
#7833 = VERTEX_POINT('',#7834);
#7834 = CARTESIAN_POINT('',(0.5,0.34,0.77));
#7835 = LINE('',#7836,#7837);
#7836 = CARTESIAN_POINT('',(-0.5,0.34,0.77));
#7837 = VECTOR('',#7838,1.);
#7838 = DIRECTION('',(1.,0.,0.));
#7839 = ORIENTED_EDGE('',*,*,#7840,.F.);
#7840 = EDGE_CURVE('',#7808,#7833,#7841,.T.);
#7841 = CIRCLE('',#7842,3.E-02);
#7842 = AXIS2_PLACEMENT_3D('',#7843,#7844,#7845);
#7843 = CARTESIAN_POINT('',(0.5,0.34,0.74));
#7844 = DIRECTION('',(1.,0.,-0.));
#7845 = DIRECTION('',(0.,0.,1.));
#7846 = ORIENTED_EDGE('',*,*,#7817,.F.);
#7847 = CYLINDRICAL_SURFACE('',#7848,3.E-02);
#7848 = AXIS2_PLACEMENT_3D('',#7849,#7850,#7851);
#7849 = CARTESIAN_POINT('',(-0.5,0.34,0.74));
#7850 = DIRECTION('',(1.,0.,0.));
#7851 = DIRECTION('',(-0.,1.,0.));
#7852 = ADVANCED_FACE('',(#7853),#7871,.T.);
#7853 = FACE_BOUND('',#7854,.T.);
#7854 = EDGE_LOOP('',(#7855,#7856,#7864,#7870));
#7855 = ORIENTED_EDGE('',*,*,#7678,.F.);
#7856 = ORIENTED_EDGE('',*,*,#7857,.T.);
#7857 = EDGE_CURVE('',#7670,#7858,#7860,.T.);
#7858 = VERTEX_POINT('',#7859);
#7859 = CARTESIAN_POINT('',(0.5,-0.34,0.77));
#7860 = LINE('',#7861,#7862);
#7861 = CARTESIAN_POINT('',(-0.5,-0.34,0.77));
#7862 = VECTOR('',#7863,1.);
#7863 = DIRECTION('',(1.,0.,0.));
#7864 = ORIENTED_EDGE('',*,*,#7865,.T.);
#7865 = EDGE_CURVE('',#7858,#7833,#7866,.T.);
#7866 = LINE('',#7867,#7868);
#7867 = CARTESIAN_POINT('',(0.5,-0.37,0.77));
#7868 = VECTOR('',#7869,1.);
#7869 = DIRECTION('',(0.,1.,0.));
#7870 = ORIENTED_EDGE('',*,*,#7832,.F.);
#7871 = PLANE('',#7872);
#7872 = AXIS2_PLACEMENT_3D('',#7873,#7874,#7875);
#7873 = CARTESIAN_POINT('',(-0.5,-0.37,0.77));
#7874 = DIRECTION('',(0.,0.,1.));
#7875 = DIRECTION('',(1.,0.,-0.));
#7876 = ADVANCED_FACE('',(#7877),#7896,.T.);
#7877 = FACE_BOUND('',#7878,.T.);
#7878 = EDGE_LOOP('',(#7879,#7887,#7894,#7895));
#7879 = ORIENTED_EDGE('',*,*,#7880,.T.);
#7880 = EDGE_CURVE('',#7662,#7881,#7883,.T.);
#7881 = VERTEX_POINT('',#7882);
#7882 = CARTESIAN_POINT('',(0.5,-0.37,0.74));
#7883 = LINE('',#7884,#7885);
#7884 = CARTESIAN_POINT('',(-0.5,-0.37,0.74));
#7885 = VECTOR('',#7886,1.);
#7886 = DIRECTION('',(1.,0.,0.));
#7887 = ORIENTED_EDGE('',*,*,#7888,.T.);
#7888 = EDGE_CURVE('',#7881,#7858,#7889,.T.);
#7889 = CIRCLE('',#7890,3.E-02);
#7890 = AXIS2_PLACEMENT_3D('',#7891,#7892,#7893);
#7891 = CARTESIAN_POINT('',(0.5,-0.34,0.74));
#7892 = DIRECTION('',(-1.,0.,0.));
#7893 = DIRECTION('',(0.,0.,1.));
#7894 = ORIENTED_EDGE('',*,*,#7857,.F.);
#7895 = ORIENTED_EDGE('',*,*,#7669,.F.);
#7896 = CYLINDRICAL_SURFACE('',#7897,3.E-02);
#7897 = AXIS2_PLACEMENT_3D('',#7898,#7899,#7900);
#7898 = CARTESIAN_POINT('',(-0.5,-0.34,0.74));
#7899 = DIRECTION('',(1.,0.,0.));
#7900 = DIRECTION('',(0.,-1.,0.));
#7901 = ADVANCED_FACE('',(#7902),#7913,.F.);
#7902 = FACE_BOUND('',#7903,.F.);
#7903 = EDGE_LOOP('',(#7904,#7910,#7911,#7912));
#7904 = ORIENTED_EDGE('',*,*,#7905,.F.);
#7905 = EDGE_CURVE('',#7736,#7881,#7906,.T.);
#7906 = LINE('',#7907,#7908);
#7907 = CARTESIAN_POINT('',(0.5,-0.37,3.E-02));
#7908 = VECTOR('',#7909,1.);
#7909 = DIRECTION('',(0.,0.,1.));
#7910 = ORIENTED_EDGE('',*,*,#7744,.F.);
#7911 = ORIENTED_EDGE('',*,*,#7661,.T.);
#7912 = ORIENTED_EDGE('',*,*,#7880,.T.);
#7913 = PLANE('',#7914);
#7914 = AXIS2_PLACEMENT_3D('',#7915,#7916,#7917);
#7915 = CARTESIAN_POINT('',(-0.5,-0.37,3.E-02));
#7916 = DIRECTION('',(0.,1.,0.));
#7917 = DIRECTION('',(0.,-0.,1.));
#7918 = ADVANCED_FACE('',(#7919,#7989),#7999,.F.);
#7919 = FACE_BOUND('',#7920,.F.);
#7920 = EDGE_LOOP('',(#7921,#7931,#7940,#7948,#7957,#7965,#7974,#7982));
#7921 = ORIENTED_EDGE('',*,*,#7922,.F.);
#7922 = EDGE_CURVE('',#7923,#7925,#7927,.T.);
#7923 = VERTEX_POINT('',#7924);
#7924 = CARTESIAN_POINT('',(0.5,-0.4,3.E-02));
#7925 = VERTEX_POINT('',#7926);
#7926 = CARTESIAN_POINT('',(0.5,-0.4,0.77));
#7927 = LINE('',#7928,#7929);
#7928 = CARTESIAN_POINT('',(0.5,-0.4,0.));
#7929 = VECTOR('',#7930,1.);
#7930 = DIRECTION('',(0.,0.,1.));
#7931 = ORIENTED_EDGE('',*,*,#7932,.T.);
#7932 = EDGE_CURVE('',#7923,#7933,#7935,.T.);
#7933 = VERTEX_POINT('',#7934);
#7934 = CARTESIAN_POINT('',(0.5,-0.37,0.));
#7935 = CIRCLE('',#7936,3.E-02);
#7936 = AXIS2_PLACEMENT_3D('',#7937,#7938,#7939);
#7937 = CARTESIAN_POINT('',(0.5,-0.37,3.E-02));
#7938 = DIRECTION('',(1.,0.,-0.));
#7939 = DIRECTION('',(0.,0.,1.));
#7940 = ORIENTED_EDGE('',*,*,#7941,.T.);
#7941 = EDGE_CURVE('',#7933,#7942,#7944,.T.);
#7942 = VERTEX_POINT('',#7943);
#7943 = CARTESIAN_POINT('',(0.5,0.37,0.));
#7944 = LINE('',#7945,#7946);
#7945 = CARTESIAN_POINT('',(0.5,-0.4,0.));
#7946 = VECTOR('',#7947,1.);
#7947 = DIRECTION('',(0.,1.,0.));
#7948 = ORIENTED_EDGE('',*,*,#7949,.F.);
#7949 = EDGE_CURVE('',#7950,#7942,#7952,.T.);
#7950 = VERTEX_POINT('',#7951);
#7951 = CARTESIAN_POINT('',(0.5,0.4,3.E-02));
#7952 = CIRCLE('',#7953,3.E-02);
#7953 = AXIS2_PLACEMENT_3D('',#7954,#7955,#7956);
#7954 = CARTESIAN_POINT('',(0.5,0.37,3.E-02));
#7955 = DIRECTION('',(-1.,0.,0.));
#7956 = DIRECTION('',(0.,0.,1.));
#7957 = ORIENTED_EDGE('',*,*,#7958,.T.);
#7958 = EDGE_CURVE('',#7950,#7959,#7961,.T.);
#7959 = VERTEX_POINT('',#7960);
#7960 = CARTESIAN_POINT('',(0.5,0.4,0.77));
#7961 = LINE('',#7962,#7963);
#7962 = CARTESIAN_POINT('',(0.5,0.4,0.));
#7963 = VECTOR('',#7964,1.);
#7964 = DIRECTION('',(0.,0.,1.));
#7965 = ORIENTED_EDGE('',*,*,#7966,.T.);
#7966 = EDGE_CURVE('',#7959,#7967,#7969,.T.);
#7967 = VERTEX_POINT('',#7968);
#7968 = CARTESIAN_POINT('',(0.5,0.37,0.8));
#7969 = CIRCLE('',#7970,3.E-02);
#7970 = AXIS2_PLACEMENT_3D('',#7971,#7972,#7973);
#7971 = CARTESIAN_POINT('',(0.5,0.37,0.77));
#7972 = DIRECTION('',(1.,0.,-0.));
#7973 = DIRECTION('',(0.,0.,1.));
#7974 = ORIENTED_EDGE('',*,*,#7975,.F.);
#7975 = EDGE_CURVE('',#7976,#7967,#7978,.T.);
#7976 = VERTEX_POINT('',#7977);
#7977 = CARTESIAN_POINT('',(0.5,-0.37,0.8));
#7978 = LINE('',#7979,#7980);
#7979 = CARTESIAN_POINT('',(0.5,-0.4,0.8));
#7980 = VECTOR('',#7981,1.);
#7981 = DIRECTION('',(0.,1.,0.));
#7982 = ORIENTED_EDGE('',*,*,#7983,.F.);
#7983 = EDGE_CURVE('',#7925,#7976,#7984,.T.);
#7984 = CIRCLE('',#7985,3.E-02);
#7985 = AXIS2_PLACEMENT_3D('',#7986,#7987,#7988);
#7986 = CARTESIAN_POINT('',(0.5,-0.37,0.77));
#7987 = DIRECTION('',(-1.,0.,0.));
#7988 = DIRECTION('',(0.,0.,1.));
#7989 = FACE_BOUND('',#7990,.F.);
#7990 = EDGE_LOOP('',(#7991,#7992,#7993,#7994,#7995,#7996,#7997,#7998));
#7991 = ORIENTED_EDGE('',*,*,#7735,.F.);
#7992 = ORIENTED_EDGE('',*,*,#7905,.T.);
#7993 = ORIENTED_EDGE('',*,*,#7888,.T.);
#7994 = ORIENTED_EDGE('',*,*,#7865,.T.);
#7995 = ORIENTED_EDGE('',*,*,#7840,.F.);
#7996 = ORIENTED_EDGE('',*,*,#7807,.F.);
#7997 = ORIENTED_EDGE('',*,*,#7790,.T.);
#7998 = ORIENTED_EDGE('',*,*,#7760,.F.);
#7999 = PLANE('',#8000);
#8000 = AXIS2_PLACEMENT_3D('',#8001,#8002,#8003);
#8001 = CARTESIAN_POINT('',(0.5,-0.4,0.));
#8002 = DIRECTION('',(1.,0.,0.));
#8003 = DIRECTION('',(0.,0.,1.));
#8004 = ADVANCED_FACE('',(#8005),#8030,.F.);
#8005 = FACE_BOUND('',#8006,.F.);
#8006 = EDGE_LOOP('',(#8007,#8017,#8023,#8024));
#8007 = ORIENTED_EDGE('',*,*,#8008,.F.);
#8008 = EDGE_CURVE('',#8009,#8011,#8013,.T.);
#8009 = VERTEX_POINT('',#8010);
#8010 = CARTESIAN_POINT('',(0.8,-0.4,3.E-02));
#8011 = VERTEX_POINT('',#8012);
#8012 = CARTESIAN_POINT('',(0.8,-0.4,0.77));
#8013 = LINE('',#8014,#8015);
#8014 = CARTESIAN_POINT('',(0.8,-0.4,0.));
#8015 = VECTOR('',#8016,1.);
#8016 = DIRECTION('',(0.,0.,1.));
#8017 = ORIENTED_EDGE('',*,*,#8018,.F.);
#8018 = EDGE_CURVE('',#7923,#8009,#8019,.T.);
#8019 = LINE('',#8020,#8021);
#8020 = CARTESIAN_POINT('',(0.5,-0.4,3.E-02));
#8021 = VECTOR('',#8022,1.);
#8022 = DIRECTION('',(1.,0.,0.));
#8023 = ORIENTED_EDGE('',*,*,#7922,.T.);
#8024 = ORIENTED_EDGE('',*,*,#8025,.T.);
#8025 = EDGE_CURVE('',#7925,#8011,#8026,.T.);
#8026 = LINE('',#8027,#8028);
#8027 = CARTESIAN_POINT('',(0.5,-0.4,0.77));
#8028 = VECTOR('',#8029,1.);
#8029 = DIRECTION('',(1.,0.,0.));
#8030 = PLANE('',#8031);
#8031 = AXIS2_PLACEMENT_3D('',#8032,#8033,#8034);
#8032 = CARTESIAN_POINT('',(0.5,-0.4,0.));
#8033 = DIRECTION('',(0.,1.,0.));
#8034 = DIRECTION('',(0.,-0.,1.));
#8035 = ADVANCED_FACE('',(#8036),#8055,.T.);
#8036 = FACE_BOUND('',#8037,.T.);
#8037 = EDGE_LOOP('',(#8038,#8039,#8047,#8054));
#8038 = ORIENTED_EDGE('',*,*,#7932,.T.);
#8039 = ORIENTED_EDGE('',*,*,#8040,.T.);
#8040 = EDGE_CURVE('',#7933,#8041,#8043,.T.);
#8041 = VERTEX_POINT('',#8042);
#8042 = CARTESIAN_POINT('',(0.8,-0.37,0.));
#8043 = LINE('',#8044,#8045);
#8044 = CARTESIAN_POINT('',(0.5,-0.37,0.));
#8045 = VECTOR('',#8046,1.);
#8046 = DIRECTION('',(1.,0.,0.));
#8047 = ORIENTED_EDGE('',*,*,#8048,.F.);
#8048 = EDGE_CURVE('',#8009,#8041,#8049,.T.);
#8049 = CIRCLE('',#8050,3.E-02);
#8050 = AXIS2_PLACEMENT_3D('',#8051,#8052,#8053);
#8051 = CARTESIAN_POINT('',(0.8,-0.37,3.E-02));
#8052 = DIRECTION('',(1.,0.,-0.));
#8053 = DIRECTION('',(0.,0.,1.));
#8054 = ORIENTED_EDGE('',*,*,#8018,.F.);
#8055 = CYLINDRICAL_SURFACE('',#8056,3.E-02);
#8056 = AXIS2_PLACEMENT_3D('',#8057,#8058,#8059);
#8057 = CARTESIAN_POINT('',(0.5,-0.37,3.E-02));
#8058 = DIRECTION('',(1.,0.,0.));
#8059 = DIRECTION('',(0.,-1.,0.));
#8060 = ADVANCED_FACE('',(#8061),#8080,.T.);
#8061 = FACE_BOUND('',#8062,.T.);
#8062 = EDGE_LOOP('',(#8063,#8064,#8073,#8079));
#8063 = ORIENTED_EDGE('',*,*,#8025,.T.);
#8064 = ORIENTED_EDGE('',*,*,#8065,.T.);
#8065 = EDGE_CURVE('',#8011,#8066,#8068,.T.);
#8066 = VERTEX_POINT('',#8067);
#8067 = CARTESIAN_POINT('',(0.8,-0.37,0.8));
#8068 = CIRCLE('',#8069,3.E-02);
#8069 = AXIS2_PLACEMENT_3D('',#8070,#8071,#8072);
#8070 = CARTESIAN_POINT('',(0.8,-0.37,0.77));
#8071 = DIRECTION('',(-1.,0.,0.));
#8072 = DIRECTION('',(0.,0.,1.));
#8073 = ORIENTED_EDGE('',*,*,#8074,.F.);
#8074 = EDGE_CURVE('',#7976,#8066,#8075,.T.);
#8075 = LINE('',#8076,#8077);
#8076 = CARTESIAN_POINT('',(0.5,-0.37,0.8));
#8077 = VECTOR('',#8078,1.);
#8078 = DIRECTION('',(1.,0.,0.));
#8079 = ORIENTED_EDGE('',*,*,#7983,.F.);
#8080 = CYLINDRICAL_SURFACE('',#8081,3.E-02);
#8081 = AXIS2_PLACEMENT_3D('',#8082,#8083,#8084);
#8082 = CARTESIAN_POINT('',(0.5,-0.37,0.77));
#8083 = DIRECTION('',(1.,0.,0.));
#8084 = DIRECTION('',(0.,-1.,0.));
#8085 = ADVANCED_FACE('',(#8086),#8104,.F.);
#8086 = FACE_BOUND('',#8087,.F.);
#8087 = EDGE_LOOP('',(#8088,#8089,#8090,#8098));
#8088 = ORIENTED_EDGE('',*,*,#7941,.F.);
#8089 = ORIENTED_EDGE('',*,*,#8040,.T.);
#8090 = ORIENTED_EDGE('',*,*,#8091,.T.);
#8091 = EDGE_CURVE('',#8041,#8092,#8094,.T.);
#8092 = VERTEX_POINT('',#8093);
#8093 = CARTESIAN_POINT('',(0.8,0.37,0.));
#8094 = LINE('',#8095,#8096);
#8095 = CARTESIAN_POINT('',(0.8,-0.4,0.));
#8096 = VECTOR('',#8097,1.);
#8097 = DIRECTION('',(0.,1.,0.));
#8098 = ORIENTED_EDGE('',*,*,#8099,.F.);
#8099 = EDGE_CURVE('',#7942,#8092,#8100,.T.);
#8100 = LINE('',#8101,#8102);
#8101 = CARTESIAN_POINT('',(0.5,0.37,0.));
#8102 = VECTOR('',#8103,1.);
#8103 = DIRECTION('',(1.,0.,0.));
#8104 = PLANE('',#8105);
#8105 = AXIS2_PLACEMENT_3D('',#8106,#8107,#8108);
#8106 = CARTESIAN_POINT('',(0.5,-0.4,0.));
#8107 = DIRECTION('',(0.,0.,1.));
#8108 = DIRECTION('',(1.,0.,-0.));
#8109 = ADVANCED_FACE('',(#8110),#8128,.T.);
#8110 = FACE_BOUND('',#8111,.T.);
#8111 = EDGE_LOOP('',(#8112,#8113,#8114,#8122));
#8112 = ORIENTED_EDGE('',*,*,#7975,.F.);
#8113 = ORIENTED_EDGE('',*,*,#8074,.T.);
#8114 = ORIENTED_EDGE('',*,*,#8115,.T.);
#8115 = EDGE_CURVE('',#8066,#8116,#8118,.T.);
#8116 = VERTEX_POINT('',#8117);
#8117 = CARTESIAN_POINT('',(0.8,0.37,0.8));
#8118 = LINE('',#8119,#8120);
#8119 = CARTESIAN_POINT('',(0.8,-0.4,0.8));
#8120 = VECTOR('',#8121,1.);
#8121 = DIRECTION('',(0.,1.,0.));
#8122 = ORIENTED_EDGE('',*,*,#8123,.F.);
#8123 = EDGE_CURVE('',#7967,#8116,#8124,.T.);
#8124 = LINE('',#8125,#8126);
#8125 = CARTESIAN_POINT('',(0.5,0.37,0.8));
#8126 = VECTOR('',#8127,1.);
#8127 = DIRECTION('',(1.,0.,0.));
#8128 = PLANE('',#8129);
#8129 = AXIS2_PLACEMENT_3D('',#8130,#8131,#8132);
#8130 = CARTESIAN_POINT('',(0.5,-0.4,0.8));
#8131 = DIRECTION('',(0.,0.,1.));
#8132 = DIRECTION('',(1.,0.,-0.));
#8133 = ADVANCED_FACE('',(#8134),#8153,.T.);
#8134 = FACE_BOUND('',#8135,.T.);
#8135 = EDGE_LOOP('',(#8136,#8144,#8151,#8152));
#8136 = ORIENTED_EDGE('',*,*,#8137,.T.);
#8137 = EDGE_CURVE('',#7950,#8138,#8140,.T.);
#8138 = VERTEX_POINT('',#8139);
#8139 = CARTESIAN_POINT('',(0.8,0.4,3.E-02));
#8140 = LINE('',#8141,#8142);
#8141 = CARTESIAN_POINT('',(0.5,0.4,3.E-02));
#8142 = VECTOR('',#8143,1.);
#8143 = DIRECTION('',(1.,0.,0.));
#8144 = ORIENTED_EDGE('',*,*,#8145,.T.);
#8145 = EDGE_CURVE('',#8138,#8092,#8146,.T.);
#8146 = CIRCLE('',#8147,3.E-02);
#8147 = AXIS2_PLACEMENT_3D('',#8148,#8149,#8150);
#8148 = CARTESIAN_POINT('',(0.8,0.37,3.E-02));
#8149 = DIRECTION('',(-1.,0.,0.));
#8150 = DIRECTION('',(0.,0.,1.));
#8151 = ORIENTED_EDGE('',*,*,#8099,.F.);
#8152 = ORIENTED_EDGE('',*,*,#7949,.F.);
#8153 = CYLINDRICAL_SURFACE('',#8154,3.E-02);
#8154 = AXIS2_PLACEMENT_3D('',#8155,#8156,#8157);
#8155 = CARTESIAN_POINT('',(0.5,0.37,3.E-02));
#8156 = DIRECTION('',(1.,0.,0.));
#8157 = DIRECTION('',(-0.,1.,0.));
#8158 = ADVANCED_FACE('',(#8159),#8178,.T.);
#8159 = FACE_BOUND('',#8160,.T.);
#8160 = EDGE_LOOP('',(#8161,#8162,#8163,#8172));
#8161 = ORIENTED_EDGE('',*,*,#7966,.T.);
#8162 = ORIENTED_EDGE('',*,*,#8123,.T.);
#8163 = ORIENTED_EDGE('',*,*,#8164,.F.);
#8164 = EDGE_CURVE('',#8165,#8116,#8167,.T.);
#8165 = VERTEX_POINT('',#8166);
#8166 = CARTESIAN_POINT('',(0.8,0.4,0.77));
#8167 = CIRCLE('',#8168,3.E-02);
#8168 = AXIS2_PLACEMENT_3D('',#8169,#8170,#8171);
#8169 = CARTESIAN_POINT('',(0.8,0.37,0.77));
#8170 = DIRECTION('',(1.,0.,-0.));
#8171 = DIRECTION('',(0.,0.,1.));
#8172 = ORIENTED_EDGE('',*,*,#8173,.F.);
#8173 = EDGE_CURVE('',#7959,#8165,#8174,.T.);
#8174 = LINE('',#8175,#8176);
#8175 = CARTESIAN_POINT('',(0.5,0.4,0.77));
#8176 = VECTOR('',#8177,1.);
#8177 = DIRECTION('',(1.,0.,0.));
#8178 = CYLINDRICAL_SURFACE('',#8179,3.E-02);
#8179 = AXIS2_PLACEMENT_3D('',#8180,#8181,#8182);
#8180 = CARTESIAN_POINT('',(0.5,0.37,0.77));
#8181 = DIRECTION('',(1.,0.,0.));
#8182 = DIRECTION('',(-0.,1.,0.));
#8183 = ADVANCED_FACE('',(#8184),#8195,.T.);
#8184 = FACE_BOUND('',#8185,.T.);
#8185 = EDGE_LOOP('',(#8186,#8192,#8193,#8194));
#8186 = ORIENTED_EDGE('',*,*,#8187,.F.);
#8187 = EDGE_CURVE('',#8138,#8165,#8188,.T.);
#8188 = LINE('',#8189,#8190);
#8189 = CARTESIAN_POINT('',(0.8,0.4,0.));
#8190 = VECTOR('',#8191,1.);
#8191 = DIRECTION('',(0.,0.,1.));
#8192 = ORIENTED_EDGE('',*,*,#8137,.F.);
#8193 = ORIENTED_EDGE('',*,*,#7958,.T.);
#8194 = ORIENTED_EDGE('',*,*,#8173,.T.);
#8195 = PLANE('',#8196);
#8196 = AXIS2_PLACEMENT_3D('',#8197,#8198,#8199);
#8197 = CARTESIAN_POINT('',(0.5,0.4,0.));
#8198 = DIRECTION('',(0.,1.,0.));
#8199 = DIRECTION('',(0.,-0.,1.));
#8200 = ADVANCED_FACE('',(#8201),#8211,.T.);
#8201 = FACE_BOUND('',#8202,.T.);
#8202 = EDGE_LOOP('',(#8203,#8204,#8205,#8206,#8207,#8208,#8209,#8210));
#8203 = ORIENTED_EDGE('',*,*,#8008,.F.);
#8204 = ORIENTED_EDGE('',*,*,#8048,.T.);
#8205 = ORIENTED_EDGE('',*,*,#8091,.T.);
#8206 = ORIENTED_EDGE('',*,*,#8145,.F.);
#8207 = ORIENTED_EDGE('',*,*,#8187,.T.);
#8208 = ORIENTED_EDGE('',*,*,#8164,.T.);
#8209 = ORIENTED_EDGE('',*,*,#8115,.F.);
#8210 = ORIENTED_EDGE('',*,*,#8065,.F.);
#8211 = PLANE('',#8212);
#8212 = AXIS2_PLACEMENT_3D('',#8213,#8214,#8215);
#8213 = CARTESIAN_POINT('',(0.8,-0.4,0.));
#8214 = DIRECTION('',(1.,0.,0.));
#8215 = DIRECTION('',(0.,0.,1.));
#8216 = ( GEOMETRIC_REPRESENTATION_CONTEXT(3) 
GLOBAL_UNCERTAINTY_ASSIGNED_CONTEXT((#8220)) 
GLOBAL_UNIT_ASSIGNED_CONTEXT((#8217,#8218,#8219)) REPRESENTATION_CONTEXT
('Context #1','3D Context with UNIT and UNCERTAINTY') );
#8217 = ( LENGTH_UNIT() NAMED_UNIT(*) SI_UNIT(.MILLI.,.METRE.) );
#8218 = ( NAMED_UNIT(*) PLANE_ANGLE_UNIT() SI_UNIT($,.RADIAN.) );
#8219 = ( NAMED_UNIT(*) SI_UNIT($,.STERADIAN.) SOLID_ANGLE_UNIT() );
#8220 = UNCERTAINTY_MEASURE_WITH_UNIT(LENGTH_MEASURE(1.E-07),#8217,
  'distance_accuracy_value','confusion accuracy');
#8221 = CONTEXT_DEPENDENT_SHAPE_REPRESENTATION(#8222,#8224);
#8222 = ( REPRESENTATION_RELATIONSHIP('','',#7361,#10) 
REPRESENTATION_RELATIONSHIP_WITH_TRANSFORMATION(#8223) 
SHAPE_REPRESENTATION_RELATIONSHIP() );
#8223 = ITEM_DEFINED_TRANSFORMATION('','',#11,#27);
#8224 = PRODUCT_DEFINITION_SHAPE('Placement','Placement of an item',
  #8225);
#8225 = NEXT_ASSEMBLY_USAGE_OCCURRENCE('8','C1','',#5,#7356,$);
#8226 = PRODUCT_RELATED_PRODUCT_CATEGORY('part',$,(#7358));
#8227 = SHAPE_DEFINITION_REPRESENTATION(#8228,#8234);
#8228 = PRODUCT_DEFINITION_SHAPE('','',#8229);
#8229 = PRODUCT_DEFINITION('design','',#8230,#8233);
#8230 = PRODUCT_DEFINITION_FORMATION('','',#8231);
#8231 = PRODUCT('LED_0603_1608Metric','LED_0603_1608Metric','',(#8232));
#8232 = PRODUCT_CONTEXT('',#2,'mechanical');
#8233 = PRODUCT_DEFINITION_CONTEXT('part definition',#2,'design');
#8234 = ADVANCED_BREP_SHAPE_REPRESENTATION('',(#11,#8235),#9758);
#8235 = MANIFOLD_SOLID_BREP('',#8236);
#8236 = CLOSED_SHELL('',(#8237,#8277,#8324,#8403,#8427,#8467,#8498,#8515
    ,#8548,#8572,#8639,#8760,#8827,#8851,#8882,#8915,#8971,#8995,#9019,
    #9043,#9076,#9088,#9151,#9176,#9193,#9217,#9235,#9253,#9271,#9288,
    #9305,#9336,#9361,#9386,#9410,#9427,#9458,#9482,#9499,#9527,#9552,
    #9576,#9601,#9648,#9665,#9677,#9699,#9711,#9729,#9747));
#8237 = ADVANCED_FACE('',(#8238),#8272,.F.);
#8238 = FACE_BOUND('',#8239,.F.);
#8239 = EDGE_LOOP('',(#8240,#8250,#8258,#8266));
#8240 = ORIENTED_EDGE('',*,*,#8241,.T.);
#8241 = EDGE_CURVE('',#8242,#8244,#8246,.T.);
#8242 = VERTEX_POINT('',#8243);
#8243 = CARTESIAN_POINT('',(-0.5,-0.4,0.47));
#8244 = VERTEX_POINT('',#8245);
#8245 = CARTESIAN_POINT('',(-0.45,-0.4,1.1));
#8246 = LINE('',#8247,#8248);
#8247 = CARTESIAN_POINT('',(-0.5,-0.4,0.47));
#8248 = VECTOR('',#8249,1.);
#8249 = DIRECTION('',(7.911630099815E-02,0.,0.996865392576));
#8250 = ORIENTED_EDGE('',*,*,#8251,.T.);
#8251 = EDGE_CURVE('',#8244,#8252,#8254,.T.);
#8252 = VERTEX_POINT('',#8253);
#8253 = CARTESIAN_POINT('',(0.45,-0.4,1.1));
#8254 = LINE('',#8255,#8256);
#8255 = CARTESIAN_POINT('',(-0.45,-0.4,1.1));
#8256 = VECTOR('',#8257,1.);
#8257 = DIRECTION('',(1.,0.,0.));
#8258 = ORIENTED_EDGE('',*,*,#8259,.T.);
#8259 = EDGE_CURVE('',#8252,#8260,#8262,.T.);
#8260 = VERTEX_POINT('',#8261);
#8261 = CARTESIAN_POINT('',(0.5,-0.4,0.47));
#8262 = LINE('',#8263,#8264);
#8263 = CARTESIAN_POINT('',(0.45,-0.4,1.1));
#8264 = VECTOR('',#8265,1.);
#8265 = DIRECTION('',(7.911630099815E-02,0.,-0.996865392576));
#8266 = ORIENTED_EDGE('',*,*,#8267,.T.);
#8267 = EDGE_CURVE('',#8260,#8242,#8268,.T.);
#8268 = LINE('',#8269,#8270);
#8269 = CARTESIAN_POINT('',(0.5,-0.4,0.47));
#8270 = VECTOR('',#8271,1.);
#8271 = DIRECTION('',(-1.,0.,0.));
#8272 = PLANE('',#8273);
#8273 = AXIS2_PLACEMENT_3D('',#8274,#8275,#8276);
#8274 = CARTESIAN_POINT('',(-8.772411109409E-18,-0.4,0.775044128294));
#8275 = DIRECTION('',(0.,1.,0.));
#8276 = DIRECTION('',(0.,-0.,1.));
#8277 = ADVANCED_FACE('',(#8278),#8319,.T.);
#8278 = FACE_BOUND('',#8279,.T.);
#8279 = EDGE_LOOP('',(#8280,#8290,#8298,#8304,#8305,#8313));
#8280 = ORIENTED_EDGE('',*,*,#8281,.T.);
#8281 = EDGE_CURVE('',#8282,#8284,#8286,.T.);
#8282 = VERTEX_POINT('',#8283);
#8283 = CARTESIAN_POINT('',(-0.5,0.4,0.47));
#8284 = VERTEX_POINT('',#8285);
#8285 = CARTESIAN_POINT('',(-0.5,0.3,0.47));
#8286 = LINE('',#8287,#8288);
#8287 = CARTESIAN_POINT('',(-0.5,0.4,0.47));
#8288 = VECTOR('',#8289,1.);
#8289 = DIRECTION('',(0.,-1.,0.));
#8290 = ORIENTED_EDGE('',*,*,#8291,.F.);
#8291 = EDGE_CURVE('',#8292,#8284,#8294,.T.);
#8292 = VERTEX_POINT('',#8293);
#8293 = CARTESIAN_POINT('',(-0.5,-0.3,0.47));
#8294 = LINE('',#8295,#8296);
#8295 = CARTESIAN_POINT('',(-0.5,-0.4,0.47));
#8296 = VECTOR('',#8297,1.);
#8297 = DIRECTION('',(0.,1.,0.));
#8298 = ORIENTED_EDGE('',*,*,#8299,.T.);
#8299 = EDGE_CURVE('',#8292,#8242,#8300,.T.);
#8300 = LINE('',#8301,#8302);
#8301 = CARTESIAN_POINT('',(-0.5,0.4,0.47));
#8302 = VECTOR('',#8303,1.);
#8303 = DIRECTION('',(0.,-1.,0.));
#8304 = ORIENTED_EDGE('',*,*,#8241,.T.);
#8305 = ORIENTED_EDGE('',*,*,#8306,.F.);
#8306 = EDGE_CURVE('',#8307,#8244,#8309,.T.);
#8307 = VERTEX_POINT('',#8308);
#8308 = CARTESIAN_POINT('',(-0.45,0.4,1.1));
#8309 = LINE('',#8310,#8311);
#8310 = CARTESIAN_POINT('',(-0.45,0.4,1.1));
#8311 = VECTOR('',#8312,1.);
#8312 = DIRECTION('',(0.,-1.,0.));
#8313 = ORIENTED_EDGE('',*,*,#8314,.F.);
#8314 = EDGE_CURVE('',#8282,#8307,#8315,.T.);
#8315 = LINE('',#8316,#8317);
#8316 = CARTESIAN_POINT('',(-0.5,0.4,0.47));
#8317 = VECTOR('',#8318,1.);
#8318 = DIRECTION('',(7.911630099815E-02,0.,0.996865392576));
#8319 = PLANE('',#8320);
#8320 = AXIS2_PLACEMENT_3D('',#8321,#8322,#8323);
#8321 = CARTESIAN_POINT('',(-0.5,0.4,0.47));
#8322 = DIRECTION('',(-0.996865392576,0.,7.911630099815E-02));
#8323 = DIRECTION('',(7.911630099815E-02,0.,0.996865392576));
#8324 = ADVANCED_FACE('',(#8325),#8398,.F.);
#8325 = FACE_BOUND('',#8326,.F.);
#8326 = EDGE_LOOP('',(#8327,#8337,#8345,#8353,#8359,#8360,#8368,#8376,
    #8384,#8392));
#8327 = ORIENTED_EDGE('',*,*,#8328,.F.);
#8328 = EDGE_CURVE('',#8329,#8331,#8333,.T.);
#8329 = VERTEX_POINT('',#8330);
#8330 = CARTESIAN_POINT('',(-0.77,-0.4,3.E-02));
#8331 = VERTEX_POINT('',#8332);
#8332 = CARTESIAN_POINT('',(-0.725,-0.4,3.E-02));
#8333 = LINE('',#8334,#8335);
#8334 = CARTESIAN_POINT('',(-0.77,-0.4,3.E-02));
#8335 = VECTOR('',#8336,1.);
#8336 = DIRECTION('',(1.,0.,0.));
#8337 = ORIENTED_EDGE('',*,*,#8338,.T.);
#8338 = EDGE_CURVE('',#8329,#8339,#8341,.T.);
#8339 = VERTEX_POINT('',#8340);
#8340 = CARTESIAN_POINT('',(-0.77,-0.4,0.47));
#8341 = LINE('',#8342,#8343);
#8342 = CARTESIAN_POINT('',(-0.77,-0.4,3.E-02));
#8343 = VECTOR('',#8344,1.);
#8344 = DIRECTION('',(0.,0.,1.));
#8345 = ORIENTED_EDGE('',*,*,#8346,.T.);
#8346 = EDGE_CURVE('',#8339,#8347,#8349,.T.);
#8347 = VERTEX_POINT('',#8348);
#8348 = CARTESIAN_POINT('',(-0.725,-0.4,0.47));
#8349 = LINE('',#8350,#8351);
#8350 = CARTESIAN_POINT('',(-0.77,-0.4,0.47));
#8351 = VECTOR('',#8352,1.);
#8352 = DIRECTION('',(1.,0.,0.));
#8353 = ORIENTED_EDGE('',*,*,#8354,.T.);
#8354 = EDGE_CURVE('',#8347,#8242,#8355,.T.);
#8355 = LINE('',#8356,#8357);
#8356 = CARTESIAN_POINT('',(-0.77,-0.4,0.47));
#8357 = VECTOR('',#8358,1.);
#8358 = DIRECTION('',(1.,0.,0.));
#8359 = ORIENTED_EDGE('',*,*,#8267,.F.);
#8360 = ORIENTED_EDGE('',*,*,#8361,.T.);
#8361 = EDGE_CURVE('',#8260,#8362,#8364,.T.);
#8362 = VERTEX_POINT('',#8363);
#8363 = CARTESIAN_POINT('',(0.725,-0.4,0.47));
#8364 = LINE('',#8365,#8366);
#8365 = CARTESIAN_POINT('',(-0.77,-0.4,0.47));
#8366 = VECTOR('',#8367,1.);
#8367 = DIRECTION('',(1.,0.,0.));
#8368 = ORIENTED_EDGE('',*,*,#8369,.T.);
#8369 = EDGE_CURVE('',#8362,#8370,#8372,.T.);
#8370 = VERTEX_POINT('',#8371);
#8371 = CARTESIAN_POINT('',(0.77,-0.4,0.47));
#8372 = LINE('',#8373,#8374);
#8373 = CARTESIAN_POINT('',(-0.77,-0.4,0.47));
#8374 = VECTOR('',#8375,1.);
#8375 = DIRECTION('',(1.,0.,0.));
#8376 = ORIENTED_EDGE('',*,*,#8377,.F.);
#8377 = EDGE_CURVE('',#8378,#8370,#8380,.T.);
#8378 = VERTEX_POINT('',#8379);
#8379 = CARTESIAN_POINT('',(0.77,-0.4,3.E-02));
#8380 = LINE('',#8381,#8382);
#8381 = CARTESIAN_POINT('',(0.77,-0.4,3.E-02));
#8382 = VECTOR('',#8383,1.);
#8383 = DIRECTION('',(0.,0.,1.));
#8384 = ORIENTED_EDGE('',*,*,#8385,.F.);
#8385 = EDGE_CURVE('',#8386,#8378,#8388,.T.);
#8386 = VERTEX_POINT('',#8387);
#8387 = CARTESIAN_POINT('',(0.725,-0.4,3.E-02));
#8388 = LINE('',#8389,#8390);
#8389 = CARTESIAN_POINT('',(-0.77,-0.4,3.E-02));
#8390 = VECTOR('',#8391,1.);
#8391 = DIRECTION('',(1.,0.,0.));
#8392 = ORIENTED_EDGE('',*,*,#8393,.F.);
#8393 = EDGE_CURVE('',#8331,#8386,#8394,.T.);
#8394 = LINE('',#8395,#8396);
#8395 = CARTESIAN_POINT('',(-0.77,-0.4,3.E-02));
#8396 = VECTOR('',#8397,1.);
#8397 = DIRECTION('',(1.,0.,0.));
#8398 = PLANE('',#8399);
#8399 = AXIS2_PLACEMENT_3D('',#8400,#8401,#8402);
#8400 = CARTESIAN_POINT('',(-0.77,-0.4,3.E-02));
#8401 = DIRECTION('',(0.,1.,0.));
#8402 = DIRECTION('',(0.,-0.,1.));
#8403 = ADVANCED_FACE('',(#8404),#8422,.T.);
#8404 = FACE_BOUND('',#8405,.T.);
#8405 = EDGE_LOOP('',(#8406,#8407,#8408,#8416));
#8406 = ORIENTED_EDGE('',*,*,#8306,.T.);
#8407 = ORIENTED_EDGE('',*,*,#8251,.T.);
#8408 = ORIENTED_EDGE('',*,*,#8409,.F.);
#8409 = EDGE_CURVE('',#8410,#8252,#8412,.T.);
#8410 = VERTEX_POINT('',#8411);
#8411 = CARTESIAN_POINT('',(0.45,0.4,1.1));
#8412 = LINE('',#8413,#8414);
#8413 = CARTESIAN_POINT('',(0.45,0.4,1.1));
#8414 = VECTOR('',#8415,1.);
#8415 = DIRECTION('',(0.,-1.,0.));
#8416 = ORIENTED_EDGE('',*,*,#8417,.F.);
#8417 = EDGE_CURVE('',#8307,#8410,#8418,.T.);
#8418 = LINE('',#8419,#8420);
#8419 = CARTESIAN_POINT('',(-0.45,0.4,1.1));
#8420 = VECTOR('',#8421,1.);
#8421 = DIRECTION('',(1.,0.,0.));
#8422 = PLANE('',#8423);
#8423 = AXIS2_PLACEMENT_3D('',#8424,#8425,#8426);
#8424 = CARTESIAN_POINT('',(-0.45,0.4,1.1));
#8425 = DIRECTION('',(0.,0.,1.));
#8426 = DIRECTION('',(1.,0.,-0.));
#8427 = ADVANCED_FACE('',(#8428),#8462,.T.);
#8428 = FACE_BOUND('',#8429,.T.);
#8429 = EDGE_LOOP('',(#8430,#8431,#8432,#8440,#8448,#8456));
#8430 = ORIENTED_EDGE('',*,*,#8409,.T.);
#8431 = ORIENTED_EDGE('',*,*,#8259,.T.);
#8432 = ORIENTED_EDGE('',*,*,#8433,.F.);
#8433 = EDGE_CURVE('',#8434,#8260,#8436,.T.);
#8434 = VERTEX_POINT('',#8435);
#8435 = CARTESIAN_POINT('',(0.5,-0.3,0.47));
#8436 = LINE('',#8437,#8438);
#8437 = CARTESIAN_POINT('',(0.5,0.4,0.47));
#8438 = VECTOR('',#8439,1.);
#8439 = DIRECTION('',(0.,-1.,0.));
#8440 = ORIENTED_EDGE('',*,*,#8441,.T.);
#8441 = EDGE_CURVE('',#8434,#8442,#8444,.T.);
#8442 = VERTEX_POINT('',#8443);
#8443 = CARTESIAN_POINT('',(0.5,0.3,0.47));
#8444 = LINE('',#8445,#8446);
#8445 = CARTESIAN_POINT('',(0.5,-0.4,0.47));
#8446 = VECTOR('',#8447,1.);
#8447 = DIRECTION('',(0.,1.,0.));
#8448 = ORIENTED_EDGE('',*,*,#8449,.F.);
#8449 = EDGE_CURVE('',#8450,#8442,#8452,.T.);
#8450 = VERTEX_POINT('',#8451);
#8451 = CARTESIAN_POINT('',(0.5,0.4,0.47));
#8452 = LINE('',#8453,#8454);
#8453 = CARTESIAN_POINT('',(0.5,0.4,0.47));
#8454 = VECTOR('',#8455,1.);
#8455 = DIRECTION('',(0.,-1.,0.));
#8456 = ORIENTED_EDGE('',*,*,#8457,.F.);
#8457 = EDGE_CURVE('',#8410,#8450,#8458,.T.);
#8458 = LINE('',#8459,#8460);
#8459 = CARTESIAN_POINT('',(0.45,0.4,1.1));
#8460 = VECTOR('',#8461,1.);
#8461 = DIRECTION('',(7.911630099815E-02,0.,-0.996865392576));
#8462 = PLANE('',#8463);
#8463 = AXIS2_PLACEMENT_3D('',#8464,#8465,#8466);
#8464 = CARTESIAN_POINT('',(0.45,0.4,1.1));
#8465 = DIRECTION('',(0.996865392576,0.,7.911630099815E-02));
#8466 = DIRECTION('',(7.911630099815E-02,0.,-0.996865392576));
#8467 = ADVANCED_FACE('',(#8468),#8493,.T.);
#8468 = FACE_BOUND('',#8469,.T.);
#8469 = EDGE_LOOP('',(#8470,#8478,#8486,#8492));
#8470 = ORIENTED_EDGE('',*,*,#8471,.F.);
#8471 = EDGE_CURVE('',#8472,#8282,#8474,.T.);
#8472 = VERTEX_POINT('',#8473);
#8473 = CARTESIAN_POINT('',(-0.725,0.4,0.47));
#8474 = LINE('',#8475,#8476);
#8475 = CARTESIAN_POINT('',(-0.77,0.4,0.47));
#8476 = VECTOR('',#8477,1.);
#8477 = DIRECTION('',(1.,0.,0.));
#8478 = ORIENTED_EDGE('',*,*,#8479,.F.);
#8479 = EDGE_CURVE('',#8480,#8472,#8482,.T.);
#8480 = VERTEX_POINT('',#8481);
#8481 = CARTESIAN_POINT('',(-0.725,0.3,0.47));
#8482 = LINE('',#8483,#8484);
#8483 = CARTESIAN_POINT('',(-0.725,5.E-02,0.47));
#8484 = VECTOR('',#8485,1.);
#8485 = DIRECTION('',(0.,1.,0.));
#8486 = ORIENTED_EDGE('',*,*,#8487,.F.);
#8487 = EDGE_CURVE('',#8284,#8480,#8488,.T.);
#8488 = LINE('',#8489,#8490);
#8489 = CARTESIAN_POINT('',(-0.7475,0.3,0.47));
#8490 = VECTOR('',#8491,1.);
#8491 = DIRECTION('',(-1.,0.,0.));
#8492 = ORIENTED_EDGE('',*,*,#8281,.F.);
#8493 = PLANE('',#8494);
#8494 = AXIS2_PLACEMENT_3D('',#8495,#8496,#8497);
#8495 = CARTESIAN_POINT('',(-0.77,-0.4,0.47));
#8496 = DIRECTION('',(0.,0.,1.));
#8497 = DIRECTION('',(1.,0.,-0.));
#8498 = ADVANCED_FACE('',(#8499),#8510,.T.);
#8499 = FACE_BOUND('',#8500,.T.);
#8500 = EDGE_LOOP('',(#8501,#8502,#8503,#8504));
#8501 = ORIENTED_EDGE('',*,*,#8314,.T.);
#8502 = ORIENTED_EDGE('',*,*,#8417,.T.);
#8503 = ORIENTED_EDGE('',*,*,#8457,.T.);
#8504 = ORIENTED_EDGE('',*,*,#8505,.T.);
#8505 = EDGE_CURVE('',#8450,#8282,#8506,.T.);
#8506 = LINE('',#8507,#8508);
#8507 = CARTESIAN_POINT('',(0.5,0.4,0.47));
#8508 = VECTOR('',#8509,1.);
#8509 = DIRECTION('',(-1.,0.,0.));
#8510 = PLANE('',#8511);
#8511 = AXIS2_PLACEMENT_3D('',#8512,#8513,#8514);
#8512 = CARTESIAN_POINT('',(-8.772411109409E-18,0.4,0.775044128294));
#8513 = DIRECTION('',(0.,1.,0.));
#8514 = DIRECTION('',(0.,-0.,1.));
#8515 = ADVANCED_FACE('',(#8516),#8543,.T.);
#8516 = FACE_BOUND('',#8517,.T.);
#8517 = EDGE_LOOP('',(#8518,#8527,#8535,#8542));
#8518 = ORIENTED_EDGE('',*,*,#8519,.F.);
#8519 = EDGE_CURVE('',#8520,#8284,#8522,.T.);
#8520 = VERTEX_POINT('',#8521);
#8521 = CARTESIAN_POINT('',(-0.53,0.3,0.5));
#8522 = CIRCLE('',#8523,3.E-02);
#8523 = AXIS2_PLACEMENT_3D('',#8524,#8525,#8526);
#8524 = CARTESIAN_POINT('',(-0.53,0.3,0.47));
#8525 = DIRECTION('',(-0.,1.,0.));
#8526 = DIRECTION('',(1.,0.,0.));
#8527 = ORIENTED_EDGE('',*,*,#8528,.F.);
#8528 = EDGE_CURVE('',#8529,#8520,#8531,.T.);
#8529 = VERTEX_POINT('',#8530);
#8530 = CARTESIAN_POINT('',(-0.53,-0.3,0.5));
#8531 = LINE('',#8532,#8533);
#8532 = CARTESIAN_POINT('',(-0.53,-0.4,0.5));
#8533 = VECTOR('',#8534,1.);
#8534 = DIRECTION('',(0.,1.,0.));
#8535 = ORIENTED_EDGE('',*,*,#8536,.T.);
#8536 = EDGE_CURVE('',#8529,#8292,#8537,.T.);
#8537 = CIRCLE('',#8538,3.E-02);
#8538 = AXIS2_PLACEMENT_3D('',#8539,#8540,#8541);
#8539 = CARTESIAN_POINT('',(-0.53,-0.3,0.47));
#8540 = DIRECTION('',(-0.,1.,0.));
#8541 = DIRECTION('',(1.,0.,0.));
#8542 = ORIENTED_EDGE('',*,*,#8291,.T.);
#8543 = CYLINDRICAL_SURFACE('',#8544,3.E-02);
#8544 = AXIS2_PLACEMENT_3D('',#8545,#8546,#8547);
#8545 = CARTESIAN_POINT('',(-0.53,-0.4,0.47));
#8546 = DIRECTION('',(0.,1.,0.));
#8547 = DIRECTION('',(1.,0.,0.));
#8548 = ADVANCED_FACE('',(#8549),#8567,.T.);
#8549 = FACE_BOUND('',#8550,.T.);
#8550 = EDGE_LOOP('',(#8551,#8559,#8560,#8561));
#8551 = ORIENTED_EDGE('',*,*,#8552,.F.);
#8552 = EDGE_CURVE('',#8347,#8553,#8555,.T.);
#8553 = VERTEX_POINT('',#8554);
#8554 = CARTESIAN_POINT('',(-0.725,-0.3,0.47));
#8555 = LINE('',#8556,#8557);
#8556 = CARTESIAN_POINT('',(-0.725,-0.35,0.47));
#8557 = VECTOR('',#8558,1.);
#8558 = DIRECTION('',(0.,1.,0.));
#8559 = ORIENTED_EDGE('',*,*,#8354,.T.);
#8560 = ORIENTED_EDGE('',*,*,#8299,.F.);
#8561 = ORIENTED_EDGE('',*,*,#8562,.F.);
#8562 = EDGE_CURVE('',#8553,#8292,#8563,.T.);
#8563 = LINE('',#8564,#8565);
#8564 = CARTESIAN_POINT('',(-2.25E-02,-0.3,0.47));
#8565 = VECTOR('',#8566,1.);
#8566 = DIRECTION('',(1.,0.,0.));
#8567 = PLANE('',#8568);
#8568 = AXIS2_PLACEMENT_3D('',#8569,#8570,#8571);
#8569 = CARTESIAN_POINT('',(-0.77,-0.4,0.47));
#8570 = DIRECTION('',(0.,0.,1.));
#8571 = DIRECTION('',(1.,0.,-0.));
#8572 = ADVANCED_FACE('',(#8573),#8634,.F.);
#8573 = FACE_BOUND('',#8574,.F.);
#8574 = EDGE_LOOP('',(#8575,#8585,#8594,#8602,#8611,#8619,#8625,#8626,
    #8627,#8628));
#8575 = ORIENTED_EDGE('',*,*,#8576,.F.);
#8576 = EDGE_CURVE('',#8577,#8579,#8581,.T.);
#8577 = VERTEX_POINT('',#8578);
#8578 = CARTESIAN_POINT('',(-0.77,-0.4,-3.469446951954E-18));
#8579 = VERTEX_POINT('',#8580);
#8580 = CARTESIAN_POINT('',(-0.725,-0.4,0.));
#8581 = LINE('',#8582,#8583);
#8582 = CARTESIAN_POINT('',(-0.8,-0.4,0.));
#8583 = VECTOR('',#8584,1.);
#8584 = DIRECTION('',(1.,0.,0.));
#8585 = ORIENTED_EDGE('',*,*,#8586,.F.);
#8586 = EDGE_CURVE('',#8587,#8577,#8589,.T.);
#8587 = VERTEX_POINT('',#8588);
#8588 = CARTESIAN_POINT('',(-0.8,-0.4,3.E-02));
#8589 = CIRCLE('',#8590,3.E-02);
#8590 = AXIS2_PLACEMENT_3D('',#8591,#8592,#8593);
#8591 = CARTESIAN_POINT('',(-0.77,-0.4,3.E-02));
#8592 = DIRECTION('',(0.,-1.,0.));
#8593 = DIRECTION('',(0.,0.,1.));
#8594 = ORIENTED_EDGE('',*,*,#8595,.T.);
#8595 = EDGE_CURVE('',#8587,#8596,#8598,.T.);
#8596 = VERTEX_POINT('',#8597);
#8597 = CARTESIAN_POINT('',(-0.8,-0.4,0.47));
#8598 = LINE('',#8599,#8600);
#8599 = CARTESIAN_POINT('',(-0.8,-0.4,0.));
#8600 = VECTOR('',#8601,1.);
#8601 = DIRECTION('',(0.,0.,1.));
#8602 = ORIENTED_EDGE('',*,*,#8603,.T.);
#8603 = EDGE_CURVE('',#8596,#8604,#8606,.T.);
#8604 = VERTEX_POINT('',#8605);
#8605 = CARTESIAN_POINT('',(-0.77,-0.4,0.5));
#8606 = CIRCLE('',#8607,3.E-02);
#8607 = AXIS2_PLACEMENT_3D('',#8608,#8609,#8610);
#8608 = CARTESIAN_POINT('',(-0.77,-0.4,0.47));
#8609 = DIRECTION('',(0.,1.,0.));
#8610 = DIRECTION('',(0.,-0.,1.));
#8611 = ORIENTED_EDGE('',*,*,#8612,.T.);
#8612 = EDGE_CURVE('',#8604,#8613,#8615,.T.);
#8613 = VERTEX_POINT('',#8614);
#8614 = CARTESIAN_POINT('',(-0.725,-0.4,0.5));
#8615 = LINE('',#8616,#8617);
#8616 = CARTESIAN_POINT('',(-0.8,-0.4,0.5));
#8617 = VECTOR('',#8618,1.);
#8618 = DIRECTION('',(1.,0.,0.));
#8619 = ORIENTED_EDGE('',*,*,#8620,.F.);
#8620 = EDGE_CURVE('',#8347,#8613,#8621,.T.);
#8621 = LINE('',#8622,#8623);
#8622 = CARTESIAN_POINT('',(-0.725,-0.4,0.375));
#8623 = VECTOR('',#8624,1.);
#8624 = DIRECTION('',(0.,0.,1.));
#8625 = ORIENTED_EDGE('',*,*,#8346,.F.);
#8626 = ORIENTED_EDGE('',*,*,#8338,.F.);
#8627 = ORIENTED_EDGE('',*,*,#8328,.T.);
#8628 = ORIENTED_EDGE('',*,*,#8629,.F.);
#8629 = EDGE_CURVE('',#8579,#8331,#8630,.T.);
#8630 = LINE('',#8631,#8632);
#8631 = CARTESIAN_POINT('',(-0.725,-0.4,0.375));
#8632 = VECTOR('',#8633,1.);
#8633 = DIRECTION('',(0.,0.,1.));
#8634 = PLANE('',#8635);
#8635 = AXIS2_PLACEMENT_3D('',#8636,#8637,#8638);
#8636 = CARTESIAN_POINT('',(-0.8,-0.4,0.));
#8637 = DIRECTION('',(0.,1.,0.));
#8638 = DIRECTION('',(0.,-0.,1.));
#8639 = ADVANCED_FACE('',(#8640,#8729),#8755,.F.);
#8640 = FACE_BOUND('',#8641,.F.);
#8641 = EDGE_LOOP('',(#8642,#8650,#8651,#8659,#8667,#8675,#8683,#8691,
    #8699,#8707,#8715,#8723));
#8642 = ORIENTED_EDGE('',*,*,#8643,.F.);
#8643 = EDGE_CURVE('',#8331,#8644,#8646,.T.);
#8644 = VERTEX_POINT('',#8645);
#8645 = CARTESIAN_POINT('',(-0.725,-0.3,3.E-02));
#8646 = LINE('',#8647,#8648);
#8647 = CARTESIAN_POINT('',(-0.725,-0.35,3.E-02));
#8648 = VECTOR('',#8649,1.);
#8649 = DIRECTION('',(0.,1.,0.));
#8650 = ORIENTED_EDGE('',*,*,#8393,.T.);
#8651 = ORIENTED_EDGE('',*,*,#8652,.F.);
#8652 = EDGE_CURVE('',#8653,#8386,#8655,.T.);
#8653 = VERTEX_POINT('',#8654);
#8654 = CARTESIAN_POINT('',(0.725,-0.3,3.E-02));
#8655 = LINE('',#8656,#8657);
#8656 = CARTESIAN_POINT('',(0.725,-0.45,3.E-02));
#8657 = VECTOR('',#8658,1.);
#8658 = DIRECTION('',(0.,-1.,0.));
#8659 = ORIENTED_EDGE('',*,*,#8660,.F.);
#8660 = EDGE_CURVE('',#8661,#8653,#8663,.T.);
#8661 = VERTEX_POINT('',#8662);
#8662 = CARTESIAN_POINT('',(0.5,-0.3,3.E-02));
#8663 = LINE('',#8664,#8665);
#8664 = CARTESIAN_POINT('',(-2.25E-02,-0.3,3.E-02));
#8665 = VECTOR('',#8666,1.);
#8666 = DIRECTION('',(1.,0.,0.));
#8667 = ORIENTED_EDGE('',*,*,#8668,.T.);
#8668 = EDGE_CURVE('',#8661,#8669,#8671,.T.);
#8669 = VERTEX_POINT('',#8670);
#8670 = CARTESIAN_POINT('',(0.5,0.3,3.E-02));
#8671 = LINE('',#8672,#8673);
#8672 = CARTESIAN_POINT('',(0.5,-0.4,3.E-02));
#8673 = VECTOR('',#8674,1.);
#8674 = DIRECTION('',(0.,1.,0.));
#8675 = ORIENTED_EDGE('',*,*,#8676,.F.);
#8676 = EDGE_CURVE('',#8677,#8669,#8679,.T.);
#8677 = VERTEX_POINT('',#8678);
#8678 = CARTESIAN_POINT('',(0.725,0.3,3.E-02));
#8679 = LINE('',#8680,#8681);
#8680 = CARTESIAN_POINT('',(-0.7475,0.3,3.E-02));
#8681 = VECTOR('',#8682,1.);
#8682 = DIRECTION('',(-1.,0.,0.));
#8683 = ORIENTED_EDGE('',*,*,#8684,.F.);
#8684 = EDGE_CURVE('',#8685,#8677,#8687,.T.);
#8685 = VERTEX_POINT('',#8686);
#8686 = CARTESIAN_POINT('',(0.725,0.4,3.E-02));
#8687 = LINE('',#8688,#8689);
#8688 = CARTESIAN_POINT('',(0.725,-5.E-02,3.E-02));
#8689 = VECTOR('',#8690,1.);
#8690 = DIRECTION('',(0.,-1.,0.));
#8691 = ORIENTED_EDGE('',*,*,#8692,.F.);
#8692 = EDGE_CURVE('',#8693,#8685,#8695,.T.);
#8693 = VERTEX_POINT('',#8694);
#8694 = CARTESIAN_POINT('',(-0.725,0.4,3.E-02));
#8695 = LINE('',#8696,#8697);
#8696 = CARTESIAN_POINT('',(-0.77,0.4,3.E-02));
#8697 = VECTOR('',#8698,1.);
#8698 = DIRECTION('',(1.,0.,0.));
#8699 = ORIENTED_EDGE('',*,*,#8700,.F.);
#8700 = EDGE_CURVE('',#8701,#8693,#8703,.T.);
#8701 = VERTEX_POINT('',#8702);
#8702 = CARTESIAN_POINT('',(-0.725,0.3,3.E-02));
#8703 = LINE('',#8704,#8705);
#8704 = CARTESIAN_POINT('',(-0.725,5.E-02,3.E-02));
#8705 = VECTOR('',#8706,1.);
#8706 = DIRECTION('',(0.,1.,0.));
#8707 = ORIENTED_EDGE('',*,*,#8708,.F.);
#8708 = EDGE_CURVE('',#8709,#8701,#8711,.T.);
#8709 = VERTEX_POINT('',#8710);
#8710 = CARTESIAN_POINT('',(-0.5,0.3,3.E-02));
#8711 = LINE('',#8712,#8713);
#8712 = CARTESIAN_POINT('',(-0.7475,0.3,3.E-02));
#8713 = VECTOR('',#8714,1.);
#8714 = DIRECTION('',(-1.,0.,0.));
#8715 = ORIENTED_EDGE('',*,*,#8716,.F.);
#8716 = EDGE_CURVE('',#8717,#8709,#8719,.T.);
#8717 = VERTEX_POINT('',#8718);
#8718 = CARTESIAN_POINT('',(-0.5,-0.3,3.E-02));
#8719 = LINE('',#8720,#8721);
#8720 = CARTESIAN_POINT('',(-0.5,-0.4,3.E-02));
#8721 = VECTOR('',#8722,1.);
#8722 = DIRECTION('',(0.,1.,0.));
#8723 = ORIENTED_EDGE('',*,*,#8724,.F.);
#8724 = EDGE_CURVE('',#8644,#8717,#8725,.T.);
#8725 = LINE('',#8726,#8727);
#8726 = CARTESIAN_POINT('',(-2.25E-02,-0.3,3.E-02));
#8727 = VECTOR('',#8728,1.);
#8728 = DIRECTION('',(1.,0.,0.));
#8729 = FACE_BOUND('',#8730,.F.);
#8730 = EDGE_LOOP('',(#8731,#8741,#8749));
#8731 = ORIENTED_EDGE('',*,*,#8732,.T.);
#8732 = EDGE_CURVE('',#8733,#8735,#8737,.T.);
#8733 = VERTEX_POINT('',#8734);
#8734 = CARTESIAN_POINT('',(0.277128129211,0.32,3.E-02));
#8735 = VERTEX_POINT('',#8736);
#8736 = CARTESIAN_POINT('',(0.277128129211,-0.32,3.E-02));
#8737 = LINE('',#8738,#8739);
#8738 = CARTESIAN_POINT('',(0.277128129211,0.32,3.E-02));
#8739 = VECTOR('',#8740,1.);
#8740 = DIRECTION('',(0.,-1.,0.));
#8741 = ORIENTED_EDGE('',*,*,#8742,.T.);
#8742 = EDGE_CURVE('',#8735,#8743,#8745,.T.);
#8743 = VERTEX_POINT('',#8744);
#8744 = CARTESIAN_POINT('',(-0.277128129211,0.,3.E-02));
#8745 = LINE('',#8746,#8747);
#8746 = CARTESIAN_POINT('',(0.277128129211,-0.32,3.E-02));
#8747 = VECTOR('',#8748,1.);
#8748 = DIRECTION('',(-0.866025403784,0.5,0.));
#8749 = ORIENTED_EDGE('',*,*,#8750,.T.);
#8750 = EDGE_CURVE('',#8743,#8733,#8751,.T.);
#8751 = LINE('',#8752,#8753);
#8752 = CARTESIAN_POINT('',(-0.277128129211,0.,3.E-02));
#8753 = VECTOR('',#8754,1.);
#8754 = DIRECTION('',(0.866025403784,0.5,0.));
#8755 = PLANE('',#8756);
#8756 = AXIS2_PLACEMENT_3D('',#8757,#8758,#8759);
#8757 = CARTESIAN_POINT('',(-0.77,-0.4,3.E-02));
#8758 = DIRECTION('',(0.,0.,1.));
#8759 = DIRECTION('',(1.,0.,-0.));
#8760 = ADVANCED_FACE('',(#8761),#8822,.F.);
#8761 = FACE_BOUND('',#8762,.F.);
#8762 = EDGE_LOOP('',(#8763,#8773,#8779,#8780,#8781,#8782,#8790,#8798,
    #8807,#8815));
#8763 = ORIENTED_EDGE('',*,*,#8764,.F.);
#8764 = EDGE_CURVE('',#8765,#8767,#8769,.T.);
#8765 = VERTEX_POINT('',#8766);
#8766 = CARTESIAN_POINT('',(0.725,-0.4,0.));
#8767 = VERTEX_POINT('',#8768);
#8768 = CARTESIAN_POINT('',(0.77,-0.4,-3.469446951954E-18));
#8769 = LINE('',#8770,#8771);
#8770 = CARTESIAN_POINT('',(0.5,-0.4,0.));
#8771 = VECTOR('',#8772,1.);
#8772 = DIRECTION('',(1.,0.,0.));
#8773 = ORIENTED_EDGE('',*,*,#8774,.F.);
#8774 = EDGE_CURVE('',#8386,#8765,#8775,.T.);
#8775 = LINE('',#8776,#8777);
#8776 = CARTESIAN_POINT('',(0.725,-0.4,0.375));
#8777 = VECTOR('',#8778,1.);
#8778 = DIRECTION('',(0.,0.,-1.));
#8779 = ORIENTED_EDGE('',*,*,#8385,.T.);
#8780 = ORIENTED_EDGE('',*,*,#8377,.T.);
#8781 = ORIENTED_EDGE('',*,*,#8369,.F.);
#8782 = ORIENTED_EDGE('',*,*,#8783,.F.);
#8783 = EDGE_CURVE('',#8784,#8362,#8786,.T.);
#8784 = VERTEX_POINT('',#8785);
#8785 = CARTESIAN_POINT('',(0.725,-0.4,0.5));
#8786 = LINE('',#8787,#8788);
#8787 = CARTESIAN_POINT('',(0.725,-0.4,0.375));
#8788 = VECTOR('',#8789,1.);
#8789 = DIRECTION('',(0.,0.,-1.));
#8790 = ORIENTED_EDGE('',*,*,#8791,.T.);
#8791 = EDGE_CURVE('',#8784,#8792,#8794,.T.);
#8792 = VERTEX_POINT('',#8793);
#8793 = CARTESIAN_POINT('',(0.77,-0.4,0.5));
#8794 = LINE('',#8795,#8796);
#8795 = CARTESIAN_POINT('',(0.5,-0.4,0.5));
#8796 = VECTOR('',#8797,1.);
#8797 = DIRECTION('',(1.,0.,0.));
#8798 = ORIENTED_EDGE('',*,*,#8799,.F.);
#8799 = EDGE_CURVE('',#8800,#8792,#8802,.T.);
#8800 = VERTEX_POINT('',#8801);
#8801 = CARTESIAN_POINT('',(0.8,-0.4,0.47));
#8802 = CIRCLE('',#8803,3.E-02);
#8803 = AXIS2_PLACEMENT_3D('',#8804,#8805,#8806);
#8804 = CARTESIAN_POINT('',(0.77,-0.4,0.47));
#8805 = DIRECTION('',(0.,-1.,0.));
#8806 = DIRECTION('',(0.,0.,1.));
#8807 = ORIENTED_EDGE('',*,*,#8808,.F.);
#8808 = EDGE_CURVE('',#8809,#8800,#8811,.T.);
#8809 = VERTEX_POINT('',#8810);
#8810 = CARTESIAN_POINT('',(0.8,-0.4,3.E-02));
#8811 = LINE('',#8812,#8813);
#8812 = CARTESIAN_POINT('',(0.8,-0.4,0.));
#8813 = VECTOR('',#8814,1.);
#8814 = DIRECTION('',(0.,0.,1.));
#8815 = ORIENTED_EDGE('',*,*,#8816,.T.);
#8816 = EDGE_CURVE('',#8809,#8767,#8817,.T.);
#8817 = CIRCLE('',#8818,3.E-02);
#8818 = AXIS2_PLACEMENT_3D('',#8819,#8820,#8821);
#8819 = CARTESIAN_POINT('',(0.77,-0.4,3.E-02));
#8820 = DIRECTION('',(0.,1.,0.));
#8821 = DIRECTION('',(0.,-0.,1.));
#8822 = PLANE('',#8823);
#8823 = AXIS2_PLACEMENT_3D('',#8824,#8825,#8826);
#8824 = CARTESIAN_POINT('',(0.5,-0.4,0.));
#8825 = DIRECTION('',(0.,1.,0.));
#8826 = DIRECTION('',(0.,-0.,1.));
#8827 = ADVANCED_FACE('',(#8828),#8846,.T.);
#8828 = FACE_BOUND('',#8829,.T.);
#8829 = EDGE_LOOP('',(#8830,#8838,#8839,#8840));
#8830 = ORIENTED_EDGE('',*,*,#8831,.F.);
#8831 = EDGE_CURVE('',#8434,#8832,#8834,.T.);
#8832 = VERTEX_POINT('',#8833);
#8833 = CARTESIAN_POINT('',(0.725,-0.3,0.47));
#8834 = LINE('',#8835,#8836);
#8835 = CARTESIAN_POINT('',(-2.25E-02,-0.3,0.47));
#8836 = VECTOR('',#8837,1.);
#8837 = DIRECTION('',(1.,0.,0.));
#8838 = ORIENTED_EDGE('',*,*,#8433,.T.);
#8839 = ORIENTED_EDGE('',*,*,#8361,.T.);
#8840 = ORIENTED_EDGE('',*,*,#8841,.F.);
#8841 = EDGE_CURVE('',#8832,#8362,#8842,.T.);
#8842 = LINE('',#8843,#8844);
#8843 = CARTESIAN_POINT('',(0.725,-0.45,0.47));
#8844 = VECTOR('',#8845,1.);
#8845 = DIRECTION('',(0.,-1.,0.));
#8846 = PLANE('',#8847);
#8847 = AXIS2_PLACEMENT_3D('',#8848,#8849,#8850);
#8848 = CARTESIAN_POINT('',(-0.77,-0.4,0.47));
#8849 = DIRECTION('',(0.,0.,1.));
#8850 = DIRECTION('',(1.,0.,-0.));
#8851 = ADVANCED_FACE('',(#8852),#8877,.T.);
#8852 = FACE_BOUND('',#8853,.T.);
#8853 = EDGE_LOOP('',(#8854,#8862,#8863,#8871));
#8854 = ORIENTED_EDGE('',*,*,#8855,.F.);
#8855 = EDGE_CURVE('',#8450,#8856,#8858,.T.);
#8856 = VERTEX_POINT('',#8857);
#8857 = CARTESIAN_POINT('',(0.725,0.4,0.47));
#8858 = LINE('',#8859,#8860);
#8859 = CARTESIAN_POINT('',(-0.77,0.4,0.47));
#8860 = VECTOR('',#8861,1.);
#8861 = DIRECTION('',(1.,0.,0.));
#8862 = ORIENTED_EDGE('',*,*,#8449,.T.);
#8863 = ORIENTED_EDGE('',*,*,#8864,.F.);
#8864 = EDGE_CURVE('',#8865,#8442,#8867,.T.);
#8865 = VERTEX_POINT('',#8866);
#8866 = CARTESIAN_POINT('',(0.725,0.3,0.47));
#8867 = LINE('',#8868,#8869);
#8868 = CARTESIAN_POINT('',(-0.7475,0.3,0.47));
#8869 = VECTOR('',#8870,1.);
#8870 = DIRECTION('',(-1.,0.,0.));
#8871 = ORIENTED_EDGE('',*,*,#8872,.F.);
#8872 = EDGE_CURVE('',#8856,#8865,#8873,.T.);
#8873 = LINE('',#8874,#8875);
#8874 = CARTESIAN_POINT('',(0.725,-5.E-02,0.47));
#8875 = VECTOR('',#8876,1.);
#8876 = DIRECTION('',(0.,-1.,0.));
#8877 = PLANE('',#8878);
#8878 = AXIS2_PLACEMENT_3D('',#8879,#8880,#8881);
#8879 = CARTESIAN_POINT('',(-0.77,-0.4,0.47));
#8880 = DIRECTION('',(0.,0.,1.));
#8881 = DIRECTION('',(1.,0.,-0.));
#8882 = ADVANCED_FACE('',(#8883),#8910,.T.);
#8883 = FACE_BOUND('',#8884,.T.);
#8884 = EDGE_LOOP('',(#8885,#8886,#8895,#8903));
#8885 = ORIENTED_EDGE('',*,*,#8441,.F.);
#8886 = ORIENTED_EDGE('',*,*,#8887,.T.);
#8887 = EDGE_CURVE('',#8434,#8888,#8890,.T.);
#8888 = VERTEX_POINT('',#8889);
#8889 = CARTESIAN_POINT('',(0.53,-0.3,0.5));
#8890 = CIRCLE('',#8891,3.E-02);
#8891 = AXIS2_PLACEMENT_3D('',#8892,#8893,#8894);
#8892 = CARTESIAN_POINT('',(0.53,-0.3,0.47));
#8893 = DIRECTION('',(0.,1.,-0.));
#8894 = DIRECTION('',(-1.,0.,0.));
#8895 = ORIENTED_EDGE('',*,*,#8896,.T.);
#8896 = EDGE_CURVE('',#8888,#8897,#8899,.T.);
#8897 = VERTEX_POINT('',#8898);
#8898 = CARTESIAN_POINT('',(0.53,0.3,0.5));
#8899 = LINE('',#8900,#8901);
#8900 = CARTESIAN_POINT('',(0.53,-0.4,0.5));
#8901 = VECTOR('',#8902,1.);
#8902 = DIRECTION('',(0.,1.,0.));
#8903 = ORIENTED_EDGE('',*,*,#8904,.F.);
#8904 = EDGE_CURVE('',#8442,#8897,#8905,.T.);
#8905 = CIRCLE('',#8906,3.E-02);
#8906 = AXIS2_PLACEMENT_3D('',#8907,#8908,#8909);
#8907 = CARTESIAN_POINT('',(0.53,0.3,0.47));
#8908 = DIRECTION('',(0.,1.,-0.));
#8909 = DIRECTION('',(-1.,0.,0.));
#8910 = CYLINDRICAL_SURFACE('',#8911,3.E-02);
#8911 = AXIS2_PLACEMENT_3D('',#8912,#8913,#8914);
#8912 = CARTESIAN_POINT('',(0.53,-0.4,0.47));
#8913 = DIRECTION('',(0.,1.,0.));
#8914 = DIRECTION('',(-1.,0.,0.));
#8915 = ADVANCED_FACE('',(#8916),#8966,.T.);
#8916 = FACE_BOUND('',#8917,.T.);
#8917 = EDGE_LOOP('',(#8918,#8926,#8934,#8940,#8941,#8942,#8943,#8951,
    #8959,#8965));
#8918 = ORIENTED_EDGE('',*,*,#8919,.F.);
#8919 = EDGE_CURVE('',#8920,#8693,#8922,.T.);
#8920 = VERTEX_POINT('',#8921);
#8921 = CARTESIAN_POINT('',(-0.77,0.4,3.E-02));
#8922 = LINE('',#8923,#8924);
#8923 = CARTESIAN_POINT('',(-0.77,0.4,3.E-02));
#8924 = VECTOR('',#8925,1.);
#8925 = DIRECTION('',(1.,0.,0.));
#8926 = ORIENTED_EDGE('',*,*,#8927,.T.);
#8927 = EDGE_CURVE('',#8920,#8928,#8930,.T.);
#8928 = VERTEX_POINT('',#8929);
#8929 = CARTESIAN_POINT('',(-0.77,0.4,0.47));
#8930 = LINE('',#8931,#8932);
#8931 = CARTESIAN_POINT('',(-0.77,0.4,3.E-02));
#8932 = VECTOR('',#8933,1.);
#8933 = DIRECTION('',(0.,0.,1.));
#8934 = ORIENTED_EDGE('',*,*,#8935,.T.);
#8935 = EDGE_CURVE('',#8928,#8472,#8936,.T.);
#8936 = LINE('',#8937,#8938);
#8937 = CARTESIAN_POINT('',(-0.77,0.4,0.47));
#8938 = VECTOR('',#8939,1.);
#8939 = DIRECTION('',(1.,0.,0.));
#8940 = ORIENTED_EDGE('',*,*,#8471,.T.);
#8941 = ORIENTED_EDGE('',*,*,#8505,.F.);
#8942 = ORIENTED_EDGE('',*,*,#8855,.T.);
#8943 = ORIENTED_EDGE('',*,*,#8944,.T.);
#8944 = EDGE_CURVE('',#8856,#8945,#8947,.T.);
#8945 = VERTEX_POINT('',#8946);
#8946 = CARTESIAN_POINT('',(0.77,0.4,0.47));
#8947 = LINE('',#8948,#8949);
#8948 = CARTESIAN_POINT('',(-0.77,0.4,0.47));
#8949 = VECTOR('',#8950,1.);
#8950 = DIRECTION('',(1.,0.,0.));
#8951 = ORIENTED_EDGE('',*,*,#8952,.F.);
#8952 = EDGE_CURVE('',#8953,#8945,#8955,.T.);
#8953 = VERTEX_POINT('',#8954);
#8954 = CARTESIAN_POINT('',(0.77,0.4,3.E-02));
#8955 = LINE('',#8956,#8957);
#8956 = CARTESIAN_POINT('',(0.77,0.4,3.E-02));
#8957 = VECTOR('',#8958,1.);
#8958 = DIRECTION('',(0.,0.,1.));
#8959 = ORIENTED_EDGE('',*,*,#8960,.F.);
#8960 = EDGE_CURVE('',#8685,#8953,#8961,.T.);
#8961 = LINE('',#8962,#8963);
#8962 = CARTESIAN_POINT('',(-0.77,0.4,3.E-02));
#8963 = VECTOR('',#8964,1.);
#8964 = DIRECTION('',(1.,0.,0.));
#8965 = ORIENTED_EDGE('',*,*,#8692,.F.);
#8966 = PLANE('',#8967);
#8967 = AXIS2_PLACEMENT_3D('',#8968,#8969,#8970);
#8968 = CARTESIAN_POINT('',(-0.77,0.4,3.E-02));
#8969 = DIRECTION('',(0.,1.,0.));
#8970 = DIRECTION('',(0.,-0.,1.));
#8971 = ADVANCED_FACE('',(#8972),#8990,.F.);
#8972 = FACE_BOUND('',#8973,.F.);
#8973 = EDGE_LOOP('',(#8974,#8982,#8988,#8989));
#8974 = ORIENTED_EDGE('',*,*,#8975,.F.);
#8975 = EDGE_CURVE('',#8976,#8520,#8978,.T.);
#8976 = VERTEX_POINT('',#8977);
#8977 = CARTESIAN_POINT('',(-0.725,0.3,0.5));
#8978 = LINE('',#8979,#8980);
#8979 = CARTESIAN_POINT('',(-0.7625,0.3,0.5));
#8980 = VECTOR('',#8981,1.);
#8981 = DIRECTION('',(1.,0.,0.));
#8982 = ORIENTED_EDGE('',*,*,#8983,.T.);
#8983 = EDGE_CURVE('',#8976,#8480,#8984,.T.);
#8984 = LINE('',#8985,#8986);
#8985 = CARTESIAN_POINT('',(-0.725,0.3,0.75));
#8986 = VECTOR('',#8987,1.);
#8987 = DIRECTION('',(-0.,-0.,-1.));
#8988 = ORIENTED_EDGE('',*,*,#8487,.F.);
#8989 = ORIENTED_EDGE('',*,*,#8519,.F.);
#8990 = PLANE('',#8991);
#8991 = AXIS2_PLACEMENT_3D('',#8992,#8993,#8994);
#8992 = CARTESIAN_POINT('',(-0.725,0.3,0.75));
#8993 = DIRECTION('',(0.,-1.,0.));
#8994 = DIRECTION('',(1.,0.,0.));
#8995 = ADVANCED_FACE('',(#8996),#9014,.F.);
#8996 = FACE_BOUND('',#8997,.F.);
#8997 = EDGE_LOOP('',(#8998,#8999,#9007,#9013));
#8998 = ORIENTED_EDGE('',*,*,#8983,.F.);
#8999 = ORIENTED_EDGE('',*,*,#9000,.F.);
#9000 = EDGE_CURVE('',#9001,#8976,#9003,.T.);
#9001 = VERTEX_POINT('',#9002);
#9002 = CARTESIAN_POINT('',(-0.725,0.4,0.5));
#9003 = LINE('',#9004,#9005);
#9004 = CARTESIAN_POINT('',(-0.725,5.E-02,0.5));
#9005 = VECTOR('',#9006,1.);
#9006 = DIRECTION('',(0.,-1.,0.));
#9007 = ORIENTED_EDGE('',*,*,#9008,.F.);
#9008 = EDGE_CURVE('',#8472,#9001,#9009,.T.);
#9009 = LINE('',#9010,#9011);
#9010 = CARTESIAN_POINT('',(-0.725,0.4,0.375));
#9011 = VECTOR('',#9012,1.);
#9012 = DIRECTION('',(0.,0.,1.));
#9013 = ORIENTED_EDGE('',*,*,#8479,.F.);
#9014 = PLANE('',#9015);
#9015 = AXIS2_PLACEMENT_3D('',#9016,#9017,#9018);
#9016 = CARTESIAN_POINT('',(-0.725,0.5,0.75));
#9017 = DIRECTION('',(-1.,0.,0.));
#9018 = DIRECTION('',(0.,-1.,0.));
#9019 = ADVANCED_FACE('',(#9020),#9038,.F.);
#9020 = FACE_BOUND('',#9021,.F.);
#9021 = EDGE_LOOP('',(#9022,#9030,#9036,#9037));
#9022 = ORIENTED_EDGE('',*,*,#9023,.F.);
#9023 = EDGE_CURVE('',#9024,#8553,#9026,.T.);
#9024 = VERTEX_POINT('',#9025);
#9025 = CARTESIAN_POINT('',(-0.725,-0.3,0.5));
#9026 = LINE('',#9027,#9028);
#9027 = CARTESIAN_POINT('',(-0.725,-0.3,0.75));
#9028 = VECTOR('',#9029,1.);
#9029 = DIRECTION('',(-0.,-0.,-1.));
#9030 = ORIENTED_EDGE('',*,*,#9031,.F.);
#9031 = EDGE_CURVE('',#8529,#9024,#9032,.T.);
#9032 = LINE('',#9033,#9034);
#9033 = CARTESIAN_POINT('',(-3.75E-02,-0.3,0.5));
#9034 = VECTOR('',#9035,1.);
#9035 = DIRECTION('',(-1.,0.,0.));
#9036 = ORIENTED_EDGE('',*,*,#8536,.T.);
#9037 = ORIENTED_EDGE('',*,*,#8562,.F.);
#9038 = PLANE('',#9039);
#9039 = AXIS2_PLACEMENT_3D('',#9040,#9041,#9042);
#9040 = CARTESIAN_POINT('',(0.725,-0.3,0.75));
#9041 = DIRECTION('',(0.,1.,0.));
#9042 = DIRECTION('',(-1.,0.,0.));
#9043 = ADVANCED_FACE('',(#9044),#9071,.T.);
#9044 = FACE_BOUND('',#9045,.T.);
#9045 = EDGE_LOOP('',(#9046,#9054,#9060,#9061,#9067,#9068,#9069,#9070));
#9046 = ORIENTED_EDGE('',*,*,#9047,.F.);
#9047 = EDGE_CURVE('',#9048,#9001,#9050,.T.);
#9048 = VERTEX_POINT('',#9049);
#9049 = CARTESIAN_POINT('',(-0.77,0.4,0.5));
#9050 = LINE('',#9051,#9052);
#9051 = CARTESIAN_POINT('',(-0.8,0.4,0.5));
#9052 = VECTOR('',#9053,1.);
#9053 = DIRECTION('',(1.,0.,0.));
#9054 = ORIENTED_EDGE('',*,*,#9055,.F.);
#9055 = EDGE_CURVE('',#8604,#9048,#9056,.T.);
#9056 = LINE('',#9057,#9058);
#9057 = CARTESIAN_POINT('',(-0.77,-0.4,0.5));
#9058 = VECTOR('',#9059,1.);
#9059 = DIRECTION('',(0.,1.,0.));
#9060 = ORIENTED_EDGE('',*,*,#8612,.T.);
#9061 = ORIENTED_EDGE('',*,*,#9062,.F.);
#9062 = EDGE_CURVE('',#9024,#8613,#9063,.T.);
#9063 = LINE('',#9064,#9065);
#9064 = CARTESIAN_POINT('',(-0.725,-0.35,0.5));
#9065 = VECTOR('',#9066,1.);
#9066 = DIRECTION('',(0.,-1.,0.));
#9067 = ORIENTED_EDGE('',*,*,#9031,.F.);
#9068 = ORIENTED_EDGE('',*,*,#8528,.T.);
#9069 = ORIENTED_EDGE('',*,*,#8975,.F.);
#9070 = ORIENTED_EDGE('',*,*,#9000,.F.);
#9071 = PLANE('',#9072);
#9072 = AXIS2_PLACEMENT_3D('',#9073,#9074,#9075);
#9073 = CARTESIAN_POINT('',(-0.8,-0.4,0.5));
#9074 = DIRECTION('',(0.,0.,1.));
#9075 = DIRECTION('',(1.,0.,-0.));
#9076 = ADVANCED_FACE('',(#9077),#9083,.F.);
#9077 = FACE_BOUND('',#9078,.F.);
#9078 = EDGE_LOOP('',(#9079,#9080,#9081,#9082));
#9079 = ORIENTED_EDGE('',*,*,#9062,.F.);
#9080 = ORIENTED_EDGE('',*,*,#9023,.T.);
#9081 = ORIENTED_EDGE('',*,*,#8552,.F.);
#9082 = ORIENTED_EDGE('',*,*,#8620,.T.);
#9083 = PLANE('',#9084);
#9084 = AXIS2_PLACEMENT_3D('',#9085,#9086,#9087);
#9085 = CARTESIAN_POINT('',(-0.725,-0.3,0.75));
#9086 = DIRECTION('',(-1.,0.,0.));
#9087 = DIRECTION('',(0.,-1.,0.));
#9088 = ADVANCED_FACE('',(#9089),#9146,.F.);
#9089 = FACE_BOUND('',#9090,.F.);
#9090 = EDGE_LOOP('',(#9091,#9101,#9107,#9108,#9116,#9124,#9132,#9140));
#9091 = ORIENTED_EDGE('',*,*,#9092,.F.);
#9092 = EDGE_CURVE('',#9093,#9095,#9097,.T.);
#9093 = VERTEX_POINT('',#9094);
#9094 = CARTESIAN_POINT('',(-0.77,0.4,-3.469446951954E-18));
#9095 = VERTEX_POINT('',#9096);
#9096 = CARTESIAN_POINT('',(-0.725,0.4,0.));
#9097 = LINE('',#9098,#9099);
#9098 = CARTESIAN_POINT('',(-0.8,0.4,0.));
#9099 = VECTOR('',#9100,1.);
#9100 = DIRECTION('',(1.,0.,0.));
#9101 = ORIENTED_EDGE('',*,*,#9102,.F.);
#9102 = EDGE_CURVE('',#8577,#9093,#9103,.T.);
#9103 = LINE('',#9104,#9105);
#9104 = CARTESIAN_POINT('',(-0.77,-0.4,-3.469446951954E-18));
#9105 = VECTOR('',#9106,1.);
#9106 = DIRECTION('',(0.,1.,0.));
#9107 = ORIENTED_EDGE('',*,*,#8576,.T.);
#9108 = ORIENTED_EDGE('',*,*,#9109,.F.);
#9109 = EDGE_CURVE('',#9110,#8579,#9112,.T.);
#9110 = VERTEX_POINT('',#9111);
#9111 = CARTESIAN_POINT('',(-0.725,-0.3,0.));
#9112 = LINE('',#9113,#9114);
#9113 = CARTESIAN_POINT('',(-0.725,-0.35,0.));
#9114 = VECTOR('',#9115,1.);
#9115 = DIRECTION('',(0.,-1.,0.));
#9116 = ORIENTED_EDGE('',*,*,#9117,.F.);
#9117 = EDGE_CURVE('',#9118,#9110,#9120,.T.);
#9118 = VERTEX_POINT('',#9119);
#9119 = CARTESIAN_POINT('',(-0.53,-0.3,-3.469446951954E-18));
#9120 = LINE('',#9121,#9122);
#9121 = CARTESIAN_POINT('',(-3.75E-02,-0.3,0.));
#9122 = VECTOR('',#9123,1.);
#9123 = DIRECTION('',(-1.,0.,0.));
#9124 = ORIENTED_EDGE('',*,*,#9125,.T.);
#9125 = EDGE_CURVE('',#9118,#9126,#9128,.T.);
#9126 = VERTEX_POINT('',#9127);
#9127 = CARTESIAN_POINT('',(-0.53,0.3,-3.469446951954E-18));
#9128 = LINE('',#9129,#9130);
#9129 = CARTESIAN_POINT('',(-0.53,-0.4,-3.469446951954E-18));
#9130 = VECTOR('',#9131,1.);
#9131 = DIRECTION('',(0.,1.,0.));
#9132 = ORIENTED_EDGE('',*,*,#9133,.F.);
#9133 = EDGE_CURVE('',#9134,#9126,#9136,.T.);
#9134 = VERTEX_POINT('',#9135);
#9135 = CARTESIAN_POINT('',(-0.725,0.3,0.));
#9136 = LINE('',#9137,#9138);
#9137 = CARTESIAN_POINT('',(-0.7625,0.3,0.));
#9138 = VECTOR('',#9139,1.);
#9139 = DIRECTION('',(1.,0.,0.));
#9140 = ORIENTED_EDGE('',*,*,#9141,.F.);
#9141 = EDGE_CURVE('',#9095,#9134,#9142,.T.);
#9142 = LINE('',#9143,#9144);
#9143 = CARTESIAN_POINT('',(-0.725,5.E-02,0.));
#9144 = VECTOR('',#9145,1.);
#9145 = DIRECTION('',(0.,-1.,0.));
#9146 = PLANE('',#9147);
#9147 = AXIS2_PLACEMENT_3D('',#9148,#9149,#9150);
#9148 = CARTESIAN_POINT('',(-0.8,-0.4,0.));
#9149 = DIRECTION('',(0.,0.,1.));
#9150 = DIRECTION('',(1.,0.,-0.));
#9151 = ADVANCED_FACE('',(#9152),#9171,.T.);
#9152 = FACE_BOUND('',#9153,.T.);
#9153 = EDGE_LOOP('',(#9154,#9162,#9169,#9170));
#9154 = ORIENTED_EDGE('',*,*,#9155,.T.);
#9155 = EDGE_CURVE('',#8587,#9156,#9158,.T.);
#9156 = VERTEX_POINT('',#9157);
#9157 = CARTESIAN_POINT('',(-0.8,0.4,3.E-02));
#9158 = LINE('',#9159,#9160);
#9159 = CARTESIAN_POINT('',(-0.8,-0.4,3.E-02));
#9160 = VECTOR('',#9161,1.);
#9161 = DIRECTION('',(0.,1.,0.));
#9162 = ORIENTED_EDGE('',*,*,#9163,.T.);
#9163 = EDGE_CURVE('',#9156,#9093,#9164,.T.);
#9164 = CIRCLE('',#9165,3.E-02);
#9165 = AXIS2_PLACEMENT_3D('',#9166,#9167,#9168);
#9166 = CARTESIAN_POINT('',(-0.77,0.4,3.E-02));
#9167 = DIRECTION('',(0.,-1.,0.));
#9168 = DIRECTION('',(0.,0.,1.));
#9169 = ORIENTED_EDGE('',*,*,#9102,.F.);
#9170 = ORIENTED_EDGE('',*,*,#8586,.F.);
#9171 = CYLINDRICAL_SURFACE('',#9172,3.E-02);
#9172 = AXIS2_PLACEMENT_3D('',#9173,#9174,#9175);
#9173 = CARTESIAN_POINT('',(-0.77,-0.4,3.E-02));
#9174 = DIRECTION('',(0.,1.,0.));
#9175 = DIRECTION('',(-1.,0.,0.));
#9176 = ADVANCED_FACE('',(#9177),#9188,.F.);
#9177 = FACE_BOUND('',#9178,.F.);
#9178 = EDGE_LOOP('',(#9179,#9180,#9186,#9187));
#9179 = ORIENTED_EDGE('',*,*,#8643,.T.);
#9180 = ORIENTED_EDGE('',*,*,#9181,.T.);
#9181 = EDGE_CURVE('',#8644,#9110,#9182,.T.);
#9182 = LINE('',#9183,#9184);
#9183 = CARTESIAN_POINT('',(-0.725,-0.3,0.75));
#9184 = VECTOR('',#9185,1.);
#9185 = DIRECTION('',(-0.,-0.,-1.));
#9186 = ORIENTED_EDGE('',*,*,#9109,.T.);
#9187 = ORIENTED_EDGE('',*,*,#8629,.T.);
#9188 = PLANE('',#9189);
#9189 = AXIS2_PLACEMENT_3D('',#9190,#9191,#9192);
#9190 = CARTESIAN_POINT('',(-0.725,-0.3,0.75));
#9191 = DIRECTION('',(-1.,0.,0.));
#9192 = DIRECTION('',(0.,-1.,0.));
#9193 = ADVANCED_FACE('',(#9194),#9212,.F.);
#9194 = FACE_BOUND('',#9195,.F.);
#9195 = EDGE_LOOP('',(#9196,#9197,#9198,#9206));
#9196 = ORIENTED_EDGE('',*,*,#8595,.F.);
#9197 = ORIENTED_EDGE('',*,*,#9155,.T.);
#9198 = ORIENTED_EDGE('',*,*,#9199,.T.);
#9199 = EDGE_CURVE('',#9156,#9200,#9202,.T.);
#9200 = VERTEX_POINT('',#9201);
#9201 = CARTESIAN_POINT('',(-0.8,0.4,0.47));
#9202 = LINE('',#9203,#9204);
#9203 = CARTESIAN_POINT('',(-0.8,0.4,0.));
#9204 = VECTOR('',#9205,1.);
#9205 = DIRECTION('',(0.,0.,1.));
#9206 = ORIENTED_EDGE('',*,*,#9207,.F.);
#9207 = EDGE_CURVE('',#8596,#9200,#9208,.T.);
#9208 = LINE('',#9209,#9210);
#9209 = CARTESIAN_POINT('',(-0.8,-0.4,0.47));
#9210 = VECTOR('',#9211,1.);
#9211 = DIRECTION('',(0.,1.,0.));
#9212 = PLANE('',#9213);
#9213 = AXIS2_PLACEMENT_3D('',#9214,#9215,#9216);
#9214 = CARTESIAN_POINT('',(-0.8,-0.4,0.));
#9215 = DIRECTION('',(1.,0.,0.));
#9216 = DIRECTION('',(0.,0.,1.));
#9217 = ADVANCED_FACE('',(#9218),#9230,.T.);
#9218 = FACE_BOUND('',#9219,.T.);
#9219 = EDGE_LOOP('',(#9220,#9221,#9222,#9229));
#9220 = ORIENTED_EDGE('',*,*,#8603,.T.);
#9221 = ORIENTED_EDGE('',*,*,#9055,.T.);
#9222 = ORIENTED_EDGE('',*,*,#9223,.F.);
#9223 = EDGE_CURVE('',#9200,#9048,#9224,.T.);
#9224 = CIRCLE('',#9225,3.E-02);
#9225 = AXIS2_PLACEMENT_3D('',#9226,#9227,#9228);
#9226 = CARTESIAN_POINT('',(-0.77,0.4,0.47));
#9227 = DIRECTION('',(0.,1.,0.));
#9228 = DIRECTION('',(0.,-0.,1.));
#9229 = ORIENTED_EDGE('',*,*,#9207,.F.);
#9230 = CYLINDRICAL_SURFACE('',#9231,3.E-02);
#9231 = AXIS2_PLACEMENT_3D('',#9232,#9233,#9234);
#9232 = CARTESIAN_POINT('',(-0.77,-0.4,0.47));
#9233 = DIRECTION('',(0.,1.,0.));
#9234 = DIRECTION('',(-1.,0.,0.));
#9235 = ADVANCED_FACE('',(#9236),#9248,.F.);
#9236 = FACE_BOUND('',#9237,.F.);
#9237 = EDGE_LOOP('',(#9238,#9239,#9240,#9247));
#9238 = ORIENTED_EDGE('',*,*,#9181,.F.);
#9239 = ORIENTED_EDGE('',*,*,#8724,.T.);
#9240 = ORIENTED_EDGE('',*,*,#9241,.T.);
#9241 = EDGE_CURVE('',#8717,#9118,#9242,.T.);
#9242 = CIRCLE('',#9243,3.E-02);
#9243 = AXIS2_PLACEMENT_3D('',#9244,#9245,#9246);
#9244 = CARTESIAN_POINT('',(-0.53,-0.3,3.E-02));
#9245 = DIRECTION('',(-0.,1.,0.));
#9246 = DIRECTION('',(1.,0.,0.));
#9247 = ORIENTED_EDGE('',*,*,#9117,.T.);
#9248 = PLANE('',#9249);
#9249 = AXIS2_PLACEMENT_3D('',#9250,#9251,#9252);
#9250 = CARTESIAN_POINT('',(0.725,-0.3,0.75));
#9251 = DIRECTION('',(0.,1.,0.));
#9252 = DIRECTION('',(-1.,0.,0.));
#9253 = ADVANCED_FACE('',(#9254),#9266,.T.);
#9254 = FACE_BOUND('',#9255,.T.);
#9255 = EDGE_LOOP('',(#9256,#9257,#9258,#9259));
#9256 = ORIENTED_EDGE('',*,*,#8716,.F.);
#9257 = ORIENTED_EDGE('',*,*,#9241,.T.);
#9258 = ORIENTED_EDGE('',*,*,#9125,.T.);
#9259 = ORIENTED_EDGE('',*,*,#9260,.F.);
#9260 = EDGE_CURVE('',#8709,#9126,#9261,.T.);
#9261 = CIRCLE('',#9262,3.E-02);
#9262 = AXIS2_PLACEMENT_3D('',#9263,#9264,#9265);
#9263 = CARTESIAN_POINT('',(-0.53,0.3,3.E-02));
#9264 = DIRECTION('',(-0.,1.,0.));
#9265 = DIRECTION('',(1.,0.,0.));
#9266 = CYLINDRICAL_SURFACE('',#9267,3.E-02);
#9267 = AXIS2_PLACEMENT_3D('',#9268,#9269,#9270);
#9268 = CARTESIAN_POINT('',(-0.53,-0.4,3.E-02));
#9269 = DIRECTION('',(0.,1.,0.));
#9270 = DIRECTION('',(1.,0.,0.));
#9271 = ADVANCED_FACE('',(#9272),#9283,.F.);
#9272 = FACE_BOUND('',#9273,.F.);
#9273 = EDGE_LOOP('',(#9274,#9275,#9281,#9282));
#9274 = ORIENTED_EDGE('',*,*,#8708,.T.);
#9275 = ORIENTED_EDGE('',*,*,#9276,.T.);
#9276 = EDGE_CURVE('',#8701,#9134,#9277,.T.);
#9277 = LINE('',#9278,#9279);
#9278 = CARTESIAN_POINT('',(-0.725,0.3,0.75));
#9279 = VECTOR('',#9280,1.);
#9280 = DIRECTION('',(-0.,-0.,-1.));
#9281 = ORIENTED_EDGE('',*,*,#9133,.T.);
#9282 = ORIENTED_EDGE('',*,*,#9260,.F.);
#9283 = PLANE('',#9284);
#9284 = AXIS2_PLACEMENT_3D('',#9285,#9286,#9287);
#9285 = CARTESIAN_POINT('',(-0.725,0.3,0.75));
#9286 = DIRECTION('',(0.,-1.,0.));
#9287 = DIRECTION('',(1.,0.,0.));
#9288 = ADVANCED_FACE('',(#9289),#9300,.F.);
#9289 = FACE_BOUND('',#9290,.F.);
#9290 = EDGE_LOOP('',(#9291,#9292,#9293,#9299));
#9291 = ORIENTED_EDGE('',*,*,#9276,.F.);
#9292 = ORIENTED_EDGE('',*,*,#8700,.T.);
#9293 = ORIENTED_EDGE('',*,*,#9294,.F.);
#9294 = EDGE_CURVE('',#9095,#8693,#9295,.T.);
#9295 = LINE('',#9296,#9297);
#9296 = CARTESIAN_POINT('',(-0.725,0.4,0.375));
#9297 = VECTOR('',#9298,1.);
#9298 = DIRECTION('',(0.,0.,1.));
#9299 = ORIENTED_EDGE('',*,*,#9141,.T.);
#9300 = PLANE('',#9301);
#9301 = AXIS2_PLACEMENT_3D('',#9302,#9303,#9304);
#9302 = CARTESIAN_POINT('',(-0.725,0.5,0.75));
#9303 = DIRECTION('',(-1.,0.,0.));
#9304 = DIRECTION('',(0.,-1.,0.));
#9305 = ADVANCED_FACE('',(#9306),#9331,.F.);
#9306 = FACE_BOUND('',#9307,.F.);
#9307 = EDGE_LOOP('',(#9308,#9309,#9317,#9325));
#9308 = ORIENTED_EDGE('',*,*,#8684,.T.);
#9309 = ORIENTED_EDGE('',*,*,#9310,.T.);
#9310 = EDGE_CURVE('',#8677,#9311,#9313,.T.);
#9311 = VERTEX_POINT('',#9312);
#9312 = CARTESIAN_POINT('',(0.725,0.3,0.));
#9313 = LINE('',#9314,#9315);
#9314 = CARTESIAN_POINT('',(0.725,0.3,0.75));
#9315 = VECTOR('',#9316,1.);
#9316 = DIRECTION('',(-0.,-0.,-1.));
#9317 = ORIENTED_EDGE('',*,*,#9318,.T.);
#9318 = EDGE_CURVE('',#9311,#9319,#9321,.T.);
#9319 = VERTEX_POINT('',#9320);
#9320 = CARTESIAN_POINT('',(0.725,0.4,0.));
#9321 = LINE('',#9322,#9323);
#9322 = CARTESIAN_POINT('',(0.725,-5.E-02,0.));
#9323 = VECTOR('',#9324,1.);
#9324 = DIRECTION('',(0.,1.,0.));
#9325 = ORIENTED_EDGE('',*,*,#9326,.F.);
#9326 = EDGE_CURVE('',#8685,#9319,#9327,.T.);
#9327 = LINE('',#9328,#9329);
#9328 = CARTESIAN_POINT('',(0.725,0.4,0.375));
#9329 = VECTOR('',#9330,1.);
#9330 = DIRECTION('',(0.,0.,-1.));
#9331 = PLANE('',#9332);
#9332 = AXIS2_PLACEMENT_3D('',#9333,#9334,#9335);
#9333 = CARTESIAN_POINT('',(0.725,0.3,0.75));
#9334 = DIRECTION('',(1.,0.,0.));
#9335 = DIRECTION('',(-0.,1.,0.));
#9336 = ADVANCED_FACE('',(#9337),#9356,.F.);
#9337 = FACE_BOUND('',#9338,.F.);
#9338 = EDGE_LOOP('',(#9339,#9340,#9341,#9350));
#9339 = ORIENTED_EDGE('',*,*,#9310,.F.);
#9340 = ORIENTED_EDGE('',*,*,#8676,.T.);
#9341 = ORIENTED_EDGE('',*,*,#9342,.F.);
#9342 = EDGE_CURVE('',#9343,#8669,#9345,.T.);
#9343 = VERTEX_POINT('',#9344);
#9344 = CARTESIAN_POINT('',(0.53,0.3,-3.469446951954E-18));
#9345 = CIRCLE('',#9346,3.E-02);
#9346 = AXIS2_PLACEMENT_3D('',#9347,#9348,#9349);
#9347 = CARTESIAN_POINT('',(0.53,0.3,3.E-02));
#9348 = DIRECTION('',(0.,1.,-0.));
#9349 = DIRECTION('',(-1.,0.,0.));
#9350 = ORIENTED_EDGE('',*,*,#9351,.T.);
#9351 = EDGE_CURVE('',#9343,#9311,#9352,.T.);
#9352 = LINE('',#9353,#9354);
#9353 = CARTESIAN_POINT('',(-0.1125,0.3,0.));
#9354 = VECTOR('',#9355,1.);
#9355 = DIRECTION('',(1.,0.,0.));
#9356 = PLANE('',#9357);
#9357 = AXIS2_PLACEMENT_3D('',#9358,#9359,#9360);
#9358 = CARTESIAN_POINT('',(-0.725,0.3,0.75));
#9359 = DIRECTION('',(0.,-1.,0.));
#9360 = DIRECTION('',(1.,0.,0.));
#9361 = ADVANCED_FACE('',(#9362),#9381,.T.);
#9362 = FACE_BOUND('',#9363,.T.);
#9363 = EDGE_LOOP('',(#9364,#9365,#9373,#9380));
#9364 = ORIENTED_EDGE('',*,*,#9342,.F.);
#9365 = ORIENTED_EDGE('',*,*,#9366,.F.);
#9366 = EDGE_CURVE('',#9367,#9343,#9369,.T.);
#9367 = VERTEX_POINT('',#9368);
#9368 = CARTESIAN_POINT('',(0.53,-0.3,-3.469446951954E-18));
#9369 = LINE('',#9370,#9371);
#9370 = CARTESIAN_POINT('',(0.53,-0.4,-3.469446951954E-18));
#9371 = VECTOR('',#9372,1.);
#9372 = DIRECTION('',(0.,1.,0.));
#9373 = ORIENTED_EDGE('',*,*,#9374,.T.);
#9374 = EDGE_CURVE('',#9367,#8661,#9375,.T.);
#9375 = CIRCLE('',#9376,3.E-02);
#9376 = AXIS2_PLACEMENT_3D('',#9377,#9378,#9379);
#9377 = CARTESIAN_POINT('',(0.53,-0.3,3.E-02));
#9378 = DIRECTION('',(0.,1.,-0.));
#9379 = DIRECTION('',(-1.,0.,0.));
#9380 = ORIENTED_EDGE('',*,*,#8668,.T.);
#9381 = CYLINDRICAL_SURFACE('',#9382,3.E-02);
#9382 = AXIS2_PLACEMENT_3D('',#9383,#9384,#9385);
#9383 = CARTESIAN_POINT('',(0.53,-0.4,3.E-02));
#9384 = DIRECTION('',(0.,1.,0.));
#9385 = DIRECTION('',(-1.,0.,0.));
#9386 = ADVANCED_FACE('',(#9387),#9405,.F.);
#9387 = FACE_BOUND('',#9388,.F.);
#9388 = EDGE_LOOP('',(#9389,#9390,#9398,#9404));
#9389 = ORIENTED_EDGE('',*,*,#8660,.T.);
#9390 = ORIENTED_EDGE('',*,*,#9391,.T.);
#9391 = EDGE_CURVE('',#8653,#9392,#9394,.T.);
#9392 = VERTEX_POINT('',#9393);
#9393 = CARTESIAN_POINT('',(0.725,-0.3,0.));
#9394 = LINE('',#9395,#9396);
#9395 = CARTESIAN_POINT('',(0.725,-0.3,0.75));
#9396 = VECTOR('',#9397,1.);
#9397 = DIRECTION('',(-0.,-0.,-1.));
#9398 = ORIENTED_EDGE('',*,*,#9399,.T.);
#9399 = EDGE_CURVE('',#9392,#9367,#9400,.T.);
#9400 = LINE('',#9401,#9402);
#9401 = CARTESIAN_POINT('',(0.6125,-0.3,0.));
#9402 = VECTOR('',#9403,1.);
#9403 = DIRECTION('',(-1.,0.,0.));
#9404 = ORIENTED_EDGE('',*,*,#9374,.T.);
#9405 = PLANE('',#9406);
#9406 = AXIS2_PLACEMENT_3D('',#9407,#9408,#9409);
#9407 = CARTESIAN_POINT('',(0.725,-0.3,0.75));
#9408 = DIRECTION('',(0.,1.,0.));
#9409 = DIRECTION('',(-1.,0.,0.));
#9410 = ADVANCED_FACE('',(#9411),#9422,.F.);
#9411 = FACE_BOUND('',#9412,.F.);
#9412 = EDGE_LOOP('',(#9413,#9414,#9415,#9416));
#9413 = ORIENTED_EDGE('',*,*,#9391,.F.);
#9414 = ORIENTED_EDGE('',*,*,#8652,.T.);
#9415 = ORIENTED_EDGE('',*,*,#8774,.T.);
#9416 = ORIENTED_EDGE('',*,*,#9417,.T.);
#9417 = EDGE_CURVE('',#8765,#9392,#9418,.T.);
#9418 = LINE('',#9419,#9420);
#9419 = CARTESIAN_POINT('',(0.725,-0.45,0.));
#9420 = VECTOR('',#9421,1.);
#9421 = DIRECTION('',(0.,1.,0.));
#9422 = PLANE('',#9423);
#9423 = AXIS2_PLACEMENT_3D('',#9424,#9425,#9426);
#9424 = CARTESIAN_POINT('',(0.725,-0.5,0.75));
#9425 = DIRECTION('',(1.,0.,0.));
#9426 = DIRECTION('',(-0.,1.,0.));
#9427 = ADVANCED_FACE('',(#9428),#9453,.T.);
#9428 = FACE_BOUND('',#9429,.T.);
#9429 = EDGE_LOOP('',(#9430,#9438,#9439,#9447));
#9430 = ORIENTED_EDGE('',*,*,#9431,.T.);
#9431 = EDGE_CURVE('',#9432,#8733,#9434,.T.);
#9432 = VERTEX_POINT('',#9433);
#9433 = CARTESIAN_POINT('',(0.277128129211,0.32,1.5E-02));
#9434 = LINE('',#9435,#9436);
#9435 = CARTESIAN_POINT('',(0.277128129211,0.32,1.5E-02));
#9436 = VECTOR('',#9437,1.);
#9437 = DIRECTION('',(0.,0.,1.));
#9438 = ORIENTED_EDGE('',*,*,#8732,.T.);
#9439 = ORIENTED_EDGE('',*,*,#9440,.F.);
#9440 = EDGE_CURVE('',#9441,#8735,#9443,.T.);
#9441 = VERTEX_POINT('',#9442);
#9442 = CARTESIAN_POINT('',(0.277128129211,-0.32,1.5E-02));
#9443 = LINE('',#9444,#9445);
#9444 = CARTESIAN_POINT('',(0.277128129211,-0.32,1.5E-02));
#9445 = VECTOR('',#9446,1.);
#9446 = DIRECTION('',(0.,0.,1.));
#9447 = ORIENTED_EDGE('',*,*,#9448,.F.);
#9448 = EDGE_CURVE('',#9432,#9441,#9449,.T.);
#9449 = LINE('',#9450,#9451);
#9450 = CARTESIAN_POINT('',(0.277128129211,0.32,1.5E-02));
#9451 = VECTOR('',#9452,1.);
#9452 = DIRECTION('',(0.,-1.,0.));
#9453 = PLANE('',#9454);
#9454 = AXIS2_PLACEMENT_3D('',#9455,#9456,#9457);
#9455 = CARTESIAN_POINT('',(0.277128129211,0.32,1.5E-02));
#9456 = DIRECTION('',(1.,0.,0.));
#9457 = DIRECTION('',(0.,-1.,0.));
#9458 = ADVANCED_FACE('',(#9459),#9477,.T.);
#9459 = FACE_BOUND('',#9460,.T.);
#9460 = EDGE_LOOP('',(#9461,#9469,#9470,#9471));
#9461 = ORIENTED_EDGE('',*,*,#9462,.T.);
#9462 = EDGE_CURVE('',#9463,#8743,#9465,.T.);
#9463 = VERTEX_POINT('',#9464);
#9464 = CARTESIAN_POINT('',(-0.277128129211,0.,1.5E-02));
#9465 = LINE('',#9466,#9467);
#9466 = CARTESIAN_POINT('',(-0.277128129211,0.,1.5E-02));
#9467 = VECTOR('',#9468,1.);
#9468 = DIRECTION('',(0.,0.,1.));
#9469 = ORIENTED_EDGE('',*,*,#8750,.T.);
#9470 = ORIENTED_EDGE('',*,*,#9431,.F.);
#9471 = ORIENTED_EDGE('',*,*,#9472,.F.);
#9472 = EDGE_CURVE('',#9463,#9432,#9473,.T.);
#9473 = LINE('',#9474,#9475);
#9474 = CARTESIAN_POINT('',(-0.277128129211,0.,1.5E-02));
#9475 = VECTOR('',#9476,1.);
#9476 = DIRECTION('',(0.866025403784,0.5,0.));
#9477 = PLANE('',#9478);
#9478 = AXIS2_PLACEMENT_3D('',#9479,#9480,#9481);
#9479 = CARTESIAN_POINT('',(-0.277128129211,0.,1.5E-02));
#9480 = DIRECTION('',(-0.5,0.866025403784,0.));
#9481 = DIRECTION('',(0.866025403784,0.5,0.));
#9482 = ADVANCED_FACE('',(#9483),#9494,.T.);
#9483 = FACE_BOUND('',#9484,.T.);
#9484 = EDGE_LOOP('',(#9485,#9486,#9487,#9488));
#9485 = ORIENTED_EDGE('',*,*,#9440,.T.);
#9486 = ORIENTED_EDGE('',*,*,#8742,.T.);
#9487 = ORIENTED_EDGE('',*,*,#9462,.F.);
#9488 = ORIENTED_EDGE('',*,*,#9489,.F.);
#9489 = EDGE_CURVE('',#9441,#9463,#9490,.T.);
#9490 = LINE('',#9491,#9492);
#9491 = CARTESIAN_POINT('',(0.277128129211,-0.32,1.5E-02));
#9492 = VECTOR('',#9493,1.);
#9493 = DIRECTION('',(-0.866025403784,0.5,0.));
#9494 = PLANE('',#9495);
#9495 = AXIS2_PLACEMENT_3D('',#9496,#9497,#9498);
#9496 = CARTESIAN_POINT('',(0.277128129211,-0.32,1.5E-02));
#9497 = DIRECTION('',(-0.5,-0.866025403784,0.));
#9498 = DIRECTION('',(-0.866025403784,0.5,0.));
#9499 = ADVANCED_FACE('',(#9500),#9522,.F.);
#9500 = FACE_BOUND('',#9501,.F.);
#9501 = EDGE_LOOP('',(#9502,#9510,#9511,#9512,#9513,#9514,#9515,#9516));
#9502 = ORIENTED_EDGE('',*,*,#9503,.F.);
#9503 = EDGE_CURVE('',#9319,#9504,#9506,.T.);
#9504 = VERTEX_POINT('',#9505);
#9505 = CARTESIAN_POINT('',(0.77,0.4,-3.469446951954E-18));
#9506 = LINE('',#9507,#9508);
#9507 = CARTESIAN_POINT('',(0.5,0.4,0.));
#9508 = VECTOR('',#9509,1.);
#9509 = DIRECTION('',(1.,0.,0.));
#9510 = ORIENTED_EDGE('',*,*,#9318,.F.);
#9511 = ORIENTED_EDGE('',*,*,#9351,.F.);
#9512 = ORIENTED_EDGE('',*,*,#9366,.F.);
#9513 = ORIENTED_EDGE('',*,*,#9399,.F.);
#9514 = ORIENTED_EDGE('',*,*,#9417,.F.);
#9515 = ORIENTED_EDGE('',*,*,#8764,.T.);
#9516 = ORIENTED_EDGE('',*,*,#9517,.T.);
#9517 = EDGE_CURVE('',#8767,#9504,#9518,.T.);
#9518 = LINE('',#9519,#9520);
#9519 = CARTESIAN_POINT('',(0.77,-0.4,-3.469446951954E-18));
#9520 = VECTOR('',#9521,1.);
#9521 = DIRECTION('',(0.,1.,0.));
#9522 = PLANE('',#9523);
#9523 = AXIS2_PLACEMENT_3D('',#9524,#9525,#9526);
#9524 = CARTESIAN_POINT('',(0.5,-0.4,0.));
#9525 = DIRECTION('',(0.,0.,1.));
#9526 = DIRECTION('',(1.,0.,-0.));
#9527 = ADVANCED_FACE('',(#9528),#9547,.T.);
#9528 = FACE_BOUND('',#9529,.T.);
#9529 = EDGE_LOOP('',(#9530,#9531,#9532,#9541));
#9530 = ORIENTED_EDGE('',*,*,#8816,.T.);
#9531 = ORIENTED_EDGE('',*,*,#9517,.T.);
#9532 = ORIENTED_EDGE('',*,*,#9533,.F.);
#9533 = EDGE_CURVE('',#9534,#9504,#9536,.T.);
#9534 = VERTEX_POINT('',#9535);
#9535 = CARTESIAN_POINT('',(0.8,0.4,3.E-02));
#9536 = CIRCLE('',#9537,3.E-02);
#9537 = AXIS2_PLACEMENT_3D('',#9538,#9539,#9540);
#9538 = CARTESIAN_POINT('',(0.77,0.4,3.E-02));
#9539 = DIRECTION('',(0.,1.,0.));
#9540 = DIRECTION('',(0.,-0.,1.));
#9541 = ORIENTED_EDGE('',*,*,#9542,.F.);
#9542 = EDGE_CURVE('',#8809,#9534,#9543,.T.);
#9543 = LINE('',#9544,#9545);
#9544 = CARTESIAN_POINT('',(0.8,-0.4,3.E-02));
#9545 = VECTOR('',#9546,1.);
#9546 = DIRECTION('',(0.,1.,0.));
#9547 = CYLINDRICAL_SURFACE('',#9548,3.E-02);
#9548 = AXIS2_PLACEMENT_3D('',#9549,#9550,#9551);
#9549 = CARTESIAN_POINT('',(0.77,-0.4,3.E-02));
#9550 = DIRECTION('',(0.,1.,0.));
#9551 = DIRECTION('',(1.,0.,0.));
#9552 = ADVANCED_FACE('',(#9553),#9571,.T.);
#9553 = FACE_BOUND('',#9554,.T.);
#9554 = EDGE_LOOP('',(#9555,#9556,#9557,#9565));
#9555 = ORIENTED_EDGE('',*,*,#8808,.F.);
#9556 = ORIENTED_EDGE('',*,*,#9542,.T.);
#9557 = ORIENTED_EDGE('',*,*,#9558,.T.);
#9558 = EDGE_CURVE('',#9534,#9559,#9561,.T.);
#9559 = VERTEX_POINT('',#9560);
#9560 = CARTESIAN_POINT('',(0.8,0.4,0.47));
#9561 = LINE('',#9562,#9563);
#9562 = CARTESIAN_POINT('',(0.8,0.4,0.));
#9563 = VECTOR('',#9564,1.);
#9564 = DIRECTION('',(0.,0.,1.));
#9565 = ORIENTED_EDGE('',*,*,#9566,.F.);
#9566 = EDGE_CURVE('',#8800,#9559,#9567,.T.);
#9567 = LINE('',#9568,#9569);
#9568 = CARTESIAN_POINT('',(0.8,-0.4,0.47));
#9569 = VECTOR('',#9570,1.);
#9570 = DIRECTION('',(0.,1.,0.));
#9571 = PLANE('',#9572);
#9572 = AXIS2_PLACEMENT_3D('',#9573,#9574,#9575);
#9573 = CARTESIAN_POINT('',(0.8,-0.4,0.));
#9574 = DIRECTION('',(1.,0.,0.));
#9575 = DIRECTION('',(0.,0.,1.));
#9576 = ADVANCED_FACE('',(#9577),#9596,.T.);
#9577 = FACE_BOUND('',#9578,.T.);
#9578 = EDGE_LOOP('',(#9579,#9580,#9589,#9595));
#9579 = ORIENTED_EDGE('',*,*,#9566,.T.);
#9580 = ORIENTED_EDGE('',*,*,#9581,.T.);
#9581 = EDGE_CURVE('',#9559,#9582,#9584,.T.);
#9582 = VERTEX_POINT('',#9583);
#9583 = CARTESIAN_POINT('',(0.77,0.4,0.5));
#9584 = CIRCLE('',#9585,3.E-02);
#9585 = AXIS2_PLACEMENT_3D('',#9586,#9587,#9588);
#9586 = CARTESIAN_POINT('',(0.77,0.4,0.47));
#9587 = DIRECTION('',(0.,-1.,0.));
#9588 = DIRECTION('',(0.,0.,1.));
#9589 = ORIENTED_EDGE('',*,*,#9590,.F.);
#9590 = EDGE_CURVE('',#8792,#9582,#9591,.T.);
#9591 = LINE('',#9592,#9593);
#9592 = CARTESIAN_POINT('',(0.77,-0.4,0.5));
#9593 = VECTOR('',#9594,1.);
#9594 = DIRECTION('',(0.,1.,0.));
#9595 = ORIENTED_EDGE('',*,*,#8799,.F.);
#9596 = CYLINDRICAL_SURFACE('',#9597,3.E-02);
#9597 = AXIS2_PLACEMENT_3D('',#9598,#9599,#9600);
#9598 = CARTESIAN_POINT('',(0.77,-0.4,0.47));
#9599 = DIRECTION('',(0.,1.,0.));
#9600 = DIRECTION('',(1.,0.,0.));
#9601 = ADVANCED_FACE('',(#9602),#9643,.T.);
#9602 = FACE_BOUND('',#9603,.T.);
#9603 = EDGE_LOOP('',(#9604,#9612,#9620,#9626,#9627,#9635,#9641,#9642));
#9604 = ORIENTED_EDGE('',*,*,#9605,.F.);
#9605 = EDGE_CURVE('',#9606,#9582,#9608,.T.);
#9606 = VERTEX_POINT('',#9607);
#9607 = CARTESIAN_POINT('',(0.725,0.4,0.5));
#9608 = LINE('',#9609,#9610);
#9609 = CARTESIAN_POINT('',(0.5,0.4,0.5));
#9610 = VECTOR('',#9611,1.);
#9611 = DIRECTION('',(1.,0.,0.));
#9612 = ORIENTED_EDGE('',*,*,#9613,.F.);
#9613 = EDGE_CURVE('',#9614,#9606,#9616,.T.);
#9614 = VERTEX_POINT('',#9615);
#9615 = CARTESIAN_POINT('',(0.725,0.3,0.5));
#9616 = LINE('',#9617,#9618);
#9617 = CARTESIAN_POINT('',(0.725,-5.E-02,0.5));
#9618 = VECTOR('',#9619,1.);
#9619 = DIRECTION('',(0.,1.,0.));
#9620 = ORIENTED_EDGE('',*,*,#9621,.F.);
#9621 = EDGE_CURVE('',#8897,#9614,#9622,.T.);
#9622 = LINE('',#9623,#9624);
#9623 = CARTESIAN_POINT('',(-0.1125,0.3,0.5));
#9624 = VECTOR('',#9625,1.);
#9625 = DIRECTION('',(1.,0.,0.));
#9626 = ORIENTED_EDGE('',*,*,#8896,.F.);
#9627 = ORIENTED_EDGE('',*,*,#9628,.F.);
#9628 = EDGE_CURVE('',#9629,#8888,#9631,.T.);
#9629 = VERTEX_POINT('',#9630);
#9630 = CARTESIAN_POINT('',(0.725,-0.3,0.5));
#9631 = LINE('',#9632,#9633);
#9632 = CARTESIAN_POINT('',(0.6125,-0.3,0.5));
#9633 = VECTOR('',#9634,1.);
#9634 = DIRECTION('',(-1.,0.,0.));
#9635 = ORIENTED_EDGE('',*,*,#9636,.F.);
#9636 = EDGE_CURVE('',#8784,#9629,#9637,.T.);
#9637 = LINE('',#9638,#9639);
#9638 = CARTESIAN_POINT('',(0.725,-0.45,0.5));
#9639 = VECTOR('',#9640,1.);
#9640 = DIRECTION('',(0.,1.,0.));
#9641 = ORIENTED_EDGE('',*,*,#8791,.T.);
#9642 = ORIENTED_EDGE('',*,*,#9590,.T.);
#9643 = PLANE('',#9644);
#9644 = AXIS2_PLACEMENT_3D('',#9645,#9646,#9647);
#9645 = CARTESIAN_POINT('',(0.5,-0.4,0.5));
#9646 = DIRECTION('',(0.,0.,1.));
#9647 = DIRECTION('',(1.,0.,-0.));
#9648 = ADVANCED_FACE('',(#9649),#9660,.F.);
#9649 = FACE_BOUND('',#9650,.F.);
#9650 = EDGE_LOOP('',(#9651,#9657,#9658,#9659));
#9651 = ORIENTED_EDGE('',*,*,#9652,.F.);
#9652 = EDGE_CURVE('',#9629,#8832,#9653,.T.);
#9653 = LINE('',#9654,#9655);
#9654 = CARTESIAN_POINT('',(0.725,-0.3,0.75));
#9655 = VECTOR('',#9656,1.);
#9656 = DIRECTION('',(-0.,-0.,-1.));
#9657 = ORIENTED_EDGE('',*,*,#9636,.F.);
#9658 = ORIENTED_EDGE('',*,*,#8783,.T.);
#9659 = ORIENTED_EDGE('',*,*,#8841,.F.);
#9660 = PLANE('',#9661);
#9661 = AXIS2_PLACEMENT_3D('',#9662,#9663,#9664);
#9662 = CARTESIAN_POINT('',(0.725,-0.5,0.75));
#9663 = DIRECTION('',(1.,0.,0.));
#9664 = DIRECTION('',(-0.,1.,0.));
#9665 = ADVANCED_FACE('',(#9666),#9672,.F.);
#9666 = FACE_BOUND('',#9667,.F.);
#9667 = EDGE_LOOP('',(#9668,#9669,#9670,#9671));
#9668 = ORIENTED_EDGE('',*,*,#9628,.F.);
#9669 = ORIENTED_EDGE('',*,*,#9652,.T.);
#9670 = ORIENTED_EDGE('',*,*,#8831,.F.);
#9671 = ORIENTED_EDGE('',*,*,#8887,.T.);
#9672 = PLANE('',#9673);
#9673 = AXIS2_PLACEMENT_3D('',#9674,#9675,#9676);
#9674 = CARTESIAN_POINT('',(0.725,-0.3,0.75));
#9675 = DIRECTION('',(0.,1.,0.));
#9676 = DIRECTION('',(-1.,0.,0.));
#9677 = ADVANCED_FACE('',(#9678),#9694,.F.);
#9678 = FACE_BOUND('',#9679,.F.);
#9679 = EDGE_LOOP('',(#9680,#9681,#9687,#9688));
#9680 = ORIENTED_EDGE('',*,*,#9613,.F.);
#9681 = ORIENTED_EDGE('',*,*,#9682,.T.);
#9682 = EDGE_CURVE('',#9614,#8865,#9683,.T.);
#9683 = LINE('',#9684,#9685);
#9684 = CARTESIAN_POINT('',(0.725,0.3,0.75));
#9685 = VECTOR('',#9686,1.);
#9686 = DIRECTION('',(-0.,-0.,-1.));
#9687 = ORIENTED_EDGE('',*,*,#8872,.F.);
#9688 = ORIENTED_EDGE('',*,*,#9689,.F.);
#9689 = EDGE_CURVE('',#9606,#8856,#9690,.T.);
#9690 = LINE('',#9691,#9692);
#9691 = CARTESIAN_POINT('',(0.725,0.4,0.375));
#9692 = VECTOR('',#9693,1.);
#9693 = DIRECTION('',(0.,0.,-1.));
#9694 = PLANE('',#9695);
#9695 = AXIS2_PLACEMENT_3D('',#9696,#9697,#9698);
#9696 = CARTESIAN_POINT('',(0.725,0.3,0.75));
#9697 = DIRECTION('',(1.,0.,0.));
#9698 = DIRECTION('',(-0.,1.,0.));
#9699 = ADVANCED_FACE('',(#9700),#9706,.F.);
#9700 = FACE_BOUND('',#9701,.F.);
#9701 = EDGE_LOOP('',(#9702,#9703,#9704,#9705));
#9702 = ORIENTED_EDGE('',*,*,#9682,.F.);
#9703 = ORIENTED_EDGE('',*,*,#9621,.F.);
#9704 = ORIENTED_EDGE('',*,*,#8904,.F.);
#9705 = ORIENTED_EDGE('',*,*,#8864,.F.);
#9706 = PLANE('',#9707);
#9707 = AXIS2_PLACEMENT_3D('',#9708,#9709,#9710);
#9708 = CARTESIAN_POINT('',(-0.725,0.3,0.75));
#9709 = DIRECTION('',(0.,-1.,0.));
#9710 = DIRECTION('',(1.,0.,0.));
#9711 = ADVANCED_FACE('',(#9712),#9724,.T.);
#9712 = FACE_BOUND('',#9713,.T.);
#9713 = EDGE_LOOP('',(#9714,#9715,#9716,#9717,#9718,#9719,#9720,#9721,
    #9722,#9723));
#9714 = ORIENTED_EDGE('',*,*,#9092,.F.);
#9715 = ORIENTED_EDGE('',*,*,#9163,.F.);
#9716 = ORIENTED_EDGE('',*,*,#9199,.T.);
#9717 = ORIENTED_EDGE('',*,*,#9223,.T.);
#9718 = ORIENTED_EDGE('',*,*,#9047,.T.);
#9719 = ORIENTED_EDGE('',*,*,#9008,.F.);
#9720 = ORIENTED_EDGE('',*,*,#8935,.F.);
#9721 = ORIENTED_EDGE('',*,*,#8927,.F.);
#9722 = ORIENTED_EDGE('',*,*,#8919,.T.);
#9723 = ORIENTED_EDGE('',*,*,#9294,.F.);
#9724 = PLANE('',#9725);
#9725 = AXIS2_PLACEMENT_3D('',#9726,#9727,#9728);
#9726 = CARTESIAN_POINT('',(-0.8,0.4,0.));
#9727 = DIRECTION('',(0.,1.,0.));
#9728 = DIRECTION('',(0.,-0.,1.));
#9729 = ADVANCED_FACE('',(#9730),#9742,.T.);
#9730 = FACE_BOUND('',#9731,.T.);
#9731 = EDGE_LOOP('',(#9732,#9733,#9734,#9735,#9736,#9737,#9738,#9739,
    #9740,#9741));
#9732 = ORIENTED_EDGE('',*,*,#9503,.F.);
#9733 = ORIENTED_EDGE('',*,*,#9326,.F.);
#9734 = ORIENTED_EDGE('',*,*,#8960,.T.);
#9735 = ORIENTED_EDGE('',*,*,#8952,.T.);
#9736 = ORIENTED_EDGE('',*,*,#8944,.F.);
#9737 = ORIENTED_EDGE('',*,*,#9689,.F.);
#9738 = ORIENTED_EDGE('',*,*,#9605,.T.);
#9739 = ORIENTED_EDGE('',*,*,#9581,.F.);
#9740 = ORIENTED_EDGE('',*,*,#9558,.F.);
#9741 = ORIENTED_EDGE('',*,*,#9533,.T.);
#9742 = PLANE('',#9743);
#9743 = AXIS2_PLACEMENT_3D('',#9744,#9745,#9746);
#9744 = CARTESIAN_POINT('',(0.5,0.4,0.));
#9745 = DIRECTION('',(0.,1.,0.));
#9746 = DIRECTION('',(0.,-0.,1.));
#9747 = ADVANCED_FACE('',(#9748),#9753,.T.);
#9748 = FACE_BOUND('',#9749,.T.);
#9749 = EDGE_LOOP('',(#9750,#9751,#9752));
#9750 = ORIENTED_EDGE('',*,*,#9472,.T.);
#9751 = ORIENTED_EDGE('',*,*,#9448,.T.);
#9752 = ORIENTED_EDGE('',*,*,#9489,.T.);
#9753 = PLANE('',#9754);
#9754 = AXIS2_PLACEMENT_3D('',#9755,#9756,#9757);
#9755 = CARTESIAN_POINT('',(9.237604307034E-02,0.,1.5E-02));
#9756 = DIRECTION('',(-0.,-0.,-1.));
#9757 = DIRECTION('',(-1.,0.,0.));
#9758 = ( GEOMETRIC_REPRESENTATION_CONTEXT(3) 
GLOBAL_UNCERTAINTY_ASSIGNED_CONTEXT((#9762)) 
GLOBAL_UNIT_ASSIGNED_CONTEXT((#9759,#9760,#9761)) REPRESENTATION_CONTEXT
('Context #1','3D Context with UNIT and UNCERTAINTY') );
#9759 = ( LENGTH_UNIT() NAMED_UNIT(*) SI_UNIT(.MILLI.,.METRE.) );
#9760 = ( NAMED_UNIT(*) PLANE_ANGLE_UNIT() SI_UNIT($,.RADIAN.) );
#9761 = ( NAMED_UNIT(*) SI_UNIT($,.STERADIAN.) SOLID_ANGLE_UNIT() );
#9762 = UNCERTAINTY_MEASURE_WITH_UNIT(LENGTH_MEASURE(1.E-07),#9759,
  'distance_accuracy_value','confusion accuracy');
#9763 = CONTEXT_DEPENDENT_SHAPE_REPRESENTATION(#9764,#9766);
#9764 = ( REPRESENTATION_RELATIONSHIP('','',#8234,#10) 
REPRESENTATION_RELATIONSHIP_WITH_TRANSFORMATION(#9765) 
SHAPE_REPRESENTATION_RELATIONSHIP() );
#9765 = ITEM_DEFINED_TRANSFORMATION('','',#11,#31);
#9766 = PRODUCT_DEFINITION_SHAPE('Placement','Placement of an item',
  #9767);
#9767 = NEXT_ASSEMBLY_USAGE_OCCURRENCE('9','D1','',#5,#8229,$);
#9768 = PRODUCT_RELATED_PRODUCT_CATEGORY('part',$,(#8231));
#9769 = SHAPE_DEFINITION_REPRESENTATION(#9770,#9776);
#9770 = PRODUCT_DEFINITION_SHAPE('','',#9771);
#9771 = PRODUCT_DEFINITION('design','',#9772,#9775);
#9772 = PRODUCT_DEFINITION_FORMATION('','',#9773);
#9773 = PRODUCT('magnetic-limit-switch_PCB','magnetic-limit-switch_PCB',
  '',(#9774));
#9774 = PRODUCT_CONTEXT('',#2,'mechanical');
#9775 = PRODUCT_DEFINITION_CONTEXT('part definition',#2,'design');
#9776 = ADVANCED_BREP_SHAPE_REPRESENTATION('',(#11,#9777),#9927);
#9777 = MANIFOLD_SOLID_BREP('',#9778);
#9778 = CLOSED_SHELL('',(#9779,#9819,#9850,#9881,#9903,#9915));
#9779 = ADVANCED_FACE('',(#9780),#9814,.T.);
#9780 = FACE_BOUND('',#9781,.T.);
#9781 = EDGE_LOOP('',(#9782,#9792,#9800,#9808));
#9782 = ORIENTED_EDGE('',*,*,#9783,.T.);
#9783 = EDGE_CURVE('',#9784,#9786,#9788,.T.);
#9784 = VERTEX_POINT('',#9785);
#9785 = CARTESIAN_POINT('',(48.,-47.,0.));
#9786 = VERTEX_POINT('',#9787);
#9787 = CARTESIAN_POINT('',(48.,-47.,1.48));
#9788 = LINE('',#9789,#9790);
#9789 = CARTESIAN_POINT('',(48.,-47.,0.));
#9790 = VECTOR('',#9791,1.);
#9791 = DIRECTION('',(0.,0.,1.));
#9792 = ORIENTED_EDGE('',*,*,#9793,.T.);
#9793 = EDGE_CURVE('',#9786,#9794,#9796,.T.);
#9794 = VERTEX_POINT('',#9795);
#9795 = CARTESIAN_POINT('',(32.,-47.,1.48));
#9796 = LINE('',#9797,#9798);
#9797 = CARTESIAN_POINT('',(48.,-47.,1.48));
#9798 = VECTOR('',#9799,1.);
#9799 = DIRECTION('',(-1.,0.,0.));
#9800 = ORIENTED_EDGE('',*,*,#9801,.F.);
#9801 = EDGE_CURVE('',#9802,#9794,#9804,.T.);
#9802 = VERTEX_POINT('',#9803);
#9803 = CARTESIAN_POINT('',(32.,-47.,0.));
#9804 = LINE('',#9805,#9806);
#9805 = CARTESIAN_POINT('',(32.,-47.,0.));
#9806 = VECTOR('',#9807,1.);
#9807 = DIRECTION('',(0.,0.,1.));
#9808 = ORIENTED_EDGE('',*,*,#9809,.F.);
#9809 = EDGE_CURVE('',#9784,#9802,#9810,.T.);
#9810 = LINE('',#9811,#9812);
#9811 = CARTESIAN_POINT('',(48.,-47.,0.));
#9812 = VECTOR('',#9813,1.);
#9813 = DIRECTION('',(-1.,0.,0.));
#9814 = PLANE('',#9815);
#9815 = AXIS2_PLACEMENT_3D('',#9816,#9817,#9818);
#9816 = CARTESIAN_POINT('',(48.,-47.,0.));
#9817 = DIRECTION('',(0.,-1.,0.));
#9818 = DIRECTION('',(-1.,0.,0.));
#9819 = ADVANCED_FACE('',(#9820),#9845,.T.);
#9820 = FACE_BOUND('',#9821,.T.);
#9821 = EDGE_LOOP('',(#9822,#9823,#9831,#9839));
#9822 = ORIENTED_EDGE('',*,*,#9801,.T.);
#9823 = ORIENTED_EDGE('',*,*,#9824,.T.);
#9824 = EDGE_CURVE('',#9794,#9825,#9827,.T.);
#9825 = VERTEX_POINT('',#9826);
#9826 = CARTESIAN_POINT('',(32.,-27.,1.48));
#9827 = LINE('',#9828,#9829);
#9828 = CARTESIAN_POINT('',(32.,-47.,1.48));
#9829 = VECTOR('',#9830,1.);
#9830 = DIRECTION('',(0.,1.,0.));
#9831 = ORIENTED_EDGE('',*,*,#9832,.F.);
#9832 = EDGE_CURVE('',#9833,#9825,#9835,.T.);
#9833 = VERTEX_POINT('',#9834);
#9834 = CARTESIAN_POINT('',(32.,-27.,0.));
#9835 = LINE('',#9836,#9837);
#9836 = CARTESIAN_POINT('',(32.,-27.,0.));
#9837 = VECTOR('',#9838,1.);
#9838 = DIRECTION('',(0.,0.,1.));
#9839 = ORIENTED_EDGE('',*,*,#9840,.F.);
#9840 = EDGE_CURVE('',#9802,#9833,#9841,.T.);
#9841 = LINE('',#9842,#9843);
#9842 = CARTESIAN_POINT('',(32.,-47.,0.));
#9843 = VECTOR('',#9844,1.);
#9844 = DIRECTION('',(0.,1.,0.));
#9845 = PLANE('',#9846);
#9846 = AXIS2_PLACEMENT_3D('',#9847,#9848,#9849);
#9847 = CARTESIAN_POINT('',(32.,-47.,0.));
#9848 = DIRECTION('',(-1.,0.,0.));
#9849 = DIRECTION('',(0.,1.,0.));
#9850 = ADVANCED_FACE('',(#9851),#9876,.T.);
#9851 = FACE_BOUND('',#9852,.T.);
#9852 = EDGE_LOOP('',(#9853,#9854,#9862,#9870));
#9853 = ORIENTED_EDGE('',*,*,#9832,.T.);
#9854 = ORIENTED_EDGE('',*,*,#9855,.T.);
#9855 = EDGE_CURVE('',#9825,#9856,#9858,.T.);
#9856 = VERTEX_POINT('',#9857);
#9857 = CARTESIAN_POINT('',(48.,-27.,1.48));
#9858 = LINE('',#9859,#9860);
#9859 = CARTESIAN_POINT('',(32.,-27.,1.48));
#9860 = VECTOR('',#9861,1.);
#9861 = DIRECTION('',(1.,0.,0.));
#9862 = ORIENTED_EDGE('',*,*,#9863,.F.);
#9863 = EDGE_CURVE('',#9864,#9856,#9866,.T.);
#9864 = VERTEX_POINT('',#9865);
#9865 = CARTESIAN_POINT('',(48.,-27.,0.));
#9866 = LINE('',#9867,#9868);
#9867 = CARTESIAN_POINT('',(48.,-27.,0.));
#9868 = VECTOR('',#9869,1.);
#9869 = DIRECTION('',(0.,0.,1.));
#9870 = ORIENTED_EDGE('',*,*,#9871,.F.);
#9871 = EDGE_CURVE('',#9833,#9864,#9872,.T.);
#9872 = LINE('',#9873,#9874);
#9873 = CARTESIAN_POINT('',(32.,-27.,0.));
#9874 = VECTOR('',#9875,1.);
#9875 = DIRECTION('',(1.,0.,0.));
#9876 = PLANE('',#9877);
#9877 = AXIS2_PLACEMENT_3D('',#9878,#9879,#9880);
#9878 = CARTESIAN_POINT('',(32.,-27.,0.));
#9879 = DIRECTION('',(0.,1.,0.));
#9880 = DIRECTION('',(1.,0.,0.));
#9881 = ADVANCED_FACE('',(#9882),#9898,.T.);
#9882 = FACE_BOUND('',#9883,.T.);
#9883 = EDGE_LOOP('',(#9884,#9885,#9891,#9892));
#9884 = ORIENTED_EDGE('',*,*,#9863,.T.);
#9885 = ORIENTED_EDGE('',*,*,#9886,.T.);
#9886 = EDGE_CURVE('',#9856,#9786,#9887,.T.);
#9887 = LINE('',#9888,#9889);
#9888 = CARTESIAN_POINT('',(48.,-27.,1.48));
#9889 = VECTOR('',#9890,1.);
#9890 = DIRECTION('',(0.,-1.,0.));
#9891 = ORIENTED_EDGE('',*,*,#9783,.F.);
#9892 = ORIENTED_EDGE('',*,*,#9893,.F.);
#9893 = EDGE_CURVE('',#9864,#9784,#9894,.T.);
#9894 = LINE('',#9895,#9896);
#9895 = CARTESIAN_POINT('',(48.,-27.,0.));
#9896 = VECTOR('',#9897,1.);
#9897 = DIRECTION('',(0.,-1.,0.));
#9898 = PLANE('',#9899);
#9899 = AXIS2_PLACEMENT_3D('',#9900,#9901,#9902);
#9900 = CARTESIAN_POINT('',(48.,-27.,0.));
#9901 = DIRECTION('',(1.,0.,-0.));
#9902 = DIRECTION('',(0.,-1.,0.));
#9903 = ADVANCED_FACE('',(#9904),#9910,.F.);
#9904 = FACE_BOUND('',#9905,.T.);
#9905 = EDGE_LOOP('',(#9906,#9907,#9908,#9909));
#9906 = ORIENTED_EDGE('',*,*,#9809,.T.);
#9907 = ORIENTED_EDGE('',*,*,#9840,.T.);
#9908 = ORIENTED_EDGE('',*,*,#9871,.T.);
#9909 = ORIENTED_EDGE('',*,*,#9893,.T.);
#9910 = PLANE('',#9911);
#9911 = AXIS2_PLACEMENT_3D('',#9912,#9913,#9914);
#9912 = CARTESIAN_POINT('',(0.,0.,0.));
#9913 = DIRECTION('',(0.,0.,1.));
#9914 = DIRECTION('',(1.,0.,-0.));
#9915 = ADVANCED_FACE('',(#9916),#9922,.T.);
#9916 = FACE_BOUND('',#9917,.F.);
#9917 = EDGE_LOOP('',(#9918,#9919,#9920,#9921));
#9918 = ORIENTED_EDGE('',*,*,#9793,.T.);
#9919 = ORIENTED_EDGE('',*,*,#9824,.T.);
#9920 = ORIENTED_EDGE('',*,*,#9855,.T.);
#9921 = ORIENTED_EDGE('',*,*,#9886,.T.);
#9922 = PLANE('',#9923);
#9923 = AXIS2_PLACEMENT_3D('',#9924,#9925,#9926);
#9924 = CARTESIAN_POINT('',(0.,0.,1.48));
#9925 = DIRECTION('',(0.,0.,1.));
#9926 = DIRECTION('',(1.,0.,-0.));
#9927 = ( GEOMETRIC_REPRESENTATION_CONTEXT(3) 
GLOBAL_UNCERTAINTY_ASSIGNED_CONTEXT((#9931)) 
GLOBAL_UNIT_ASSIGNED_CONTEXT((#9928,#9929,#9930)) REPRESENTATION_CONTEXT
('Context #1','3D Context with UNIT and UNCERTAINTY') );
#9928 = ( LENGTH_UNIT() NAMED_UNIT(*) SI_UNIT(.MILLI.,.METRE.) );
#9929 = ( NAMED_UNIT(*) PLANE_ANGLE_UNIT() SI_UNIT($,.RADIAN.) );
#9930 = ( NAMED_UNIT(*) SI_UNIT($,.STERADIAN.) SOLID_ANGLE_UNIT() );
#9931 = UNCERTAINTY_MEASURE_WITH_UNIT(LENGTH_MEASURE(1.E-07),#9928,
  'distance_accuracy_value','confusion accuracy');
#9932 = CONTEXT_DEPENDENT_SHAPE_REPRESENTATION(#9933,#9935);
#9933 = ( REPRESENTATION_RELATIONSHIP('','',#9776,#10) 
REPRESENTATION_RELATIONSHIP_WITH_TRANSFORMATION(#9934) 
SHAPE_REPRESENTATION_RELATIONSHIP() );
#9934 = ITEM_DEFINED_TRANSFORMATION('','',#11,#35);
#9935 = PRODUCT_DEFINITION_SHAPE('Placement','Placement of an item',
  #9936);
#9936 = NEXT_ASSEMBLY_USAGE_OCCURRENCE('10','=>[0:1:1:7]','',#5,#9771,$
  );
#9937 = PRODUCT_RELATED_PRODUCT_CATEGORY('part',$,(#9773));
#9938 = MECHANICAL_DESIGN_GEOMETRIC_PRESENTATION_REPRESENTATION('',(
    #9939),#9927);
#9939 = STYLED_ITEM('color',(#9940),#9777);
#9940 = PRESENTATION_STYLE_ASSIGNMENT((#9941));
#9941 = SURFACE_STYLE_USAGE(.BOTH.,#9942);
#9942 = SURFACE_SIDE_STYLE('',(#9943));
#9943 = SURFACE_STYLE_FILL_AREA(#9944);
#9944 = FILL_AREA_STYLE('',(#9945));
#9945 = FILL_AREA_STYLE_COLOUR('',#9946);
#9946 = COLOUR_RGB('',0.204454873135,0.204454873135,0.204454873135);
#9947 = MECHANICAL_DESIGN_GEOMETRIC_PRESENTATION_REPRESENTATION('',(
    #9948,#9956,#9963),#5926);
#9948 = STYLED_ITEM('color',(#9949),#2089);
#9949 = PRESENTATION_STYLE_ASSIGNMENT((#9950));
#9950 = SURFACE_STYLE_USAGE(.BOTH.,#9951);
#9951 = SURFACE_SIDE_STYLE('',(#9952));
#9952 = SURFACE_STYLE_FILL_AREA(#9953);
#9953 = FILL_AREA_STYLE('',(#9954));
#9954 = FILL_AREA_STYLE_COLOUR('',#9955);
#9955 = COLOUR_RGB('',0.796078417252,0.823529417451,0.937254901616);
#9956 = STYLED_ITEM('color',(#9957),#2371);
#9957 = PRESENTATION_STYLE_ASSIGNMENT((#9958));
#9958 = SURFACE_STYLE_USAGE(.BOTH.,#9959);
#9959 = SURFACE_SIDE_STYLE('',(#9960));
#9960 = SURFACE_STYLE_FILL_AREA(#9961);
#9961 = FILL_AREA_STYLE('',(#9962));
#9962 = FILL_AREA_STYLE_COLOUR('',#9955);
#9963 = STYLED_ITEM('color',(#9964),#2653);
#9964 = PRESENTATION_STYLE_ASSIGNMENT((#9965));
#9965 = SURFACE_STYLE_USAGE(.BOTH.,#9966);
#9966 = SURFACE_SIDE_STYLE('',(#9967));
#9967 = SURFACE_STYLE_FILL_AREA(#9968);
#9968 = FILL_AREA_STYLE('',(#9969));
#9969 = FILL_AREA_STYLE_COLOUR('',#9970);
#9970 = DRAUGHTING_PRE_DEFINED_COLOUR('white');
#9971 = MECHANICAL_DESIGN_GEOMETRIC_PRESENTATION_REPRESENTATION('',(
    #9972,#9980,#9987,#9994,#10001,#10008,#10015,#10022,#10029,#10036,
    #10043,#10051,#10058,#10065,#10072,#10079,#10086,#10093,#10100,
    #10107,#10114,#10121,#10128,#10135,#10142,#10149,#10156,#10163),
  #8216);
#9972 = STYLED_ITEM('color',(#9973),#7364);
#9973 = PRESENTATION_STYLE_ASSIGNMENT((#9974));
#9974 = SURFACE_STYLE_USAGE(.BOTH.,#9975);
#9975 = SURFACE_SIDE_STYLE('',(#9976));
#9976 = SURFACE_STYLE_FILL_AREA(#9977);
#9977 = FILL_AREA_STYLE('',(#9978));
#9978 = FILL_AREA_STYLE_COLOUR('',#9979);
#9979 = COLOUR_RGB('',0.823999987314,0.819999987296,0.781000009244);
#9980 = STYLED_ITEM('color',(#9981),#7440);
#9981 = PRESENTATION_STYLE_ASSIGNMENT((#9982));
#9982 = SURFACE_STYLE_USAGE(.BOTH.,#9983);
#9983 = SURFACE_SIDE_STYLE('',(#9984));
#9984 = SURFACE_STYLE_FILL_AREA(#9985);
#9985 = FILL_AREA_STYLE('',(#9986));
#9986 = FILL_AREA_STYLE_COLOUR('',#9979);
#9987 = STYLED_ITEM('color',(#9988),#7471);
#9988 = PRESENTATION_STYLE_ASSIGNMENT((#9989));
#9989 = SURFACE_STYLE_USAGE(.BOTH.,#9990);
#9990 = SURFACE_SIDE_STYLE('',(#9991));
#9991 = SURFACE_STYLE_FILL_AREA(#9992);
#9992 = FILL_AREA_STYLE('',(#9993));
#9993 = FILL_AREA_STYLE_COLOUR('',#9979);
#9994 = STYLED_ITEM('color',(#9995),#7496);
#9995 = PRESENTATION_STYLE_ASSIGNMENT((#9996));
#9996 = SURFACE_STYLE_USAGE(.BOTH.,#9997);
#9997 = SURFACE_SIDE_STYLE('',(#9998));
#9998 = SURFACE_STYLE_FILL_AREA(#9999);
#9999 = FILL_AREA_STYLE('',(#10000));
#10000 = FILL_AREA_STYLE_COLOUR('',#9979);
#10001 = STYLED_ITEM('color',(#10002),#7521);
#10002 = PRESENTATION_STYLE_ASSIGNMENT((#10003));
#10003 = SURFACE_STYLE_USAGE(.BOTH.,#10004);
#10004 = SURFACE_SIDE_STYLE('',(#10005));
#10005 = SURFACE_STYLE_FILL_AREA(#10006);
#10006 = FILL_AREA_STYLE('',(#10007));
#10007 = FILL_AREA_STYLE_COLOUR('',#9979);
#10008 = STYLED_ITEM('color',(#10009),#7545);
#10009 = PRESENTATION_STYLE_ASSIGNMENT((#10010));
#10010 = SURFACE_STYLE_USAGE(.BOTH.,#10011);
#10011 = SURFACE_SIDE_STYLE('',(#10012));
#10012 = SURFACE_STYLE_FILL_AREA(#10013);
#10013 = FILL_AREA_STYLE('',(#10014));
#10014 = FILL_AREA_STYLE_COLOUR('',#9979);
#10015 = STYLED_ITEM('color',(#10016),#7569);
#10016 = PRESENTATION_STYLE_ASSIGNMENT((#10017));
#10017 = SURFACE_STYLE_USAGE(.BOTH.,#10018);
#10018 = SURFACE_SIDE_STYLE('',(#10019));
#10019 = SURFACE_STYLE_FILL_AREA(#10020);
#10020 = FILL_AREA_STYLE('',(#10021));
#10021 = FILL_AREA_STYLE_COLOUR('',#9979);
#10022 = STYLED_ITEM('color',(#10023),#7594);
#10023 = PRESENTATION_STYLE_ASSIGNMENT((#10024));
#10024 = SURFACE_STYLE_USAGE(.BOTH.,#10025);
#10025 = SURFACE_SIDE_STYLE('',(#10026));
#10026 = SURFACE_STYLE_FILL_AREA(#10027);
#10027 = FILL_AREA_STYLE('',(#10028));
#10028 = FILL_AREA_STYLE_COLOUR('',#9979);
#10029 = STYLED_ITEM('color',(#10030),#7619);
#10030 = PRESENTATION_STYLE_ASSIGNMENT((#10031));
#10031 = SURFACE_STYLE_USAGE(.BOTH.,#10032);
#10032 = SURFACE_SIDE_STYLE('',(#10033));
#10033 = SURFACE_STYLE_FILL_AREA(#10034);
#10034 = FILL_AREA_STYLE('',(#10035));
#10035 = FILL_AREA_STYLE_COLOUR('',#9979);
#10036 = STYLED_ITEM('color',(#10037),#7636);
#10037 = PRESENTATION_STYLE_ASSIGNMENT((#10038));
#10038 = SURFACE_STYLE_USAGE(.BOTH.,#10039);
#10039 = SURFACE_SIDE_STYLE('',(#10040));
#10040 = SURFACE_STYLE_FILL_AREA(#10041);
#10041 = FILL_AREA_STYLE('',(#10042));
#10042 = FILL_AREA_STYLE_COLOUR('',#9979);
#10043 = STYLED_ITEM('color',(#10044),#7722);
#10044 = PRESENTATION_STYLE_ASSIGNMENT((#10045));
#10045 = SURFACE_STYLE_USAGE(.BOTH.,#10046);
#10046 = SURFACE_SIDE_STYLE('',(#10047));
#10047 = SURFACE_STYLE_FILL_AREA(#10048);
#10048 = FILL_AREA_STYLE('',(#10049));
#10049 = FILL_AREA_STYLE_COLOUR('',#10050);
#10050 = COLOUR_RGB('',0.379000005575,0.270000008848,0.214999999939);
#10051 = STYLED_ITEM('color',(#10052),#7754);
#10052 = PRESENTATION_STYLE_ASSIGNMENT((#10053));
#10053 = SURFACE_STYLE_USAGE(.BOTH.,#10054);
#10054 = SURFACE_SIDE_STYLE('',(#10055));
#10055 = SURFACE_STYLE_FILL_AREA(#10056);
#10056 = FILL_AREA_STYLE('',(#10057));
#10057 = FILL_AREA_STYLE_COLOUR('',#10050);
#10058 = STYLED_ITEM('color',(#10059),#7778);
#10059 = PRESENTATION_STYLE_ASSIGNMENT((#10060));
#10060 = SURFACE_STYLE_USAGE(.BOTH.,#10061);
#10061 = SURFACE_SIDE_STYLE('',(#10062));
#10062 = SURFACE_STYLE_FILL_AREA(#10063);
#10063 = FILL_AREA_STYLE('',(#10064));
#10064 = FILL_AREA_STYLE_COLOUR('',#10050);
#10065 = STYLED_ITEM('color',(#10066),#7803);
#10066 = PRESENTATION_STYLE_ASSIGNMENT((#10067));
#10067 = SURFACE_STYLE_USAGE(.BOTH.,#10068);
#10068 = SURFACE_SIDE_STYLE('',(#10069));
#10069 = SURFACE_STYLE_FILL_AREA(#10070);
#10070 = FILL_AREA_STYLE('',(#10071));
#10071 = FILL_AREA_STYLE_COLOUR('',#10050);
#10072 = STYLED_ITEM('color',(#10073),#7827);
#10073 = PRESENTATION_STYLE_ASSIGNMENT((#10074));
#10074 = SURFACE_STYLE_USAGE(.BOTH.,#10075);
#10075 = SURFACE_SIDE_STYLE('',(#10076));
#10076 = SURFACE_STYLE_FILL_AREA(#10077);
#10077 = FILL_AREA_STYLE('',(#10078));
#10078 = FILL_AREA_STYLE_COLOUR('',#10050);
#10079 = STYLED_ITEM('color',(#10080),#7852);
#10080 = PRESENTATION_STYLE_ASSIGNMENT((#10081));
#10081 = SURFACE_STYLE_USAGE(.BOTH.,#10082);
#10082 = SURFACE_SIDE_STYLE('',(#10083));
#10083 = SURFACE_STYLE_FILL_AREA(#10084);
#10084 = FILL_AREA_STYLE('',(#10085));
#10085 = FILL_AREA_STYLE_COLOUR('',#10050);
#10086 = STYLED_ITEM('color',(#10087),#7876);
#10087 = PRESENTATION_STYLE_ASSIGNMENT((#10088));
#10088 = SURFACE_STYLE_USAGE(.BOTH.,#10089);
#10089 = SURFACE_SIDE_STYLE('',(#10090));
#10090 = SURFACE_STYLE_FILL_AREA(#10091);
#10091 = FILL_AREA_STYLE('',(#10092));
#10092 = FILL_AREA_STYLE_COLOUR('',#10050);
#10093 = STYLED_ITEM('color',(#10094),#7901);
#10094 = PRESENTATION_STYLE_ASSIGNMENT((#10095));
#10095 = SURFACE_STYLE_USAGE(.BOTH.,#10096);
#10096 = SURFACE_SIDE_STYLE('',(#10097));
#10097 = SURFACE_STYLE_FILL_AREA(#10098);
#10098 = FILL_AREA_STYLE('',(#10099));
#10099 = FILL_AREA_STYLE_COLOUR('',#10050);
#10100 = STYLED_ITEM('color',(#10101),#7918);
#10101 = PRESENTATION_STYLE_ASSIGNMENT((#10102));
#10102 = SURFACE_STYLE_USAGE(.BOTH.,#10103);
#10103 = SURFACE_SIDE_STYLE('',(#10104));
#10104 = SURFACE_STYLE_FILL_AREA(#10105);
#10105 = FILL_AREA_STYLE('',(#10106));
#10106 = FILL_AREA_STYLE_COLOUR('',#9979);
#10107 = STYLED_ITEM('color',(#10108),#8004);
#10108 = PRESENTATION_STYLE_ASSIGNMENT((#10109));
#10109 = SURFACE_STYLE_USAGE(.BOTH.,#10110);
#10110 = SURFACE_SIDE_STYLE('',(#10111));
#10111 = SURFACE_STYLE_FILL_AREA(#10112);
#10112 = FILL_AREA_STYLE('',(#10113));
#10113 = FILL_AREA_STYLE_COLOUR('',#9979);
#10114 = STYLED_ITEM('color',(#10115),#8035);
#10115 = PRESENTATION_STYLE_ASSIGNMENT((#10116));
#10116 = SURFACE_STYLE_USAGE(.BOTH.,#10117);
#10117 = SURFACE_SIDE_STYLE('',(#10118));
#10118 = SURFACE_STYLE_FILL_AREA(#10119);
#10119 = FILL_AREA_STYLE('',(#10120));
#10120 = FILL_AREA_STYLE_COLOUR('',#9979);
#10121 = STYLED_ITEM('color',(#10122),#8060);
#10122 = PRESENTATION_STYLE_ASSIGNMENT((#10123));
#10123 = SURFACE_STYLE_USAGE(.BOTH.,#10124);
#10124 = SURFACE_SIDE_STYLE('',(#10125));
#10125 = SURFACE_STYLE_FILL_AREA(#10126);
#10126 = FILL_AREA_STYLE('',(#10127));
#10127 = FILL_AREA_STYLE_COLOUR('',#9979);
#10128 = STYLED_ITEM('color',(#10129),#8085);
#10129 = PRESENTATION_STYLE_ASSIGNMENT((#10130));
#10130 = SURFACE_STYLE_USAGE(.BOTH.,#10131);
#10131 = SURFACE_SIDE_STYLE('',(#10132));
#10132 = SURFACE_STYLE_FILL_AREA(#10133);
#10133 = FILL_AREA_STYLE('',(#10134));
#10134 = FILL_AREA_STYLE_COLOUR('',#9979);
#10135 = STYLED_ITEM('color',(#10136),#8109);
#10136 = PRESENTATION_STYLE_ASSIGNMENT((#10137));
#10137 = SURFACE_STYLE_USAGE(.BOTH.,#10138);
#10138 = SURFACE_SIDE_STYLE('',(#10139));
#10139 = SURFACE_STYLE_FILL_AREA(#10140);
#10140 = FILL_AREA_STYLE('',(#10141));
#10141 = FILL_AREA_STYLE_COLOUR('',#9979);
#10142 = STYLED_ITEM('color',(#10143),#8133);
#10143 = PRESENTATION_STYLE_ASSIGNMENT((#10144));
#10144 = SURFACE_STYLE_USAGE(.BOTH.,#10145);
#10145 = SURFACE_SIDE_STYLE('',(#10146));
#10146 = SURFACE_STYLE_FILL_AREA(#10147);
#10147 = FILL_AREA_STYLE('',(#10148));
#10148 = FILL_AREA_STYLE_COLOUR('',#9979);
#10149 = STYLED_ITEM('color',(#10150),#8158);
#10150 = PRESENTATION_STYLE_ASSIGNMENT((#10151));
#10151 = SURFACE_STYLE_USAGE(.BOTH.,#10152);
#10152 = SURFACE_SIDE_STYLE('',(#10153));
#10153 = SURFACE_STYLE_FILL_AREA(#10154);
#10154 = FILL_AREA_STYLE('',(#10155));
#10155 = FILL_AREA_STYLE_COLOUR('',#9979);
#10156 = STYLED_ITEM('color',(#10157),#8183);
#10157 = PRESENTATION_STYLE_ASSIGNMENT((#10158));
#10158 = SURFACE_STYLE_USAGE(.BOTH.,#10159);
#10159 = SURFACE_SIDE_STYLE('',(#10160));
#10160 = SURFACE_STYLE_FILL_AREA(#10161);
#10161 = FILL_AREA_STYLE('',(#10162));
#10162 = FILL_AREA_STYLE_COLOUR('',#9979);
#10163 = STYLED_ITEM('color',(#10164),#8200);
#10164 = PRESENTATION_STYLE_ASSIGNMENT((#10165));
#10165 = SURFACE_STYLE_USAGE(.BOTH.,#10166);
#10166 = SURFACE_SIDE_STYLE('',(#10167));
#10167 = SURFACE_STYLE_FILL_AREA(#10168);
#10168 = FILL_AREA_STYLE('',(#10169));
#10169 = FILL_AREA_STYLE_COLOUR('',#9979);
#10170 = MECHANICAL_DESIGN_GEOMETRIC_PRESENTATION_REPRESENTATION('',(
    #10171,#10181,#10190,#10199,#10208,#10217,#10226,#10235,#10244,
    #10253,#10262,#10271,#10280,#10289,#10298,#10307,#10316,#10325,
    #10334,#10343,#10352,#10361,#10370,#10379,#10388,#10397,#10406,
    #10415,#10424,#10433,#10442,#10451,#10460,#10469,#10478,#10487,
    #10496,#10505,#10514,#10523,#10532,#10541,#10550,#10559,#10568,
    #10577,#10586,#10595,#10604,#10613,#10622,#10631,#10640,#10649,
    #10658,#10667,#10676,#10685,#10694,#10703,#10712,#10721,#10730,
    #10739,#10748,#10757,#10766,#10775,#10784),#2035);
#10171 = STYLED_ITEM('color',(#10172),#55);
#10172 = PRESENTATION_STYLE_ASSIGNMENT((#10173,#10179));
#10173 = SURFACE_STYLE_USAGE(.BOTH.,#10174);
#10174 = SURFACE_SIDE_STYLE('',(#10175));
#10175 = SURFACE_STYLE_FILL_AREA(#10176);
#10176 = FILL_AREA_STYLE('',(#10177));
#10177 = FILL_AREA_STYLE_COLOUR('',#10178);
#10178 = COLOUR_RGB('',0.147999998088,0.145000001626,0.145000001626);
#10179 = CURVE_STYLE('',#10180,POSITIVE_LENGTH_MEASURE(0.1),#10178);
#10180 = DRAUGHTING_PRE_DEFINED_CURVE_FONT('continuous');
#10181 = STYLED_ITEM('color',(#10182),#93);
#10182 = PRESENTATION_STYLE_ASSIGNMENT((#10183,#10188));
#10183 = SURFACE_STYLE_USAGE(.BOTH.,#10184);
#10184 = SURFACE_SIDE_STYLE('',(#10185));
#10185 = SURFACE_STYLE_FILL_AREA(#10186);
#10186 = FILL_AREA_STYLE('',(#10187));
#10187 = FILL_AREA_STYLE_COLOUR('',#10178);
#10188 = CURVE_STYLE('',#10189,POSITIVE_LENGTH_MEASURE(0.1),#10178);
#10189 = DRAUGHTING_PRE_DEFINED_CURVE_FONT('continuous');
#10190 = STYLED_ITEM('color',(#10191),#156);
#10191 = PRESENTATION_STYLE_ASSIGNMENT((#10192,#10197));
#10192 = SURFACE_STYLE_USAGE(.BOTH.,#10193);
#10193 = SURFACE_SIDE_STYLE('',(#10194));
#10194 = SURFACE_STYLE_FILL_AREA(#10195);
#10195 = FILL_AREA_STYLE('',(#10196));
#10196 = FILL_AREA_STYLE_COLOUR('',#10178);
#10197 = CURVE_STYLE('',#10198,POSITIVE_LENGTH_MEASURE(0.1),#10178);
#10198 = DRAUGHTING_PRE_DEFINED_CURVE_FONT('continuous');
#10199 = STYLED_ITEM('color',(#10200),#179);
#10200 = PRESENTATION_STYLE_ASSIGNMENT((#10201,#10206));
#10201 = SURFACE_STYLE_USAGE(.BOTH.,#10202);
#10202 = SURFACE_SIDE_STYLE('',(#10203));
#10203 = SURFACE_STYLE_FILL_AREA(#10204);
#10204 = FILL_AREA_STYLE('',(#10205));
#10205 = FILL_AREA_STYLE_COLOUR('',#10178);
#10206 = CURVE_STYLE('',#10207,POSITIVE_LENGTH_MEASURE(0.1),#10178);
#10207 = DRAUGHTING_PRE_DEFINED_CURVE_FONT('continuous');
#10208 = STYLED_ITEM('color',(#10209),#208);
#10209 = PRESENTATION_STYLE_ASSIGNMENT((#10210,#10215));
#10210 = SURFACE_STYLE_USAGE(.BOTH.,#10211);
#10211 = SURFACE_SIDE_STYLE('',(#10212));
#10212 = SURFACE_STYLE_FILL_AREA(#10213);
#10213 = FILL_AREA_STYLE('',(#10214));
#10214 = FILL_AREA_STYLE_COLOUR('',#10178);
#10215 = CURVE_STYLE('',#10216,POSITIVE_LENGTH_MEASURE(0.1),#10178);
#10216 = DRAUGHTING_PRE_DEFINED_CURVE_FONT('continuous');
#10217 = STYLED_ITEM('color',(#10218),#231);
#10218 = PRESENTATION_STYLE_ASSIGNMENT((#10219,#10224));
#10219 = SURFACE_STYLE_USAGE(.BOTH.,#10220);
#10220 = SURFACE_SIDE_STYLE('',(#10221));
#10221 = SURFACE_STYLE_FILL_AREA(#10222);
#10222 = FILL_AREA_STYLE('',(#10223));
#10223 = FILL_AREA_STYLE_COLOUR('',#10178);
#10224 = CURVE_STYLE('',#10225,POSITIVE_LENGTH_MEASURE(0.1),#10178);
#10225 = DRAUGHTING_PRE_DEFINED_CURVE_FONT('continuous');
#10226 = STYLED_ITEM('color',(#10227),#286);
#10227 = PRESENTATION_STYLE_ASSIGNMENT((#10228,#10233));
#10228 = SURFACE_STYLE_USAGE(.BOTH.,#10229);
#10229 = SURFACE_SIDE_STYLE('',(#10230));
#10230 = SURFACE_STYLE_FILL_AREA(#10231);
#10231 = FILL_AREA_STYLE('',(#10232));
#10232 = FILL_AREA_STYLE_COLOUR('',#10178);
#10233 = CURVE_STYLE('',#10234,POSITIVE_LENGTH_MEASURE(0.1),#10178);
#10234 = DRAUGHTING_PRE_DEFINED_CURVE_FONT('continuous');
#10235 = STYLED_ITEM('color',(#10236),#325);
#10236 = PRESENTATION_STYLE_ASSIGNMENT((#10237,#10242));
#10237 = SURFACE_STYLE_USAGE(.BOTH.,#10238);
#10238 = SURFACE_SIDE_STYLE('',(#10239));
#10239 = SURFACE_STYLE_FILL_AREA(#10240);
#10240 = FILL_AREA_STYLE('',(#10241));
#10241 = FILL_AREA_STYLE_COLOUR('',#10178);
#10242 = CURVE_STYLE('',#10243,POSITIVE_LENGTH_MEASURE(0.1),#10178);
#10243 = DRAUGHTING_PRE_DEFINED_CURVE_FONT('continuous');
#10244 = STYLED_ITEM('color',(#10245),#348);
#10245 = PRESENTATION_STYLE_ASSIGNMENT((#10246,#10251));
#10246 = SURFACE_STYLE_USAGE(.BOTH.,#10247);
#10247 = SURFACE_SIDE_STYLE('',(#10248));
#10248 = SURFACE_STYLE_FILL_AREA(#10249);
#10249 = FILL_AREA_STYLE('',(#10250));
#10250 = FILL_AREA_STYLE_COLOUR('',#10178);
#10251 = CURVE_STYLE('',#10252,POSITIVE_LENGTH_MEASURE(0.1),#10178);
#10252 = DRAUGHTING_PRE_DEFINED_CURVE_FONT('continuous');
#10253 = STYLED_ITEM('color',(#10254),#371);
#10254 = PRESENTATION_STYLE_ASSIGNMENT((#10255,#10260));
#10255 = SURFACE_STYLE_USAGE(.BOTH.,#10256);
#10256 = SURFACE_SIDE_STYLE('',(#10257));
#10257 = SURFACE_STYLE_FILL_AREA(#10258);
#10258 = FILL_AREA_STYLE('',(#10259));
#10259 = FILL_AREA_STYLE_COLOUR('',#10178);
#10260 = CURVE_STYLE('',#10261,POSITIVE_LENGTH_MEASURE(0.1),#10178);
#10261 = DRAUGHTING_PRE_DEFINED_CURVE_FONT('continuous');
#10262 = STYLED_ITEM('color',(#10263),#388);
#10263 = PRESENTATION_STYLE_ASSIGNMENT((#10264,#10269));
#10264 = SURFACE_STYLE_USAGE(.BOTH.,#10265);
#10265 = SURFACE_SIDE_STYLE('',(#10266));
#10266 = SURFACE_STYLE_FILL_AREA(#10267);
#10267 = FILL_AREA_STYLE('',(#10268));
#10268 = FILL_AREA_STYLE_COLOUR('',#10178);
#10269 = CURVE_STYLE('',#10270,POSITIVE_LENGTH_MEASURE(0.1),#10178);
#10270 = DRAUGHTING_PRE_DEFINED_CURVE_FONT('continuous');
#10271 = STYLED_ITEM('color',(#10272),#411);
#10272 = PRESENTATION_STYLE_ASSIGNMENT((#10273,#10278));
#10273 = SURFACE_STYLE_USAGE(.BOTH.,#10274);
#10274 = SURFACE_SIDE_STYLE('',(#10275));
#10275 = SURFACE_STYLE_FILL_AREA(#10276);
#10276 = FILL_AREA_STYLE('',(#10277));
#10277 = FILL_AREA_STYLE_COLOUR('',#10178);
#10278 = CURVE_STYLE('',#10279,POSITIVE_LENGTH_MEASURE(0.1),#10178);
#10279 = DRAUGHTING_PRE_DEFINED_CURVE_FONT('continuous');
#10280 = STYLED_ITEM('color',(#10281),#499);
#10281 = PRESENTATION_STYLE_ASSIGNMENT((#10282,#10287));
#10282 = SURFACE_STYLE_USAGE(.BOTH.,#10283);
#10283 = SURFACE_SIDE_STYLE('',(#10284));
#10284 = SURFACE_STYLE_FILL_AREA(#10285);
#10285 = FILL_AREA_STYLE('',(#10286));
#10286 = FILL_AREA_STYLE_COLOUR('',#10178);
#10287 = CURVE_STYLE('',#10288,POSITIVE_LENGTH_MEASURE(0.1),#10178);
#10288 = DRAUGHTING_PRE_DEFINED_CURVE_FONT('continuous');
#10289 = STYLED_ITEM('color',(#10290),#515);
#10290 = PRESENTATION_STYLE_ASSIGNMENT((#10291,#10296));
#10291 = SURFACE_STYLE_USAGE(.BOTH.,#10292);
#10292 = SURFACE_SIDE_STYLE('',(#10293));
#10293 = SURFACE_STYLE_FILL_AREA(#10294);
#10294 = FILL_AREA_STYLE('',(#10295));
#10295 = FILL_AREA_STYLE_COLOUR('',#10178);
#10296 = CURVE_STYLE('',#10297,POSITIVE_LENGTH_MEASURE(0.1),#10178);
#10297 = DRAUGHTING_PRE_DEFINED_CURVE_FONT('continuous');
#10298 = STYLED_ITEM('color',(#10299),#545);
#10299 = PRESENTATION_STYLE_ASSIGNMENT((#10300,#10305));
#10300 = SURFACE_STYLE_USAGE(.BOTH.,#10301);
#10301 = SURFACE_SIDE_STYLE('',(#10302));
#10302 = SURFACE_STYLE_FILL_AREA(#10303);
#10303 = FILL_AREA_STYLE('',(#10304));
#10304 = FILL_AREA_STYLE_COLOUR('',#9979);
#10305 = CURVE_STYLE('',#10306,POSITIVE_LENGTH_MEASURE(0.1),#9979);
#10306 = DRAUGHTING_PRE_DEFINED_CURVE_FONT('continuous');
#10307 = STYLED_ITEM('color',(#10308),#578);
#10308 = PRESENTATION_STYLE_ASSIGNMENT((#10309,#10314));
#10309 = SURFACE_STYLE_USAGE(.BOTH.,#10310);
#10310 = SURFACE_SIDE_STYLE('',(#10311));
#10311 = SURFACE_STYLE_FILL_AREA(#10312);
#10312 = FILL_AREA_STYLE('',(#10313));
#10313 = FILL_AREA_STYLE_COLOUR('',#10178);
#10314 = CURVE_STYLE('',#10315,POSITIVE_LENGTH_MEASURE(0.1),#10178);
#10315 = DRAUGHTING_PRE_DEFINED_CURVE_FONT('continuous');
#10316 = STYLED_ITEM('color',(#10317),#609);
#10317 = PRESENTATION_STYLE_ASSIGNMENT((#10318,#10323));
#10318 = SURFACE_STYLE_USAGE(.BOTH.,#10319);
#10319 = SURFACE_SIDE_STYLE('',(#10320));
#10320 = SURFACE_STYLE_FILL_AREA(#10321);
#10321 = FILL_AREA_STYLE('',(#10322));
#10322 = FILL_AREA_STYLE_COLOUR('',#9979);
#10323 = CURVE_STYLE('',#10324,POSITIVE_LENGTH_MEASURE(0.1),#9979);
#10324 = DRAUGHTING_PRE_DEFINED_CURVE_FONT('continuous');
#10325 = STYLED_ITEM('color',(#10326),#642);
#10326 = PRESENTATION_STYLE_ASSIGNMENT((#10327,#10332));
#10327 = SURFACE_STYLE_USAGE(.BOTH.,#10328);
#10328 = SURFACE_SIDE_STYLE('',(#10329));
#10329 = SURFACE_STYLE_FILL_AREA(#10330);
#10330 = FILL_AREA_STYLE('',(#10331));
#10331 = FILL_AREA_STYLE_COLOUR('',#10178);
#10332 = CURVE_STYLE('',#10333,POSITIVE_LENGTH_MEASURE(0.1),#10178);
#10333 = DRAUGHTING_PRE_DEFINED_CURVE_FONT('continuous');
#10334 = STYLED_ITEM('color',(#10335),#659);
#10335 = PRESENTATION_STYLE_ASSIGNMENT((#10336,#10341));
#10336 = SURFACE_STYLE_USAGE(.BOTH.,#10337);
#10337 = SURFACE_SIDE_STYLE('',(#10338));
#10338 = SURFACE_STYLE_FILL_AREA(#10339);
#10339 = FILL_AREA_STYLE('',(#10340));
#10340 = FILL_AREA_STYLE_COLOUR('',#10178);
#10341 = CURVE_STYLE('',#10342,POSITIVE_LENGTH_MEASURE(0.1),#10178);
#10342 = DRAUGHTING_PRE_DEFINED_CURVE_FONT('continuous');
#10343 = STYLED_ITEM('color',(#10344),#676);
#10344 = PRESENTATION_STYLE_ASSIGNMENT((#10345,#10350));
#10345 = SURFACE_STYLE_USAGE(.BOTH.,#10346);
#10346 = SURFACE_SIDE_STYLE('',(#10347));
#10347 = SURFACE_STYLE_FILL_AREA(#10348);
#10348 = FILL_AREA_STYLE('',(#10349));
#10349 = FILL_AREA_STYLE_COLOUR('',#9979);
#10350 = CURVE_STYLE('',#10351,POSITIVE_LENGTH_MEASURE(0.1),#9979);
#10351 = DRAUGHTING_PRE_DEFINED_CURVE_FONT('continuous');
#10352 = STYLED_ITEM('color',(#10353),#709);
#10353 = PRESENTATION_STYLE_ASSIGNMENT((#10354,#10359));
#10354 = SURFACE_STYLE_USAGE(.BOTH.,#10355);
#10355 = SURFACE_SIDE_STYLE('',(#10356));
#10356 = SURFACE_STYLE_FILL_AREA(#10357);
#10357 = FILL_AREA_STYLE('',(#10358));
#10358 = FILL_AREA_STYLE_COLOUR('',#10178);
#10359 = CURVE_STYLE('',#10360,POSITIVE_LENGTH_MEASURE(0.1),#10178);
#10360 = DRAUGHTING_PRE_DEFINED_CURVE_FONT('continuous');
#10361 = STYLED_ITEM('color',(#10362),#739);
#10362 = PRESENTATION_STYLE_ASSIGNMENT((#10363,#10368));
#10363 = SURFACE_STYLE_USAGE(.BOTH.,#10364);
#10364 = SURFACE_SIDE_STYLE('',(#10365));
#10365 = SURFACE_STYLE_FILL_AREA(#10366);
#10366 = FILL_AREA_STYLE('',(#10367));
#10367 = FILL_AREA_STYLE_COLOUR('',#10178);
#10368 = CURVE_STYLE('',#10369,POSITIVE_LENGTH_MEASURE(0.1),#10178);
#10369 = DRAUGHTING_PRE_DEFINED_CURVE_FONT('continuous');
#10370 = STYLED_ITEM('color',(#10371),#762);
#10371 = PRESENTATION_STYLE_ASSIGNMENT((#10372,#10377));
#10372 = SURFACE_STYLE_USAGE(.BOTH.,#10373);
#10373 = SURFACE_SIDE_STYLE('',(#10374));
#10374 = SURFACE_STYLE_FILL_AREA(#10375);
#10375 = FILL_AREA_STYLE('',(#10376));
#10376 = FILL_AREA_STYLE_COLOUR('',#10178);
#10377 = CURVE_STYLE('',#10378,POSITIVE_LENGTH_MEASURE(0.1),#10178);
#10378 = DRAUGHTING_PRE_DEFINED_CURVE_FONT('continuous');
#10379 = STYLED_ITEM('color',(#10380),#785);
#10380 = PRESENTATION_STYLE_ASSIGNMENT((#10381,#10386));
#10381 = SURFACE_STYLE_USAGE(.BOTH.,#10382);
#10382 = SURFACE_SIDE_STYLE('',(#10383));
#10383 = SURFACE_STYLE_FILL_AREA(#10384);
#10384 = FILL_AREA_STYLE('',(#10385));
#10385 = FILL_AREA_STYLE_COLOUR('',#10178);
#10386 = CURVE_STYLE('',#10387,POSITIVE_LENGTH_MEASURE(0.1),#10178);
#10387 = DRAUGHTING_PRE_DEFINED_CURVE_FONT('continuous');
#10388 = STYLED_ITEM('color',(#10389),#802);
#10389 = PRESENTATION_STYLE_ASSIGNMENT((#10390,#10395));
#10390 = SURFACE_STYLE_USAGE(.BOTH.,#10391);
#10391 = SURFACE_SIDE_STYLE('',(#10392));
#10392 = SURFACE_STYLE_FILL_AREA(#10393);
#10393 = FILL_AREA_STYLE('',(#10394));
#10394 = FILL_AREA_STYLE_COLOUR('',#9979);
#10395 = CURVE_STYLE('',#10396,POSITIVE_LENGTH_MEASURE(0.1),#9979);
#10396 = DRAUGHTING_PRE_DEFINED_CURVE_FONT('continuous');
#10397 = STYLED_ITEM('color',(#10398),#831);
#10398 = PRESENTATION_STYLE_ASSIGNMENT((#10399,#10404));
#10399 = SURFACE_STYLE_USAGE(.BOTH.,#10400);
#10400 = SURFACE_SIDE_STYLE('',(#10401));
#10401 = SURFACE_STYLE_FILL_AREA(#10402);
#10402 = FILL_AREA_STYLE('',(#10403));
#10403 = FILL_AREA_STYLE_COLOUR('',#10178);
#10404 = CURVE_STYLE('',#10405,POSITIVE_LENGTH_MEASURE(0.1),#10178);
#10405 = DRAUGHTING_PRE_DEFINED_CURVE_FONT('continuous');
#10406 = STYLED_ITEM('color',(#10407),#885);
#10407 = PRESENTATION_STYLE_ASSIGNMENT((#10408,#10413));
#10408 = SURFACE_STYLE_USAGE(.BOTH.,#10409);
#10409 = SURFACE_SIDE_STYLE('',(#10410));
#10410 = SURFACE_STYLE_FILL_AREA(#10411);
#10411 = FILL_AREA_STYLE('',(#10412));
#10412 = FILL_AREA_STYLE_COLOUR('',#10178);
#10413 = CURVE_STYLE('',#10414,POSITIVE_LENGTH_MEASURE(0.1),#10178);
#10414 = DRAUGHTING_PRE_DEFINED_CURVE_FONT('continuous');
#10415 = STYLED_ITEM('color',(#10416),#908);
#10416 = PRESENTATION_STYLE_ASSIGNMENT((#10417,#10422));
#10417 = SURFACE_STYLE_USAGE(.BOTH.,#10418);
#10418 = SURFACE_SIDE_STYLE('',(#10419));
#10419 = SURFACE_STYLE_FILL_AREA(#10420);
#10420 = FILL_AREA_STYLE('',(#10421));
#10421 = FILL_AREA_STYLE_COLOUR('',#10178);
#10422 = CURVE_STYLE('',#10423,POSITIVE_LENGTH_MEASURE(0.1),#10178);
#10423 = DRAUGHTING_PRE_DEFINED_CURVE_FONT('continuous');
#10424 = STYLED_ITEM('color',(#10425),#931);
#10425 = PRESENTATION_STYLE_ASSIGNMENT((#10426,#10431));
#10426 = SURFACE_STYLE_USAGE(.BOTH.,#10427);
#10427 = SURFACE_SIDE_STYLE('',(#10428));
#10428 = SURFACE_STYLE_FILL_AREA(#10429);
#10429 = FILL_AREA_STYLE('',(#10430));
#10430 = FILL_AREA_STYLE_COLOUR('',#10178);
#10431 = CURVE_STYLE('',#10432,POSITIVE_LENGTH_MEASURE(0.1),#10178);
#10432 = DRAUGHTING_PRE_DEFINED_CURVE_FONT('continuous');
#10433 = STYLED_ITEM('color',(#10434),#954);
#10434 = PRESENTATION_STYLE_ASSIGNMENT((#10435,#10440));
#10435 = SURFACE_STYLE_USAGE(.BOTH.,#10436);
#10436 = SURFACE_SIDE_STYLE('',(#10437));
#10437 = SURFACE_STYLE_FILL_AREA(#10438);
#10438 = FILL_AREA_STYLE('',(#10439));
#10439 = FILL_AREA_STYLE_COLOUR('',#10178);
#10440 = CURVE_STYLE('',#10441,POSITIVE_LENGTH_MEASURE(0.1),#10178);
#10441 = DRAUGHTING_PRE_DEFINED_CURVE_FONT('continuous');
#10442 = STYLED_ITEM('color',(#10443),#993);
#10443 = PRESENTATION_STYLE_ASSIGNMENT((#10444,#10449));
#10444 = SURFACE_STYLE_USAGE(.BOTH.,#10445);
#10445 = SURFACE_SIDE_STYLE('',(#10446));
#10446 = SURFACE_STYLE_FILL_AREA(#10447);
#10447 = FILL_AREA_STYLE('',(#10448));
#10448 = FILL_AREA_STYLE_COLOUR('',#9979);
#10449 = CURVE_STYLE('',#10450,POSITIVE_LENGTH_MEASURE(0.1),#9979);
#10450 = DRAUGHTING_PRE_DEFINED_CURVE_FONT('continuous');
#10451 = STYLED_ITEM('color',(#10452),#1015);
#10452 = PRESENTATION_STYLE_ASSIGNMENT((#10453,#10458));
#10453 = SURFACE_STYLE_USAGE(.BOTH.,#10454);
#10454 = SURFACE_SIDE_STYLE('',(#10455));
#10455 = SURFACE_STYLE_FILL_AREA(#10456);
#10456 = FILL_AREA_STYLE('',(#10457));
#10457 = FILL_AREA_STYLE_COLOUR('',#10178);
#10458 = CURVE_STYLE('',#10459,POSITIVE_LENGTH_MEASURE(0.1),#10178);
#10459 = DRAUGHTING_PRE_DEFINED_CURVE_FONT('continuous');
#10460 = STYLED_ITEM('color',(#10461),#1059);
#10461 = PRESENTATION_STYLE_ASSIGNMENT((#10462,#10467));
#10462 = SURFACE_STYLE_USAGE(.BOTH.,#10463);
#10463 = SURFACE_SIDE_STYLE('',(#10464));
#10464 = SURFACE_STYLE_FILL_AREA(#10465);
#10465 = FILL_AREA_STYLE('',(#10466));
#10466 = FILL_AREA_STYLE_COLOUR('',#9979);
#10467 = CURVE_STYLE('',#10468,POSITIVE_LENGTH_MEASURE(0.1),#9979);
#10468 = DRAUGHTING_PRE_DEFINED_CURVE_FONT('continuous');
#10469 = STYLED_ITEM('color',(#10470),#1134);
#10470 = PRESENTATION_STYLE_ASSIGNMENT((#10471,#10476));
#10471 = SURFACE_STYLE_USAGE(.BOTH.,#10472);
#10472 = SURFACE_SIDE_STYLE('',(#10473));
#10473 = SURFACE_STYLE_FILL_AREA(#10474);
#10474 = FILL_AREA_STYLE('',(#10475));
#10475 = FILL_AREA_STYLE_COLOUR('',#9979);
#10476 = CURVE_STYLE('',#10477,POSITIVE_LENGTH_MEASURE(0.1),#9979);
#10477 = DRAUGHTING_PRE_DEFINED_CURVE_FONT('continuous');
#10478 = STYLED_ITEM('color',(#10479),#1158);
#10479 = PRESENTATION_STYLE_ASSIGNMENT((#10480,#10485));
#10480 = SURFACE_STYLE_USAGE(.BOTH.,#10481);
#10481 = SURFACE_SIDE_STYLE('',(#10482));
#10482 = SURFACE_STYLE_FILL_AREA(#10483);
#10483 = FILL_AREA_STYLE('',(#10484));
#10484 = FILL_AREA_STYLE_COLOUR('',#9979);
#10485 = CURVE_STYLE('',#10486,POSITIVE_LENGTH_MEASURE(0.1),#9979);
#10486 = DRAUGHTING_PRE_DEFINED_CURVE_FONT('continuous');
#10487 = STYLED_ITEM('color',(#10488),#1226);
#10488 = PRESENTATION_STYLE_ASSIGNMENT((#10489,#10494));
#10489 = SURFACE_STYLE_USAGE(.BOTH.,#10490);
#10490 = SURFACE_SIDE_STYLE('',(#10491));
#10491 = SURFACE_STYLE_FILL_AREA(#10492);
#10492 = FILL_AREA_STYLE('',(#10493));
#10493 = FILL_AREA_STYLE_COLOUR('',#10178);
#10494 = CURVE_STYLE('',#10495,POSITIVE_LENGTH_MEASURE(0.1),#10178);
#10495 = DRAUGHTING_PRE_DEFINED_CURVE_FONT('continuous');
#10496 = STYLED_ITEM('color',(#10497),#1243);
#10497 = PRESENTATION_STYLE_ASSIGNMENT((#10498,#10503));
#10498 = SURFACE_STYLE_USAGE(.BOTH.,#10499);
#10499 = SURFACE_SIDE_STYLE('',(#10500));
#10500 = SURFACE_STYLE_FILL_AREA(#10501);
#10501 = FILL_AREA_STYLE('',(#10502));
#10502 = FILL_AREA_STYLE_COLOUR('',#9979);
#10503 = CURVE_STYLE('',#10504,POSITIVE_LENGTH_MEASURE(0.1),#9979);
#10504 = DRAUGHTING_PRE_DEFINED_CURVE_FONT('continuous');
#10505 = STYLED_ITEM('color',(#10506),#1318);
#10506 = PRESENTATION_STYLE_ASSIGNMENT((#10507,#10512));
#10507 = SURFACE_STYLE_USAGE(.BOTH.,#10508);
#10508 = SURFACE_SIDE_STYLE('',(#10509));
#10509 = SURFACE_STYLE_FILL_AREA(#10510);
#10510 = FILL_AREA_STYLE('',(#10511));
#10511 = FILL_AREA_STYLE_COLOUR('',#9979);
#10512 = CURVE_STYLE('',#10513,POSITIVE_LENGTH_MEASURE(0.1),#9979);
#10513 = DRAUGHTING_PRE_DEFINED_CURVE_FONT('continuous');
#10514 = STYLED_ITEM('color',(#10515),#1342);
#10515 = PRESENTATION_STYLE_ASSIGNMENT((#10516,#10521));
#10516 = SURFACE_STYLE_USAGE(.BOTH.,#10517);
#10517 = SURFACE_SIDE_STYLE('',(#10518));
#10518 = SURFACE_STYLE_FILL_AREA(#10519);
#10519 = FILL_AREA_STYLE('',(#10520));
#10520 = FILL_AREA_STYLE_COLOUR('',#9979);
#10521 = CURVE_STYLE('',#10522,POSITIVE_LENGTH_MEASURE(0.1),#9979);
#10522 = DRAUGHTING_PRE_DEFINED_CURVE_FONT('continuous');
#10523 = STYLED_ITEM('color',(#10524),#1410);
#10524 = PRESENTATION_STYLE_ASSIGNMENT((#10525,#10530));
#10525 = SURFACE_STYLE_USAGE(.BOTH.,#10526);
#10526 = SURFACE_SIDE_STYLE('',(#10527));
#10527 = SURFACE_STYLE_FILL_AREA(#10528);
#10528 = FILL_AREA_STYLE('',(#10529));
#10529 = FILL_AREA_STYLE_COLOUR('',#9979);
#10530 = CURVE_STYLE('',#10531,POSITIVE_LENGTH_MEASURE(0.1),#9979);
#10531 = DRAUGHTING_PRE_DEFINED_CURVE_FONT('continuous');
#10532 = STYLED_ITEM('color',(#10533),#1485);
#10533 = PRESENTATION_STYLE_ASSIGNMENT((#10534,#10539));
#10534 = SURFACE_STYLE_USAGE(.BOTH.,#10535);
#10535 = SURFACE_SIDE_STYLE('',(#10536));
#10536 = SURFACE_STYLE_FILL_AREA(#10537);
#10537 = FILL_AREA_STYLE('',(#10538));
#10538 = FILL_AREA_STYLE_COLOUR('',#9979);
#10539 = CURVE_STYLE('',#10540,POSITIVE_LENGTH_MEASURE(0.1),#9979);
#10540 = DRAUGHTING_PRE_DEFINED_CURVE_FONT('continuous');
#10541 = STYLED_ITEM('color',(#10542),#1509);
#10542 = PRESENTATION_STYLE_ASSIGNMENT((#10543,#10548));
#10543 = SURFACE_STYLE_USAGE(.BOTH.,#10544);
#10544 = SURFACE_SIDE_STYLE('',(#10545));
#10545 = SURFACE_STYLE_FILL_AREA(#10546);
#10546 = FILL_AREA_STYLE('',(#10547));
#10547 = FILL_AREA_STYLE_COLOUR('',#9979);
#10548 = CURVE_STYLE('',#10549,POSITIVE_LENGTH_MEASURE(0.1),#9979);
#10549 = DRAUGHTING_PRE_DEFINED_CURVE_FONT('continuous');
#10550 = STYLED_ITEM('color',(#10551),#1577);
#10551 = PRESENTATION_STYLE_ASSIGNMENT((#10552,#10557));
#10552 = SURFACE_STYLE_USAGE(.BOTH.,#10553);
#10553 = SURFACE_SIDE_STYLE('',(#10554));
#10554 = SURFACE_STYLE_FILL_AREA(#10555);
#10555 = FILL_AREA_STYLE('',(#10556));
#10556 = FILL_AREA_STYLE_COLOUR('',#9979);
#10557 = CURVE_STYLE('',#10558,POSITIVE_LENGTH_MEASURE(0.1),#9979);
#10558 = DRAUGHTING_PRE_DEFINED_CURVE_FONT('continuous');
#10559 = STYLED_ITEM('color',(#10560),#1594);
#10560 = PRESENTATION_STYLE_ASSIGNMENT((#10561,#10566));
#10561 = SURFACE_STYLE_USAGE(.BOTH.,#10562);
#10562 = SURFACE_SIDE_STYLE('',(#10563));
#10563 = SURFACE_STYLE_FILL_AREA(#10564);
#10564 = FILL_AREA_STYLE('',(#10565));
#10565 = FILL_AREA_STYLE_COLOUR('',#9979);
#10566 = CURVE_STYLE('',#10567,POSITIVE_LENGTH_MEASURE(0.1),#9979);
#10567 = DRAUGHTING_PRE_DEFINED_CURVE_FONT('continuous');
#10568 = STYLED_ITEM('color',(#10569),#1611);
#10569 = PRESENTATION_STYLE_ASSIGNMENT((#10570,#10575));
#10570 = SURFACE_STYLE_USAGE(.BOTH.,#10571);
#10571 = SURFACE_SIDE_STYLE('',(#10572));
#10572 = SURFACE_STYLE_FILL_AREA(#10573);
#10573 = FILL_AREA_STYLE('',(#10574));
#10574 = FILL_AREA_STYLE_COLOUR('',#10178);
#10575 = CURVE_STYLE('',#10576,POSITIVE_LENGTH_MEASURE(0.1),#10178);
#10576 = DRAUGHTING_PRE_DEFINED_CURVE_FONT('continuous');
#10577 = STYLED_ITEM('color',(#10578),#1657);
#10578 = PRESENTATION_STYLE_ASSIGNMENT((#10579,#10584));
#10579 = SURFACE_STYLE_USAGE(.BOTH.,#10580);
#10580 = SURFACE_SIDE_STYLE('',(#10581));
#10581 = SURFACE_STYLE_FILL_AREA(#10582);
#10582 = FILL_AREA_STYLE('',(#10583));
#10583 = FILL_AREA_STYLE_COLOUR('',#10178);
#10584 = CURVE_STYLE('',#10585,POSITIVE_LENGTH_MEASURE(0.1),#10178);
#10585 = DRAUGHTING_PRE_DEFINED_CURVE_FONT('continuous');
#10586 = STYLED_ITEM('color',(#10587),#1673);
#10587 = PRESENTATION_STYLE_ASSIGNMENT((#10588,#10593));
#10588 = SURFACE_STYLE_USAGE(.BOTH.,#10589);
#10589 = SURFACE_SIDE_STYLE('',(#10590));
#10590 = SURFACE_STYLE_FILL_AREA(#10591);
#10591 = FILL_AREA_STYLE('',(#10592));
#10592 = FILL_AREA_STYLE_COLOUR('',#10178);
#10593 = CURVE_STYLE('',#10594,POSITIVE_LENGTH_MEASURE(0.1),#10178);
#10594 = DRAUGHTING_PRE_DEFINED_CURVE_FONT('continuous');
#10595 = STYLED_ITEM('color',(#10596),#1689);
#10596 = PRESENTATION_STYLE_ASSIGNMENT((#10597,#10602));
#10597 = SURFACE_STYLE_USAGE(.BOTH.,#10598);
#10598 = SURFACE_SIDE_STYLE('',(#10599));
#10599 = SURFACE_STYLE_FILL_AREA(#10600);
#10600 = FILL_AREA_STYLE('',(#10601));
#10601 = FILL_AREA_STYLE_COLOUR('',#9979);
#10602 = CURVE_STYLE('',#10603,POSITIVE_LENGTH_MEASURE(0.1),#9979);
#10603 = DRAUGHTING_PRE_DEFINED_CURVE_FONT('continuous');
#10604 = STYLED_ITEM('color',(#10605),#1706);
#10605 = PRESENTATION_STYLE_ASSIGNMENT((#10606,#10611));
#10606 = SURFACE_STYLE_USAGE(.BOTH.,#10607);
#10607 = SURFACE_SIDE_STYLE('',(#10608));
#10608 = SURFACE_STYLE_FILL_AREA(#10609);
#10609 = FILL_AREA_STYLE('',(#10610));
#10610 = FILL_AREA_STYLE_COLOUR('',#10178);
#10611 = CURVE_STYLE('',#10612,POSITIVE_LENGTH_MEASURE(0.1),#10178);
#10612 = DRAUGHTING_PRE_DEFINED_CURVE_FONT('continuous');
#10613 = STYLED_ITEM('color',(#10614),#1718);
#10614 = PRESENTATION_STYLE_ASSIGNMENT((#10615,#10620));
#10615 = SURFACE_STYLE_USAGE(.BOTH.,#10616);
#10616 = SURFACE_SIDE_STYLE('',(#10617));
#10617 = SURFACE_STYLE_FILL_AREA(#10618);
#10618 = FILL_AREA_STYLE('',(#10619));
#10619 = FILL_AREA_STYLE_COLOUR('',#9979);
#10620 = CURVE_STYLE('',#10621,POSITIVE_LENGTH_MEASURE(0.1),#9979);
#10621 = DRAUGHTING_PRE_DEFINED_CURVE_FONT('continuous');
#10622 = STYLED_ITEM('color',(#10623),#1735);
#10623 = PRESENTATION_STYLE_ASSIGNMENT((#10624,#10629));
#10624 = SURFACE_STYLE_USAGE(.BOTH.,#10625);
#10625 = SURFACE_SIDE_STYLE('',(#10626));
#10626 = SURFACE_STYLE_FILL_AREA(#10627);
#10627 = FILL_AREA_STYLE('',(#10628));
#10628 = FILL_AREA_STYLE_COLOUR('',#9979);
#10629 = CURVE_STYLE('',#10630,POSITIVE_LENGTH_MEASURE(0.1),#9979);
#10630 = DRAUGHTING_PRE_DEFINED_CURVE_FONT('continuous');
#10631 = STYLED_ITEM('color',(#10632),#1752);
#10632 = PRESENTATION_STYLE_ASSIGNMENT((#10633,#10638));
#10633 = SURFACE_STYLE_USAGE(.BOTH.,#10634);
#10634 = SURFACE_SIDE_STYLE('',(#10635));
#10635 = SURFACE_STYLE_FILL_AREA(#10636);
#10636 = FILL_AREA_STYLE('',(#10637));
#10637 = FILL_AREA_STYLE_COLOUR('',#9979);
#10638 = CURVE_STYLE('',#10639,POSITIVE_LENGTH_MEASURE(0.1),#9979);
#10639 = DRAUGHTING_PRE_DEFINED_CURVE_FONT('continuous');
#10640 = STYLED_ITEM('color',(#10641),#1769);
#10641 = PRESENTATION_STYLE_ASSIGNMENT((#10642,#10647));
#10642 = SURFACE_STYLE_USAGE(.BOTH.,#10643);
#10643 = SURFACE_SIDE_STYLE('',(#10644));
#10644 = SURFACE_STYLE_FILL_AREA(#10645);
#10645 = FILL_AREA_STYLE('',(#10646));
#10646 = FILL_AREA_STYLE_COLOUR('',#9979);
#10647 = CURVE_STYLE('',#10648,POSITIVE_LENGTH_MEASURE(0.1),#9979);
#10648 = DRAUGHTING_PRE_DEFINED_CURVE_FONT('continuous');
#10649 = STYLED_ITEM('color',(#10650),#1786);
#10650 = PRESENTATION_STYLE_ASSIGNMENT((#10651,#10656));
#10651 = SURFACE_STYLE_USAGE(.BOTH.,#10652);
#10652 = SURFACE_SIDE_STYLE('',(#10653));
#10653 = SURFACE_STYLE_FILL_AREA(#10654);
#10654 = FILL_AREA_STYLE('',(#10655));
#10655 = FILL_AREA_STYLE_COLOUR('',#9979);
#10656 = CURVE_STYLE('',#10657,POSITIVE_LENGTH_MEASURE(0.1),#9979);
#10657 = DRAUGHTING_PRE_DEFINED_CURVE_FONT('continuous');
#10658 = STYLED_ITEM('color',(#10659),#1803);
#10659 = PRESENTATION_STYLE_ASSIGNMENT((#10660,#10665));
#10660 = SURFACE_STYLE_USAGE(.BOTH.,#10661);
#10661 = SURFACE_SIDE_STYLE('',(#10662));
#10662 = SURFACE_STYLE_FILL_AREA(#10663);
#10663 = FILL_AREA_STYLE('',(#10664));
#10664 = FILL_AREA_STYLE_COLOUR('',#9979);
#10665 = CURVE_STYLE('',#10666,POSITIVE_LENGTH_MEASURE(0.1),#9979);
#10666 = DRAUGHTING_PRE_DEFINED_CURVE_FONT('continuous');
#10667 = STYLED_ITEM('color',(#10668),#1820);
#10668 = PRESENTATION_STYLE_ASSIGNMENT((#10669,#10674));
#10669 = SURFACE_STYLE_USAGE(.BOTH.,#10670);
#10670 = SURFACE_SIDE_STYLE('',(#10671));
#10671 = SURFACE_STYLE_FILL_AREA(#10672);
#10672 = FILL_AREA_STYLE('',(#10673));
#10673 = FILL_AREA_STYLE_COLOUR('',#9979);
#10674 = CURVE_STYLE('',#10675,POSITIVE_LENGTH_MEASURE(0.1),#9979);
#10675 = DRAUGHTING_PRE_DEFINED_CURVE_FONT('continuous');
#10676 = STYLED_ITEM('color',(#10677),#1832);
#10677 = PRESENTATION_STYLE_ASSIGNMENT((#10678,#10683));
#10678 = SURFACE_STYLE_USAGE(.BOTH.,#10679);
#10679 = SURFACE_SIDE_STYLE('',(#10680));
#10680 = SURFACE_STYLE_FILL_AREA(#10681);
#10681 = FILL_AREA_STYLE('',(#10682));
#10682 = FILL_AREA_STYLE_COLOUR('',#9979);
#10683 = CURVE_STYLE('',#10684,POSITIVE_LENGTH_MEASURE(0.1),#9979);
#10684 = DRAUGHTING_PRE_DEFINED_CURVE_FONT('continuous');
#10685 = STYLED_ITEM('color',(#10686),#1849);
#10686 = PRESENTATION_STYLE_ASSIGNMENT((#10687,#10692));
#10687 = SURFACE_STYLE_USAGE(.BOTH.,#10688);
#10688 = SURFACE_SIDE_STYLE('',(#10689));
#10689 = SURFACE_STYLE_FILL_AREA(#10690);
#10690 = FILL_AREA_STYLE('',(#10691));
#10691 = FILL_AREA_STYLE_COLOUR('',#9979);
#10692 = CURVE_STYLE('',#10693,POSITIVE_LENGTH_MEASURE(0.1),#9979);
#10693 = DRAUGHTING_PRE_DEFINED_CURVE_FONT('continuous');
#10694 = STYLED_ITEM('color',(#10695),#1866);
#10695 = PRESENTATION_STYLE_ASSIGNMENT((#10696,#10701));
#10696 = SURFACE_STYLE_USAGE(.BOTH.,#10697);
#10697 = SURFACE_SIDE_STYLE('',(#10698));
#10698 = SURFACE_STYLE_FILL_AREA(#10699);
#10699 = FILL_AREA_STYLE('',(#10700));
#10700 = FILL_AREA_STYLE_COLOUR('',#9979);
#10701 = CURVE_STYLE('',#10702,POSITIVE_LENGTH_MEASURE(0.1),#9979);
#10702 = DRAUGHTING_PRE_DEFINED_CURVE_FONT('continuous');
#10703 = STYLED_ITEM('color',(#10704),#1883);
#10704 = PRESENTATION_STYLE_ASSIGNMENT((#10705,#10710));
#10705 = SURFACE_STYLE_USAGE(.BOTH.,#10706);
#10706 = SURFACE_SIDE_STYLE('',(#10707));
#10707 = SURFACE_STYLE_FILL_AREA(#10708);
#10708 = FILL_AREA_STYLE('',(#10709));
#10709 = FILL_AREA_STYLE_COLOUR('',#9979);
#10710 = CURVE_STYLE('',#10711,POSITIVE_LENGTH_MEASURE(0.1),#9979);
#10711 = DRAUGHTING_PRE_DEFINED_CURVE_FONT('continuous');
#10712 = STYLED_ITEM('color',(#10713),#1900);
#10713 = PRESENTATION_STYLE_ASSIGNMENT((#10714,#10719));
#10714 = SURFACE_STYLE_USAGE(.BOTH.,#10715);
#10715 = SURFACE_SIDE_STYLE('',(#10716));
#10716 = SURFACE_STYLE_FILL_AREA(#10717);
#10717 = FILL_AREA_STYLE('',(#10718));
#10718 = FILL_AREA_STYLE_COLOUR('',#9979);
#10719 = CURVE_STYLE('',#10720,POSITIVE_LENGTH_MEASURE(0.1),#9979);
#10720 = DRAUGHTING_PRE_DEFINED_CURVE_FONT('continuous');
#10721 = STYLED_ITEM('color',(#10722),#1917);
#10722 = PRESENTATION_STYLE_ASSIGNMENT((#10723,#10728));
#10723 = SURFACE_STYLE_USAGE(.BOTH.,#10724);
#10724 = SURFACE_SIDE_STYLE('',(#10725));
#10725 = SURFACE_STYLE_FILL_AREA(#10726);
#10726 = FILL_AREA_STYLE('',(#10727));
#10727 = FILL_AREA_STYLE_COLOUR('',#9979);
#10728 = CURVE_STYLE('',#10729,POSITIVE_LENGTH_MEASURE(0.1),#9979);
#10729 = DRAUGHTING_PRE_DEFINED_CURVE_FONT('continuous');
#10730 = STYLED_ITEM('color',(#10731),#1929);
#10731 = PRESENTATION_STYLE_ASSIGNMENT((#10732,#10737));
#10732 = SURFACE_STYLE_USAGE(.BOTH.,#10733);
#10733 = SURFACE_SIDE_STYLE('',(#10734));
#10734 = SURFACE_STYLE_FILL_AREA(#10735);
#10735 = FILL_AREA_STYLE('',(#10736));
#10736 = FILL_AREA_STYLE_COLOUR('',#9979);
#10737 = CURVE_STYLE('',#10738,POSITIVE_LENGTH_MEASURE(0.1),#9979);
#10738 = DRAUGHTING_PRE_DEFINED_CURVE_FONT('continuous');
#10739 = STYLED_ITEM('color',(#10740),#1946);
#10740 = PRESENTATION_STYLE_ASSIGNMENT((#10741,#10746));
#10741 = SURFACE_STYLE_USAGE(.BOTH.,#10742);
#10742 = SURFACE_SIDE_STYLE('',(#10743));
#10743 = SURFACE_STYLE_FILL_AREA(#10744);
#10744 = FILL_AREA_STYLE('',(#10745));
#10745 = FILL_AREA_STYLE_COLOUR('',#9979);
#10746 = CURVE_STYLE('',#10747,POSITIVE_LENGTH_MEASURE(0.1),#9979);
#10747 = DRAUGHTING_PRE_DEFINED_CURVE_FONT('continuous');
#10748 = STYLED_ITEM('color',(#10749),#1963);
#10749 = PRESENTATION_STYLE_ASSIGNMENT((#10750,#10755));
#10750 = SURFACE_STYLE_USAGE(.BOTH.,#10751);
#10751 = SURFACE_SIDE_STYLE('',(#10752));
#10752 = SURFACE_STYLE_FILL_AREA(#10753);
#10753 = FILL_AREA_STYLE('',(#10754));
#10754 = FILL_AREA_STYLE_COLOUR('',#9979);
#10755 = CURVE_STYLE('',#10756,POSITIVE_LENGTH_MEASURE(0.1),#9979);
#10756 = DRAUGHTING_PRE_DEFINED_CURVE_FONT('continuous');
#10757 = STYLED_ITEM('color',(#10758),#1980);
#10758 = PRESENTATION_STYLE_ASSIGNMENT((#10759,#10764));
#10759 = SURFACE_STYLE_USAGE(.BOTH.,#10760);
#10760 = SURFACE_SIDE_STYLE('',(#10761));
#10761 = SURFACE_STYLE_FILL_AREA(#10762);
#10762 = FILL_AREA_STYLE('',(#10763));
#10763 = FILL_AREA_STYLE_COLOUR('',#9979);
#10764 = CURVE_STYLE('',#10765,POSITIVE_LENGTH_MEASURE(0.1),#9979);
#10765 = DRAUGHTING_PRE_DEFINED_CURVE_FONT('continuous');
#10766 = STYLED_ITEM('color',(#10767),#1997);
#10767 = PRESENTATION_STYLE_ASSIGNMENT((#10768,#10773));
#10768 = SURFACE_STYLE_USAGE(.BOTH.,#10769);
#10769 = SURFACE_SIDE_STYLE('',(#10770));
#10770 = SURFACE_STYLE_FILL_AREA(#10771);
#10771 = FILL_AREA_STYLE('',(#10772));
#10772 = FILL_AREA_STYLE_COLOUR('',#9979);
#10773 = CURVE_STYLE('',#10774,POSITIVE_LENGTH_MEASURE(0.1),#9979);
#10774 = DRAUGHTING_PRE_DEFINED_CURVE_FONT('continuous');
#10775 = STYLED_ITEM('color',(#10776),#2014);
#10776 = PRESENTATION_STYLE_ASSIGNMENT((#10777,#10782));
#10777 = SURFACE_STYLE_USAGE(.BOTH.,#10778);
#10778 = SURFACE_SIDE_STYLE('',(#10779));
#10779 = SURFACE_STYLE_FILL_AREA(#10780);
#10780 = FILL_AREA_STYLE('',(#10781));
#10781 = FILL_AREA_STYLE_COLOUR('',#9979);
#10782 = CURVE_STYLE('',#10783,POSITIVE_LENGTH_MEASURE(0.1),#9979);
#10783 = DRAUGHTING_PRE_DEFINED_CURVE_FONT('continuous');
#10784 = STYLED_ITEM('color',(#10785),#2026);
#10785 = PRESENTATION_STYLE_ASSIGNMENT((#10786,#10792));
#10786 = SURFACE_STYLE_USAGE(.BOTH.,#10787);
#10787 = SURFACE_SIDE_STYLE('',(#10788));
#10788 = SURFACE_STYLE_FILL_AREA(#10789);
#10789 = FILL_AREA_STYLE('',(#10790));
#10790 = FILL_AREA_STYLE_COLOUR('',#10791);
#10791 = COLOUR_RGB('',0.690999998585,0.664000007176,0.597999987832);
#10792 = CURVE_STYLE('',#10793,POSITIVE_LENGTH_MEASURE(0.1),#10791);
#10793 = DRAUGHTING_PRE_DEFINED_CURVE_FONT('continuous');
#10794 = MECHANICAL_DESIGN_GEOMETRIC_PRESENTATION_REPRESENTATION('',(
    #10795,#10803,#10810,#10817,#10824,#10831,#10838,#10845,#10853,
    #10860,#10867,#10874,#10881,#10888,#10895,#10902,#10909,#10916,
    #10923,#10930,#10937,#10944,#10951,#10958,#10965,#10972,#10979,
    #10986,#10993,#11000,#11007,#11014,#11021,#11028,#11035,#11042,
    #11050,#11057,#11064,#11071,#11078,#11085,#11092,#11099,#11106,
    #11113,#11120,#11127,#11134,#11141),#9758);
#10795 = STYLED_ITEM('color',(#10796),#8237);
#10796 = PRESENTATION_STYLE_ASSIGNMENT((#10797));
#10797 = SURFACE_STYLE_USAGE(.BOTH.,#10798);
#10798 = SURFACE_SIDE_STYLE('',(#10799));
#10799 = SURFACE_STYLE_FILL_AREA(#10800);
#10800 = FILL_AREA_STYLE('',(#10801));
#10801 = FILL_AREA_STYLE_COLOUR('',#10802);
#10802 = COLOUR_RGB('',0.894999966383,0.890999961016,0.813000030345);
#10803 = STYLED_ITEM('color',(#10804),#8277);
#10804 = PRESENTATION_STYLE_ASSIGNMENT((#10805));
#10805 = SURFACE_STYLE_USAGE(.BOTH.,#10806);
#10806 = SURFACE_SIDE_STYLE('',(#10807));
#10807 = SURFACE_STYLE_FILL_AREA(#10808);
#10808 = FILL_AREA_STYLE('',(#10809));
#10809 = FILL_AREA_STYLE_COLOUR('',#10802);
#10810 = STYLED_ITEM('color',(#10811),#8324);
#10811 = PRESENTATION_STYLE_ASSIGNMENT((#10812));
#10812 = SURFACE_STYLE_USAGE(.BOTH.,#10813);
#10813 = SURFACE_SIDE_STYLE('',(#10814));
#10814 = SURFACE_STYLE_FILL_AREA(#10815);
#10815 = FILL_AREA_STYLE('',(#10816));
#10816 = FILL_AREA_STYLE_COLOUR('',#10802);
#10817 = STYLED_ITEM('color',(#10818),#8403);
#10818 = PRESENTATION_STYLE_ASSIGNMENT((#10819));
#10819 = SURFACE_STYLE_USAGE(.BOTH.,#10820);
#10820 = SURFACE_SIDE_STYLE('',(#10821));
#10821 = SURFACE_STYLE_FILL_AREA(#10822);
#10822 = FILL_AREA_STYLE('',(#10823));
#10823 = FILL_AREA_STYLE_COLOUR('',#10802);
#10824 = STYLED_ITEM('color',(#10825),#8427);
#10825 = PRESENTATION_STYLE_ASSIGNMENT((#10826));
#10826 = SURFACE_STYLE_USAGE(.BOTH.,#10827);
#10827 = SURFACE_SIDE_STYLE('',(#10828));
#10828 = SURFACE_STYLE_FILL_AREA(#10829);
#10829 = FILL_AREA_STYLE('',(#10830));
#10830 = FILL_AREA_STYLE_COLOUR('',#10802);
#10831 = STYLED_ITEM('color',(#10832),#8467);
#10832 = PRESENTATION_STYLE_ASSIGNMENT((#10833));
#10833 = SURFACE_STYLE_USAGE(.BOTH.,#10834);
#10834 = SURFACE_SIDE_STYLE('',(#10835));
#10835 = SURFACE_STYLE_FILL_AREA(#10836);
#10836 = FILL_AREA_STYLE('',(#10837));
#10837 = FILL_AREA_STYLE_COLOUR('',#10802);
#10838 = STYLED_ITEM('color',(#10839),#8498);
#10839 = PRESENTATION_STYLE_ASSIGNMENT((#10840));
#10840 = SURFACE_STYLE_USAGE(.BOTH.,#10841);
#10841 = SURFACE_SIDE_STYLE('',(#10842));
#10842 = SURFACE_STYLE_FILL_AREA(#10843);
#10843 = FILL_AREA_STYLE('',(#10844));
#10844 = FILL_AREA_STYLE_COLOUR('',#10802);
#10845 = STYLED_ITEM('color',(#10846),#8515);
#10846 = PRESENTATION_STYLE_ASSIGNMENT((#10847));
#10847 = SURFACE_STYLE_USAGE(.BOTH.,#10848);
#10848 = SURFACE_SIDE_STYLE('',(#10849));
#10849 = SURFACE_STYLE_FILL_AREA(#10850);
#10850 = FILL_AREA_STYLE('',(#10851));
#10851 = FILL_AREA_STYLE_COLOUR('',#10852);
#10852 = COLOUR_RGB('',0.859000020776,0.737999965183,0.495999988746);
#10853 = STYLED_ITEM('color',(#10854),#8548);
#10854 = PRESENTATION_STYLE_ASSIGNMENT((#10855));
#10855 = SURFACE_STYLE_USAGE(.BOTH.,#10856);
#10856 = SURFACE_SIDE_STYLE('',(#10857));
#10857 = SURFACE_STYLE_FILL_AREA(#10858);
#10858 = FILL_AREA_STYLE('',(#10859));
#10859 = FILL_AREA_STYLE_COLOUR('',#10802);
#10860 = STYLED_ITEM('color',(#10861),#8572);
#10861 = PRESENTATION_STYLE_ASSIGNMENT((#10862));
#10862 = SURFACE_STYLE_USAGE(.BOTH.,#10863);
#10863 = SURFACE_SIDE_STYLE('',(#10864));
#10864 = SURFACE_STYLE_FILL_AREA(#10865);
#10865 = FILL_AREA_STYLE('',(#10866));
#10866 = FILL_AREA_STYLE_COLOUR('',#10852);
#10867 = STYLED_ITEM('color',(#10868),#8639);
#10868 = PRESENTATION_STYLE_ASSIGNMENT((#10869));
#10869 = SURFACE_STYLE_USAGE(.BOTH.,#10870);
#10870 = SURFACE_SIDE_STYLE('',(#10871));
#10871 = SURFACE_STYLE_FILL_AREA(#10872);
#10872 = FILL_AREA_STYLE('',(#10873));
#10873 = FILL_AREA_STYLE_COLOUR('',#10802);
#10874 = STYLED_ITEM('color',(#10875),#8760);
#10875 = PRESENTATION_STYLE_ASSIGNMENT((#10876));
#10876 = SURFACE_STYLE_USAGE(.BOTH.,#10877);
#10877 = SURFACE_SIDE_STYLE('',(#10878));
#10878 = SURFACE_STYLE_FILL_AREA(#10879);
#10879 = FILL_AREA_STYLE('',(#10880));
#10880 = FILL_AREA_STYLE_COLOUR('',#10852);
#10881 = STYLED_ITEM('color',(#10882),#8827);
#10882 = PRESENTATION_STYLE_ASSIGNMENT((#10883));
#10883 = SURFACE_STYLE_USAGE(.BOTH.,#10884);
#10884 = SURFACE_SIDE_STYLE('',(#10885));
#10885 = SURFACE_STYLE_FILL_AREA(#10886);
#10886 = FILL_AREA_STYLE('',(#10887));
#10887 = FILL_AREA_STYLE_COLOUR('',#10802);
#10888 = STYLED_ITEM('color',(#10889),#8851);
#10889 = PRESENTATION_STYLE_ASSIGNMENT((#10890));
#10890 = SURFACE_STYLE_USAGE(.BOTH.,#10891);
#10891 = SURFACE_SIDE_STYLE('',(#10892));
#10892 = SURFACE_STYLE_FILL_AREA(#10893);
#10893 = FILL_AREA_STYLE('',(#10894));
#10894 = FILL_AREA_STYLE_COLOUR('',#10802);
#10895 = STYLED_ITEM('color',(#10896),#8882);
#10896 = PRESENTATION_STYLE_ASSIGNMENT((#10897));
#10897 = SURFACE_STYLE_USAGE(.BOTH.,#10898);
#10898 = SURFACE_SIDE_STYLE('',(#10899));
#10899 = SURFACE_STYLE_FILL_AREA(#10900);
#10900 = FILL_AREA_STYLE('',(#10901));
#10901 = FILL_AREA_STYLE_COLOUR('',#10852);
#10902 = STYLED_ITEM('color',(#10903),#8915);
#10903 = PRESENTATION_STYLE_ASSIGNMENT((#10904));
#10904 = SURFACE_STYLE_USAGE(.BOTH.,#10905);
#10905 = SURFACE_SIDE_STYLE('',(#10906));
#10906 = SURFACE_STYLE_FILL_AREA(#10907);
#10907 = FILL_AREA_STYLE('',(#10908));
#10908 = FILL_AREA_STYLE_COLOUR('',#10802);
#10909 = STYLED_ITEM('color',(#10910),#8971);
#10910 = PRESENTATION_STYLE_ASSIGNMENT((#10911));
#10911 = SURFACE_STYLE_USAGE(.BOTH.,#10912);
#10912 = SURFACE_SIDE_STYLE('',(#10913));
#10913 = SURFACE_STYLE_FILL_AREA(#10914);
#10914 = FILL_AREA_STYLE('',(#10915));
#10915 = FILL_AREA_STYLE_COLOUR('',#10852);
#10916 = STYLED_ITEM('color',(#10917),#8995);
#10917 = PRESENTATION_STYLE_ASSIGNMENT((#10918));
#10918 = SURFACE_STYLE_USAGE(.BOTH.,#10919);
#10919 = SURFACE_SIDE_STYLE('',(#10920));
#10920 = SURFACE_STYLE_FILL_AREA(#10921);
#10921 = FILL_AREA_STYLE('',(#10922));
#10922 = FILL_AREA_STYLE_COLOUR('',#10852);
#10923 = STYLED_ITEM('color',(#10924),#9019);
#10924 = PRESENTATION_STYLE_ASSIGNMENT((#10925));
#10925 = SURFACE_STYLE_USAGE(.BOTH.,#10926);
#10926 = SURFACE_SIDE_STYLE('',(#10927));
#10927 = SURFACE_STYLE_FILL_AREA(#10928);
#10928 = FILL_AREA_STYLE('',(#10929));
#10929 = FILL_AREA_STYLE_COLOUR('',#10852);
#10930 = STYLED_ITEM('color',(#10931),#9043);
#10931 = PRESENTATION_STYLE_ASSIGNMENT((#10932));
#10932 = SURFACE_STYLE_USAGE(.BOTH.,#10933);
#10933 = SURFACE_SIDE_STYLE('',(#10934));
#10934 = SURFACE_STYLE_FILL_AREA(#10935);
#10935 = FILL_AREA_STYLE('',(#10936));
#10936 = FILL_AREA_STYLE_COLOUR('',#10852);
#10937 = STYLED_ITEM('color',(#10938),#9076);
#10938 = PRESENTATION_STYLE_ASSIGNMENT((#10939));
#10939 = SURFACE_STYLE_USAGE(.BOTH.,#10940);
#10940 = SURFACE_SIDE_STYLE('',(#10941));
#10941 = SURFACE_STYLE_FILL_AREA(#10942);
#10942 = FILL_AREA_STYLE('',(#10943));
#10943 = FILL_AREA_STYLE_COLOUR('',#10852);
#10944 = STYLED_ITEM('color',(#10945),#9088);
#10945 = PRESENTATION_STYLE_ASSIGNMENT((#10946));
#10946 = SURFACE_STYLE_USAGE(.BOTH.,#10947);
#10947 = SURFACE_SIDE_STYLE('',(#10948));
#10948 = SURFACE_STYLE_FILL_AREA(#10949);
#10949 = FILL_AREA_STYLE('',(#10950));
#10950 = FILL_AREA_STYLE_COLOUR('',#10852);
#10951 = STYLED_ITEM('color',(#10952),#9151);
#10952 = PRESENTATION_STYLE_ASSIGNMENT((#10953));
#10953 = SURFACE_STYLE_USAGE(.BOTH.,#10954);
#10954 = SURFACE_SIDE_STYLE('',(#10955));
#10955 = SURFACE_STYLE_FILL_AREA(#10956);
#10956 = FILL_AREA_STYLE('',(#10957));
#10957 = FILL_AREA_STYLE_COLOUR('',#10852);
#10958 = STYLED_ITEM('color',(#10959),#9176);
#10959 = PRESENTATION_STYLE_ASSIGNMENT((#10960));
#10960 = SURFACE_STYLE_USAGE(.BOTH.,#10961);
#10961 = SURFACE_SIDE_STYLE('',(#10962));
#10962 = SURFACE_STYLE_FILL_AREA(#10963);
#10963 = FILL_AREA_STYLE('',(#10964));
#10964 = FILL_AREA_STYLE_COLOUR('',#10852);
#10965 = STYLED_ITEM('color',(#10966),#9193);
#10966 = PRESENTATION_STYLE_ASSIGNMENT((#10967));
#10967 = SURFACE_STYLE_USAGE(.BOTH.,#10968);
#10968 = SURFACE_SIDE_STYLE('',(#10969));
#10969 = SURFACE_STYLE_FILL_AREA(#10970);
#10970 = FILL_AREA_STYLE('',(#10971));
#10971 = FILL_AREA_STYLE_COLOUR('',#10852);
#10972 = STYLED_ITEM('color',(#10973),#9217);
#10973 = PRESENTATION_STYLE_ASSIGNMENT((#10974));
#10974 = SURFACE_STYLE_USAGE(.BOTH.,#10975);
#10975 = SURFACE_SIDE_STYLE('',(#10976));
#10976 = SURFACE_STYLE_FILL_AREA(#10977);
#10977 = FILL_AREA_STYLE('',(#10978));
#10978 = FILL_AREA_STYLE_COLOUR('',#10852);
#10979 = STYLED_ITEM('color',(#10980),#9235);
#10980 = PRESENTATION_STYLE_ASSIGNMENT((#10981));
#10981 = SURFACE_STYLE_USAGE(.BOTH.,#10982);
#10982 = SURFACE_SIDE_STYLE('',(#10983));
#10983 = SURFACE_STYLE_FILL_AREA(#10984);
#10984 = FILL_AREA_STYLE('',(#10985));
#10985 = FILL_AREA_STYLE_COLOUR('',#10852);
#10986 = STYLED_ITEM('color',(#10987),#9253);
#10987 = PRESENTATION_STYLE_ASSIGNMENT((#10988));
#10988 = SURFACE_STYLE_USAGE(.BOTH.,#10989);
#10989 = SURFACE_SIDE_STYLE('',(#10990));
#10990 = SURFACE_STYLE_FILL_AREA(#10991);
#10991 = FILL_AREA_STYLE('',(#10992));
#10992 = FILL_AREA_STYLE_COLOUR('',#10852);
#10993 = STYLED_ITEM('color',(#10994),#9271);
#10994 = PRESENTATION_STYLE_ASSIGNMENT((#10995));
#10995 = SURFACE_STYLE_USAGE(.BOTH.,#10996);
#10996 = SURFACE_SIDE_STYLE('',(#10997));
#10997 = SURFACE_STYLE_FILL_AREA(#10998);
#10998 = FILL_AREA_STYLE('',(#10999));
#10999 = FILL_AREA_STYLE_COLOUR('',#10852);
#11000 = STYLED_ITEM('color',(#11001),#9288);
#11001 = PRESENTATION_STYLE_ASSIGNMENT((#11002));
#11002 = SURFACE_STYLE_USAGE(.BOTH.,#11003);
#11003 = SURFACE_SIDE_STYLE('',(#11004));
#11004 = SURFACE_STYLE_FILL_AREA(#11005);
#11005 = FILL_AREA_STYLE('',(#11006));
#11006 = FILL_AREA_STYLE_COLOUR('',#10852);
#11007 = STYLED_ITEM('color',(#11008),#9305);
#11008 = PRESENTATION_STYLE_ASSIGNMENT((#11009));
#11009 = SURFACE_STYLE_USAGE(.BOTH.,#11010);
#11010 = SURFACE_SIDE_STYLE('',(#11011));
#11011 = SURFACE_STYLE_FILL_AREA(#11012);
#11012 = FILL_AREA_STYLE('',(#11013));
#11013 = FILL_AREA_STYLE_COLOUR('',#10852);
#11014 = STYLED_ITEM('color',(#11015),#9336);
#11015 = PRESENTATION_STYLE_ASSIGNMENT((#11016));
#11016 = SURFACE_STYLE_USAGE(.BOTH.,#11017);
#11017 = SURFACE_SIDE_STYLE('',(#11018));
#11018 = SURFACE_STYLE_FILL_AREA(#11019);
#11019 = FILL_AREA_STYLE('',(#11020));
#11020 = FILL_AREA_STYLE_COLOUR('',#10852);
#11021 = STYLED_ITEM('color',(#11022),#9361);
#11022 = PRESENTATION_STYLE_ASSIGNMENT((#11023));
#11023 = SURFACE_STYLE_USAGE(.BOTH.,#11024);
#11024 = SURFACE_SIDE_STYLE('',(#11025));
#11025 = SURFACE_STYLE_FILL_AREA(#11026);
#11026 = FILL_AREA_STYLE('',(#11027));
#11027 = FILL_AREA_STYLE_COLOUR('',#10852);
#11028 = STYLED_ITEM('color',(#11029),#9386);
#11029 = PRESENTATION_STYLE_ASSIGNMENT((#11030));
#11030 = SURFACE_STYLE_USAGE(.BOTH.,#11031);
#11031 = SURFACE_SIDE_STYLE('',(#11032));
#11032 = SURFACE_STYLE_FILL_AREA(#11033);
#11033 = FILL_AREA_STYLE('',(#11034));
#11034 = FILL_AREA_STYLE_COLOUR('',#10852);
#11035 = STYLED_ITEM('color',(#11036),#9410);
#11036 = PRESENTATION_STYLE_ASSIGNMENT((#11037));
#11037 = SURFACE_STYLE_USAGE(.BOTH.,#11038);
#11038 = SURFACE_SIDE_STYLE('',(#11039));
#11039 = SURFACE_STYLE_FILL_AREA(#11040);
#11040 = FILL_AREA_STYLE('',(#11041));
#11041 = FILL_AREA_STYLE_COLOUR('',#10852);
#11042 = STYLED_ITEM('color',(#11043),#9427);
#11043 = PRESENTATION_STYLE_ASSIGNMENT((#11044));
#11044 = SURFACE_STYLE_USAGE(.BOTH.,#11045);
#11045 = SURFACE_SIDE_STYLE('',(#11046));
#11046 = SURFACE_STYLE_FILL_AREA(#11047);
#11047 = FILL_AREA_STYLE('',(#11048));
#11048 = FILL_AREA_STYLE_COLOUR('',#11049);
#11049 = COLOUR_RGB('',0.340000006699,0.68000001254,0.444999988852);
#11050 = STYLED_ITEM('color',(#11051),#9458);
#11051 = PRESENTATION_STYLE_ASSIGNMENT((#11052));
#11052 = SURFACE_STYLE_USAGE(.BOTH.,#11053);
#11053 = SURFACE_SIDE_STYLE('',(#11054));
#11054 = SURFACE_STYLE_FILL_AREA(#11055);
#11055 = FILL_AREA_STYLE('',(#11056));
#11056 = FILL_AREA_STYLE_COLOUR('',#11049);
#11057 = STYLED_ITEM('color',(#11058),#9482);
#11058 = PRESENTATION_STYLE_ASSIGNMENT((#11059));
#11059 = SURFACE_STYLE_USAGE(.BOTH.,#11060);
#11060 = SURFACE_SIDE_STYLE('',(#11061));
#11061 = SURFACE_STYLE_FILL_AREA(#11062);
#11062 = FILL_AREA_STYLE('',(#11063));
#11063 = FILL_AREA_STYLE_COLOUR('',#11049);
#11064 = STYLED_ITEM('color',(#11065),#9499);
#11065 = PRESENTATION_STYLE_ASSIGNMENT((#11066));
#11066 = SURFACE_STYLE_USAGE(.BOTH.,#11067);
#11067 = SURFACE_SIDE_STYLE('',(#11068));
#11068 = SURFACE_STYLE_FILL_AREA(#11069);
#11069 = FILL_AREA_STYLE('',(#11070));
#11070 = FILL_AREA_STYLE_COLOUR('',#10852);
#11071 = STYLED_ITEM('color',(#11072),#9527);
#11072 = PRESENTATION_STYLE_ASSIGNMENT((#11073));
#11073 = SURFACE_STYLE_USAGE(.BOTH.,#11074);
#11074 = SURFACE_SIDE_STYLE('',(#11075));
#11075 = SURFACE_STYLE_FILL_AREA(#11076);
#11076 = FILL_AREA_STYLE('',(#11077));
#11077 = FILL_AREA_STYLE_COLOUR('',#10852);
#11078 = STYLED_ITEM('color',(#11079),#9552);
#11079 = PRESENTATION_STYLE_ASSIGNMENT((#11080));
#11080 = SURFACE_STYLE_USAGE(.BOTH.,#11081);
#11081 = SURFACE_SIDE_STYLE('',(#11082));
#11082 = SURFACE_STYLE_FILL_AREA(#11083);
#11083 = FILL_AREA_STYLE('',(#11084));
#11084 = FILL_AREA_STYLE_COLOUR('',#10852);
#11085 = STYLED_ITEM('color',(#11086),#9576);
#11086 = PRESENTATION_STYLE_ASSIGNMENT((#11087));
#11087 = SURFACE_STYLE_USAGE(.BOTH.,#11088);
#11088 = SURFACE_SIDE_STYLE('',(#11089));
#11089 = SURFACE_STYLE_FILL_AREA(#11090);
#11090 = FILL_AREA_STYLE('',(#11091));
#11091 = FILL_AREA_STYLE_COLOUR('',#10852);
#11092 = STYLED_ITEM('color',(#11093),#9601);
#11093 = PRESENTATION_STYLE_ASSIGNMENT((#11094));
#11094 = SURFACE_STYLE_USAGE(.BOTH.,#11095);
#11095 = SURFACE_SIDE_STYLE('',(#11096));
#11096 = SURFACE_STYLE_FILL_AREA(#11097);
#11097 = FILL_AREA_STYLE('',(#11098));
#11098 = FILL_AREA_STYLE_COLOUR('',#10852);
#11099 = STYLED_ITEM('color',(#11100),#9648);
#11100 = PRESENTATION_STYLE_ASSIGNMENT((#11101));
#11101 = SURFACE_STYLE_USAGE(.BOTH.,#11102);
#11102 = SURFACE_SIDE_STYLE('',(#11103));
#11103 = SURFACE_STYLE_FILL_AREA(#11104);
#11104 = FILL_AREA_STYLE('',(#11105));
#11105 = FILL_AREA_STYLE_COLOUR('',#10852);
#11106 = STYLED_ITEM('color',(#11107),#9665);
#11107 = PRESENTATION_STYLE_ASSIGNMENT((#11108));
#11108 = SURFACE_STYLE_USAGE(.BOTH.,#11109);
#11109 = SURFACE_SIDE_STYLE('',(#11110));
#11110 = SURFACE_STYLE_FILL_AREA(#11111);
#11111 = FILL_AREA_STYLE('',(#11112));
#11112 = FILL_AREA_STYLE_COLOUR('',#10852);
#11113 = STYLED_ITEM('color',(#11114),#9677);
#11114 = PRESENTATION_STYLE_ASSIGNMENT((#11115));
#11115 = SURFACE_STYLE_USAGE(.BOTH.,#11116);
#11116 = SURFACE_SIDE_STYLE('',(#11117));
#11117 = SURFACE_STYLE_FILL_AREA(#11118);
#11118 = FILL_AREA_STYLE('',(#11119));
#11119 = FILL_AREA_STYLE_COLOUR('',#10852);
#11120 = STYLED_ITEM('color',(#11121),#9699);
#11121 = PRESENTATION_STYLE_ASSIGNMENT((#11122));
#11122 = SURFACE_STYLE_USAGE(.BOTH.,#11123);
#11123 = SURFACE_SIDE_STYLE('',(#11124));
#11124 = SURFACE_STYLE_FILL_AREA(#11125);
#11125 = FILL_AREA_STYLE('',(#11126));
#11126 = FILL_AREA_STYLE_COLOUR('',#10852);
#11127 = STYLED_ITEM('color',(#11128),#9711);
#11128 = PRESENTATION_STYLE_ASSIGNMENT((#11129));
#11129 = SURFACE_STYLE_USAGE(.BOTH.,#11130);
#11130 = SURFACE_SIDE_STYLE('',(#11131));
#11131 = SURFACE_STYLE_FILL_AREA(#11132);
#11132 = FILL_AREA_STYLE('',(#11133));
#11133 = FILL_AREA_STYLE_COLOUR('',#10852);
#11134 = STYLED_ITEM('color',(#11135),#9729);
#11135 = PRESENTATION_STYLE_ASSIGNMENT((#11136));
#11136 = SURFACE_STYLE_USAGE(.BOTH.,#11137);
#11137 = SURFACE_SIDE_STYLE('',(#11138));
#11138 = SURFACE_STYLE_FILL_AREA(#11139);
#11139 = FILL_AREA_STYLE('',(#11140));
#11140 = FILL_AREA_STYLE_COLOUR('',#10852);
#11141 = STYLED_ITEM('color',(#11142),#9747);
#11142 = PRESENTATION_STYLE_ASSIGNMENT((#11143));
#11143 = SURFACE_STYLE_USAGE(.BOTH.,#11144);
#11144 = SURFACE_SIDE_STYLE('',(#11145));
#11145 = SURFACE_STYLE_FILL_AREA(#11146);
#11146 = FILL_AREA_STYLE('',(#11147));
#11147 = FILL_AREA_STYLE_COLOUR('',#11049);
#11148 = MECHANICAL_DESIGN_GEOMETRIC_PRESENTATION_REPRESENTATION('',(
    #11149),#6524);
#11149 = STYLED_ITEM('color',(#11150),#5945);
#11150 = PRESENTATION_STYLE_ASSIGNMENT((#11151));
#11151 = SURFACE_STYLE_USAGE(.BOTH.,#11152);
#11152 = SURFACE_SIDE_STYLE('',(#11153));
#11153 = SURFACE_STYLE_FILL_AREA(#11154);
#11154 = FILL_AREA_STYLE('',(#11155));
#11155 = FILL_AREA_STYLE_COLOUR('',#9955);
#11156 = MECHANICAL_DESIGN_GEOMETRIC_PRESENTATION_REPRESENTATION('',(
    #11157,#11164,#11171,#11178,#11185,#11192,#11199,#11206,#11213,
    #11220,#11227,#11234,#11241,#11248,#11256,#11263,#11270,#11277,
    #11284,#11291,#11298,#11305,#11312,#11319,#11326,#11333),#7343);
#11157 = STYLED_ITEM('color',(#11158),#6555);
#11158 = PRESENTATION_STYLE_ASSIGNMENT((#11159));
#11159 = SURFACE_STYLE_USAGE(.BOTH.,#11160);
#11160 = SURFACE_SIDE_STYLE('',(#11161));
#11161 = SURFACE_STYLE_FILL_AREA(#11162);
#11162 = FILL_AREA_STYLE('',(#11163));
#11163 = FILL_AREA_STYLE_COLOUR('',#9979);
#11164 = STYLED_ITEM('color',(#11165),#6595);
#11165 = PRESENTATION_STYLE_ASSIGNMENT((#11166));
#11166 = SURFACE_STYLE_USAGE(.BOTH.,#11167);
#11167 = SURFACE_SIDE_STYLE('',(#11168));
#11168 = SURFACE_STYLE_FILL_AREA(#11169);
#11169 = FILL_AREA_STYLE('',(#11170));
#11170 = FILL_AREA_STYLE_COLOUR('',#9979);
#11171 = STYLED_ITEM('color',(#11172),#6678);
#11172 = PRESENTATION_STYLE_ASSIGNMENT((#11173));
#11173 = SURFACE_STYLE_USAGE(.BOTH.,#11174);
#11174 = SURFACE_SIDE_STYLE('',(#11175));
#11175 = SURFACE_STYLE_FILL_AREA(#11176);
#11176 = FILL_AREA_STYLE('',(#11177));
#11177 = FILL_AREA_STYLE_COLOUR('',#9979);
#11178 = STYLED_ITEM('color',(#11179),#6703);
#11179 = PRESENTATION_STYLE_ASSIGNMENT((#11180));
#11180 = SURFACE_STYLE_USAGE(.BOTH.,#11181);
#11181 = SURFACE_SIDE_STYLE('',(#11182));
#11182 = SURFACE_STYLE_FILL_AREA(#11183);
#11183 = FILL_AREA_STYLE('',(#11184));
#11184 = FILL_AREA_STYLE_COLOUR('',#9979);
#11185 = STYLED_ITEM('color',(#11186),#6728);
#11186 = PRESENTATION_STYLE_ASSIGNMENT((#11187));
#11187 = SURFACE_STYLE_USAGE(.BOTH.,#11188);
#11188 = SURFACE_SIDE_STYLE('',(#11189));
#11189 = SURFACE_STYLE_FILL_AREA(#11190);
#11190 = FILL_AREA_STYLE('',(#11191));
#11191 = FILL_AREA_STYLE_COLOUR('',#9979);
#11192 = STYLED_ITEM('color',(#11193),#6795);
#11193 = PRESENTATION_STYLE_ASSIGNMENT((#11194));
#11194 = SURFACE_STYLE_USAGE(.BOTH.,#11195);
#11195 = SURFACE_SIDE_STYLE('',(#11196));
#11196 = SURFACE_STYLE_FILL_AREA(#11197);
#11197 = FILL_AREA_STYLE('',(#11198));
#11198 = FILL_AREA_STYLE_COLOUR('',#9979);
#11199 = STYLED_ITEM('color',(#11200),#6812);
#11200 = PRESENTATION_STYLE_ASSIGNMENT((#11201));
#11201 = SURFACE_STYLE_USAGE(.BOTH.,#11202);
#11202 = SURFACE_SIDE_STYLE('',(#11203));
#11203 = SURFACE_STYLE_FILL_AREA(#11204);
#11204 = FILL_AREA_STYLE('',(#11205));
#11205 = FILL_AREA_STYLE_COLOUR('',#9979);
#11206 = STYLED_ITEM('color',(#11207),#6829);
#11207 = PRESENTATION_STYLE_ASSIGNMENT((#11208));
#11208 = SURFACE_STYLE_USAGE(.BOTH.,#11209);
#11209 = SURFACE_SIDE_STYLE('',(#11210));
#11210 = SURFACE_STYLE_FILL_AREA(#11211);
#11211 = FILL_AREA_STYLE('',(#11212));
#11212 = FILL_AREA_STYLE_COLOUR('',#10802);
#11213 = STYLED_ITEM('color',(#11214),#6878);
#11214 = PRESENTATION_STYLE_ASSIGNMENT((#11215));
#11215 = SURFACE_STYLE_USAGE(.BOTH.,#11216);
#11216 = SURFACE_SIDE_STYLE('',(#11217));
#11217 = SURFACE_STYLE_FILL_AREA(#11218);
#11218 = FILL_AREA_STYLE('',(#11219));
#11219 = FILL_AREA_STYLE_COLOUR('',#9979);
#11220 = STYLED_ITEM('color',(#11221),#6895);
#11221 = PRESENTATION_STYLE_ASSIGNMENT((#11222));
#11222 = SURFACE_STYLE_USAGE(.BOTH.,#11223);
#11223 = SURFACE_SIDE_STYLE('',(#11224));
#11224 = SURFACE_STYLE_FILL_AREA(#11225);
#11225 = FILL_AREA_STYLE('',(#11226));
#11226 = FILL_AREA_STYLE_COLOUR('',#9979);
#11227 = STYLED_ITEM('color',(#11228),#6912);
#11228 = PRESENTATION_STYLE_ASSIGNMENT((#11229));
#11229 = SURFACE_STYLE_USAGE(.BOTH.,#11230);
#11230 = SURFACE_SIDE_STYLE('',(#11231));
#11231 = SURFACE_STYLE_FILL_AREA(#11232);
#11232 = FILL_AREA_STYLE('',(#11233));
#11233 = FILL_AREA_STYLE_COLOUR('',#10802);
#11234 = STYLED_ITEM('color',(#11235),#6961);
#11235 = PRESENTATION_STYLE_ASSIGNMENT((#11236));
#11236 = SURFACE_STYLE_USAGE(.BOTH.,#11237);
#11237 = SURFACE_SIDE_STYLE('',(#11238));
#11238 = SURFACE_STYLE_FILL_AREA(#11239);
#11239 = FILL_AREA_STYLE('',(#11240));
#11240 = FILL_AREA_STYLE_COLOUR('',#10802);
#11241 = STYLED_ITEM('color',(#11242),#6978);
#11242 = PRESENTATION_STYLE_ASSIGNMENT((#11243));
#11243 = SURFACE_STYLE_USAGE(.BOTH.,#11244);
#11244 = SURFACE_SIDE_STYLE('',(#11245));
#11245 = SURFACE_STYLE_FILL_AREA(#11246);
#11246 = FILL_AREA_STYLE('',(#11247));
#11247 = FILL_AREA_STYLE_COLOUR('',#9979);
#11248 = STYLED_ITEM('color',(#11249),#7047);
#11249 = PRESENTATION_STYLE_ASSIGNMENT((#11250));
#11250 = SURFACE_STYLE_USAGE(.BOTH.,#11251);
#11251 = SURFACE_SIDE_STYLE('',(#11252));
#11252 = SURFACE_STYLE_FILL_AREA(#11253);
#11253 = FILL_AREA_STYLE('',(#11254));
#11254 = FILL_AREA_STYLE_COLOUR('',#11255);
#11255 = COLOUR_RGB('',8.200000279077E-02,8.600000121357E-02,
  9.399999706163E-02);
#11256 = STYLED_ITEM('color',(#11257),#7078);
#11257 = PRESENTATION_STYLE_ASSIGNMENT((#11258));
#11258 = SURFACE_STYLE_USAGE(.BOTH.,#11259);
#11259 = SURFACE_SIDE_STYLE('',(#11260));
#11260 = SURFACE_STYLE_FILL_AREA(#11261);
#11261 = FILL_AREA_STYLE('',(#11262));
#11262 = FILL_AREA_STYLE_COLOUR('',#11255);
#11263 = STYLED_ITEM('color',(#11264),#7102);
#11264 = PRESENTATION_STYLE_ASSIGNMENT((#11265));
#11265 = SURFACE_STYLE_USAGE(.BOTH.,#11266);
#11266 = SURFACE_SIDE_STYLE('',(#11267));
#11267 = SURFACE_STYLE_FILL_AREA(#11268);
#11268 = FILL_AREA_STYLE('',(#11269));
#11269 = FILL_AREA_STYLE_COLOUR('',#9979);
#11270 = STYLED_ITEM('color',(#11271),#7171);
#11271 = PRESENTATION_STYLE_ASSIGNMENT((#11272));
#11272 = SURFACE_STYLE_USAGE(.BOTH.,#11273);
#11273 = SURFACE_SIDE_STYLE('',(#11274));
#11274 = SURFACE_STYLE_FILL_AREA(#11275);
#11275 = FILL_AREA_STYLE('',(#11276));
#11276 = FILL_AREA_STYLE_COLOUR('',#11255);
#11277 = STYLED_ITEM('color',(#11278),#7195);
#11278 = PRESENTATION_STYLE_ASSIGNMENT((#11279));
#11279 = SURFACE_STYLE_USAGE(.BOTH.,#11280);
#11280 = SURFACE_SIDE_STYLE('',(#11281));
#11281 = SURFACE_STYLE_FILL_AREA(#11282);
#11282 = FILL_AREA_STYLE('',(#11283));
#11283 = FILL_AREA_STYLE_COLOUR('',#9979);
#11284 = STYLED_ITEM('color',(#11285),#7212);
#11285 = PRESENTATION_STYLE_ASSIGNMENT((#11286));
#11286 = SURFACE_STYLE_USAGE(.BOTH.,#11287);
#11287 = SURFACE_SIDE_STYLE('',(#11288));
#11288 = SURFACE_STYLE_FILL_AREA(#11289);
#11289 = FILL_AREA_STYLE('',(#11290));
#11290 = FILL_AREA_STYLE_COLOUR('',#9979);
#11291 = STYLED_ITEM('color',(#11292),#7229);
#11292 = PRESENTATION_STYLE_ASSIGNMENT((#11293));
#11293 = SURFACE_STYLE_USAGE(.BOTH.,#11294);
#11294 = SURFACE_SIDE_STYLE('',(#11295));
#11295 = SURFACE_STYLE_FILL_AREA(#11296);
#11296 = FILL_AREA_STYLE('',(#11297));
#11297 = FILL_AREA_STYLE_COLOUR('',#9979);
#11298 = STYLED_ITEM('color',(#11299),#7246);
#11299 = PRESENTATION_STYLE_ASSIGNMENT((#11300));
#11300 = SURFACE_STYLE_USAGE(.BOTH.,#11301);
#11301 = SURFACE_SIDE_STYLE('',(#11302));
#11302 = SURFACE_STYLE_FILL_AREA(#11303);
#11303 = FILL_AREA_STYLE('',(#11304));
#11304 = FILL_AREA_STYLE_COLOUR('',#9979);
#11305 = STYLED_ITEM('color',(#11306),#7263);
#11306 = PRESENTATION_STYLE_ASSIGNMENT((#11307));
#11307 = SURFACE_STYLE_USAGE(.BOTH.,#11308);
#11308 = SURFACE_SIDE_STYLE('',(#11309));
#11309 = SURFACE_STYLE_FILL_AREA(#11310);
#11310 = FILL_AREA_STYLE('',(#11311));
#11311 = FILL_AREA_STYLE_COLOUR('',#9979);
#11312 = STYLED_ITEM('color',(#11313),#7280);
#11313 = PRESENTATION_STYLE_ASSIGNMENT((#11314));
#11314 = SURFACE_STYLE_USAGE(.BOTH.,#11315);
#11315 = SURFACE_SIDE_STYLE('',(#11316));
#11316 = SURFACE_STYLE_FILL_AREA(#11317);
#11317 = FILL_AREA_STYLE('',(#11318));
#11318 = FILL_AREA_STYLE_COLOUR('',#9979);
#11319 = STYLED_ITEM('color',(#11320),#7297);
#11320 = PRESENTATION_STYLE_ASSIGNMENT((#11321));
#11321 = SURFACE_STYLE_USAGE(.BOTH.,#11322);
#11322 = SURFACE_SIDE_STYLE('',(#11323));
#11323 = SURFACE_STYLE_FILL_AREA(#11324);
#11324 = FILL_AREA_STYLE('',(#11325));
#11325 = FILL_AREA_STYLE_COLOUR('',#9979);
#11326 = STYLED_ITEM('color',(#11327),#7314);
#11327 = PRESENTATION_STYLE_ASSIGNMENT((#11328));
#11328 = SURFACE_STYLE_USAGE(.BOTH.,#11329);
#11329 = SURFACE_SIDE_STYLE('',(#11330));
#11330 = SURFACE_STYLE_FILL_AREA(#11331);
#11331 = FILL_AREA_STYLE('',(#11332));
#11332 = FILL_AREA_STYLE_COLOUR('',#11255);
#11333 = STYLED_ITEM('color',(#11334),#7331);
#11334 = PRESENTATION_STYLE_ASSIGNMENT((#11335));
#11335 = SURFACE_STYLE_USAGE(.BOTH.,#11336);
#11336 = SURFACE_SIDE_STYLE('',(#11337));
#11337 = SURFACE_STYLE_FILL_AREA(#11338);
#11338 = FILL_AREA_STYLE('',(#11339));
#11339 = FILL_AREA_STYLE_COLOUR('',#11255);
ENDSEC;
END-ISO-10303-21;
