ISO-10303-21;
HEADER;
FILE_DESCRIPTION(('KiCad electronic assembly'),'2;1');
FILE_NAME('magnetic-limit-switch-D.step','2025-08-20T10:02:42',('Pcbnew'
    ),('Kicad'),'Open CASCADE STEP processor 7.8',
  'KiCad to STEP converter','Unknown');
FILE_SCHEMA(('AUTOMOTIVE_DESIGN { 1 0 10303 214 1 1 1 1 }'));
ENDSEC;
DATA;
#1 = APPLICATION_PROTOCOL_DEFINITION('international standard',
  'automotive_design',2000,#2);
#2 = APPLICATION_CONTEXT(
  'core data for automotive mechanical design processes');
#3 = SHAPE_DEFINITION_REPRESENTATION(#4,#10);
#4 = PRODUCT_DEFINITION_SHAPE('','',#5);
#5 = PRODUCT_DEFINITION('design','',#6,#9);
#6 = PRODUCT_DEFINITION_FORMATION('','',#7);
#7 = PRODUCT('magnetic-limit-switch-D 1','magnetic-limit-switch-D 1','',
  (#8));
#8 = PRODUCT_CONTEXT('',#2,'mechanical');
#9 = PRODUCT_DEFINITION_CONTEXT('part definition',#2,'design');
#10 = SHAPE_REPRESENTATION('',(#11,#15,#19,#23),#27);
#11 = AXIS2_PLACEMENT_3D('',#12,#13,#14);
#12 = CARTESIAN_POINT('',(0.,0.,0.));
#13 = DIRECTION('',(0.,0.,1.));
#14 = DIRECTION('',(1.,0.,-0.));
#15 = AXIS2_PLACEMENT_3D('',#16,#17,#18);
#16 = CARTESIAN_POINT('',(40.,-31.5,1.565));
#17 = DIRECTION('',(-0.,0.,1.));
#18 = DIRECTION('',(1.110223024625E-16,-1.,0.));
#19 = AXIS2_PLACEMENT_3D('',#20,#21,#22);
#20 = CARTESIAN_POINT('',(42.75,-31.,1.565));
#21 = DIRECTION('',(0.,-0.,1.));
#22 = DIRECTION('',(1.110223024625E-16,1.,0.));
#23 = AXIS2_PLACEMENT_3D('',#24,#25,#26);
#24 = CARTESIAN_POINT('',(0.,0.,0.));
#25 = DIRECTION('',(0.,0.,1.));
#26 = DIRECTION('',(1.,0.,-0.));
#27 = ( GEOMETRIC_REPRESENTATION_CONTEXT(3) 
GLOBAL_UNCERTAINTY_ASSIGNED_CONTEXT((#31)) GLOBAL_UNIT_ASSIGNED_CONTEXT(
(#28,#29,#30)) REPRESENTATION_CONTEXT('Context #1',
  '3D Context with UNIT and UNCERTAINTY') );
#28 = ( LENGTH_UNIT() NAMED_UNIT(*) SI_UNIT(.MILLI.,.METRE.) );
#29 = ( NAMED_UNIT(*) PLANE_ANGLE_UNIT() SI_UNIT($,.RADIAN.) );
#30 = ( NAMED_UNIT(*) SI_UNIT($,.STERADIAN.) SOLID_ANGLE_UNIT() );
#31 = UNCERTAINTY_MEASURE_WITH_UNIT(LENGTH_MEASURE(1.E-07),#28,
  'distance_accuracy_value','confusion accuracy');
#32 = PRODUCT_RELATED_PRODUCT_CATEGORY('part',$,(#7));
#33 = SHAPE_DEFINITION_REPRESENTATION(#34,#40);
#34 = PRODUCT_DEFINITION_SHAPE('','',#35);
#35 = PRODUCT_DEFINITION('design','',#36,#39);
#36 = PRODUCT_DEFINITION_FORMATION('','',#37);
#37 = PRODUCT('SOT-23-3','SOT-23-3','',(#38));
#38 = PRODUCT_CONTEXT('',#2,'mechanical');
#39 = PRODUCT_DEFINITION_CONTEXT('part definition',#2,'design');
#40 = ADVANCED_BREP_SHAPE_REPRESENTATION('',(#11,#41),#2023);
#41 = MANIFOLD_SOLID_BREP('',#42);
#42 = CLOSED_SHELL('',(#43,#81,#144,#167,#196,#219,#274,#313,#336,#359,
    #376,#399,#487,#503,#533,#566,#597,#630,#647,#664,#697,#727,#750,
    #773,#790,#819,#873,#896,#919,#942,#981,#1003,#1047,#1122,#1146,
    #1214,#1231,#1306,#1330,#1398,#1473,#1497,#1565,#1582,#1599,#1645,
    #1661,#1677,#1694,#1706,#1723,#1740,#1757,#1774,#1791,#1808,#1820,
    #1837,#1854,#1871,#1888,#1905,#1917,#1934,#1951,#1968,#1985,#2002,
    #2014));
#43 = ADVANCED_FACE('',(#44),#76,.F.);
#44 = FACE_BOUND('',#45,.F.);
#45 = EDGE_LOOP('',(#46,#56,#63,#71));
#46 = ORIENTED_EDGE('',*,*,#47,.T.);
#47 = EDGE_CURVE('',#48,#50,#52,.T.);
#48 = VERTEX_POINT('',#49);
#49 = CARTESIAN_POINT('',(-0.571621551758,1.433243103516,0.1));
#50 = VERTEX_POINT('',#51);
#51 = CARTESIAN_POINT('',(0.571621551758,1.433243103516,0.1));
#52 = LINE('',#53,#54);
#53 = CARTESIAN_POINT('',(-0.571621551758,1.433243103516,0.1));
#54 = VECTOR('',#55,1.);
#55 = DIRECTION('',(1.,1.110223024625E-16,0.));
#56 = ORIENTED_EDGE('',*,*,#57,.T.);
#57 = EDGE_CURVE('',#50,#58,#60,.T.);
#58 = VERTEX_POINT('',#59);
#59 = CARTESIAN_POINT('',(0.605,1.5,0.575));
#60 = B_SPLINE_CURVE_WITH_KNOTS('',1,(#61,#62),.UNSPECIFIED.,.F.,.F.,(2,
    2),(0.,1.),.PIECEWISE_BEZIER_KNOTS.);
#61 = CARTESIAN_POINT('',(0.571621551758,1.433243103516,0.1));
#62 = CARTESIAN_POINT('',(0.605,1.5,0.575));
#63 = ORIENTED_EDGE('',*,*,#64,.F.);
#64 = EDGE_CURVE('',#65,#58,#67,.T.);
#65 = VERTEX_POINT('',#66);
#66 = CARTESIAN_POINT('',(-0.605,1.5,0.575));
#67 = LINE('',#68,#69);
#68 = CARTESIAN_POINT('',(-0.605,1.5,0.575));
#69 = VECTOR('',#70,1.);
#70 = DIRECTION('',(1.,1.110223024625E-16,0.));
#71 = ORIENTED_EDGE('',*,*,#72,.F.);
#72 = EDGE_CURVE('',#48,#65,#73,.T.);
#73 = B_SPLINE_CURVE_WITH_KNOTS('',1,(#74,#75),.UNSPECIFIED.,.F.,.F.,(2,
    2),(0.,1.),.PIECEWISE_BEZIER_KNOTS.);
#74 = CARTESIAN_POINT('',(-0.571621551758,1.433243103516,0.1));
#75 = CARTESIAN_POINT('',(-0.605,1.5,0.575));
#76 = B_SPLINE_SURFACE_WITH_KNOTS('',1,1,(
    (#77,#78)
    ,(#79,#80)),.UNSPECIFIED.,.F.,.F.,.F.,(2,2),(2,2),(0.,1.21),(0.,1.),
  .PIECEWISE_BEZIER_KNOTS.);
#77 = CARTESIAN_POINT('',(-0.571621551758,1.433243103516,0.1));
#78 = CARTESIAN_POINT('',(-0.605,1.5,0.575));
#79 = CARTESIAN_POINT('',(0.571621551758,1.433243103516,0.1));
#80 = CARTESIAN_POINT('',(0.605,1.5,0.575));
#81 = ADVANCED_FACE('',(#82),#139,.T.);
#82 = FACE_BOUND('',#83,.T.);
#83 = EDGE_LOOP('',(#84,#85,#93,#101,#109,#117,#125,#133));
#84 = ORIENTED_EDGE('',*,*,#47,.T.);
#85 = ORIENTED_EDGE('',*,*,#86,.T.);
#86 = EDGE_CURVE('',#50,#87,#89,.T.);
#87 = VERTEX_POINT('',#88);
#88 = CARTESIAN_POINT('',(0.633243103516,1.371621551758,0.1));
#89 = LINE('',#90,#91);
#90 = CARTESIAN_POINT('',(0.571621551758,1.433243103516,0.1));
#91 = VECTOR('',#92,1.);
#92 = DIRECTION('',(0.707106781187,-0.707106781187,0.));
#93 = ORIENTED_EDGE('',*,*,#94,.T.);
#94 = EDGE_CURVE('',#87,#95,#97,.T.);
#95 = VERTEX_POINT('',#96);
#96 = CARTESIAN_POINT('',(0.633243103516,-1.371621551758,0.1));
#97 = LINE('',#98,#99);
#98 = CARTESIAN_POINT('',(0.633243103516,1.371621551758,0.1));
#99 = VECTOR('',#100,1.);
#100 = DIRECTION('',(1.110223024625E-16,-1.,0.));
#101 = ORIENTED_EDGE('',*,*,#102,.T.);
#102 = EDGE_CURVE('',#95,#103,#105,.T.);
#103 = VERTEX_POINT('',#104);
#104 = CARTESIAN_POINT('',(0.571621551758,-1.433243103516,0.1));
#105 = LINE('',#106,#107);
#106 = CARTESIAN_POINT('',(0.633243103516,-1.371621551758,0.1));
#107 = VECTOR('',#108,1.);
#108 = DIRECTION('',(-0.707106781187,-0.707106781187,0.));
#109 = ORIENTED_EDGE('',*,*,#110,.T.);
#110 = EDGE_CURVE('',#103,#111,#113,.T.);
#111 = VERTEX_POINT('',#112);
#112 = CARTESIAN_POINT('',(-0.571621551758,-1.433243103516,0.1));
#113 = LINE('',#114,#115);
#114 = CARTESIAN_POINT('',(0.571621551758,-1.433243103516,0.1));
#115 = VECTOR('',#116,1.);
#116 = DIRECTION('',(-1.,-1.110223024625E-16,0.));
#117 = ORIENTED_EDGE('',*,*,#118,.T.);
#118 = EDGE_CURVE('',#111,#119,#121,.T.);
#119 = VERTEX_POINT('',#120);
#120 = CARTESIAN_POINT('',(-0.633243103516,-1.371621551758,0.1));
#121 = LINE('',#122,#123);
#122 = CARTESIAN_POINT('',(-0.571621551758,-1.433243103516,0.1));
#123 = VECTOR('',#124,1.);
#124 = DIRECTION('',(-0.707106781187,0.707106781187,0.));
#125 = ORIENTED_EDGE('',*,*,#126,.T.);
#126 = EDGE_CURVE('',#119,#127,#129,.T.);
#127 = VERTEX_POINT('',#128);
#128 = CARTESIAN_POINT('',(-0.633243103516,1.371621551758,0.1));
#129 = LINE('',#130,#131);
#130 = CARTESIAN_POINT('',(-0.633243103516,-1.371621551758,0.1));
#131 = VECTOR('',#132,1.);
#132 = DIRECTION('',(-1.110223024625E-16,1.,0.));
#133 = ORIENTED_EDGE('',*,*,#134,.T.);
#134 = EDGE_CURVE('',#127,#48,#135,.T.);
#135 = LINE('',#136,#137);
#136 = CARTESIAN_POINT('',(-0.633243103516,1.371621551758,0.1));
#137 = VECTOR('',#138,1.);
#138 = DIRECTION('',(0.707106781187,0.707106781187,0.));
#139 = PLANE('',#140);
#140 = AXIS2_PLACEMENT_3D('',#141,#142,#143);
#141 = CARTESIAN_POINT('',(-0.571621551758,1.433243103516,0.1));
#142 = DIRECTION('',(0.,0.,-1.));
#143 = DIRECTION('',(0.370454302632,-0.928850692879,0.));
#144 = ADVANCED_FACE('',(#145),#162,.F.);
#145 = FACE_BOUND('',#146,.F.);
#146 = EDGE_LOOP('',(#147,#148,#155,#161));
#147 = ORIENTED_EDGE('',*,*,#86,.T.);
#148 = ORIENTED_EDGE('',*,*,#149,.T.);
#149 = EDGE_CURVE('',#87,#150,#152,.T.);
#150 = VERTEX_POINT('',#151);
#151 = CARTESIAN_POINT('',(0.7,1.405,0.575));
#152 = B_SPLINE_CURVE_WITH_KNOTS('',1,(#153,#154),.UNSPECIFIED.,.F.,.F.,
  (2,2),(0.,1.),.PIECEWISE_BEZIER_KNOTS.);
#153 = CARTESIAN_POINT('',(0.633243103516,1.371621551758,0.1));
#154 = CARTESIAN_POINT('',(0.7,1.405,0.575));
#155 = ORIENTED_EDGE('',*,*,#156,.F.);
#156 = EDGE_CURVE('',#58,#150,#157,.T.);
#157 = LINE('',#158,#159);
#158 = CARTESIAN_POINT('',(0.605,1.5,0.575));
#159 = VECTOR('',#160,1.);
#160 = DIRECTION('',(0.707106781187,-0.707106781187,0.));
#161 = ORIENTED_EDGE('',*,*,#57,.F.);
#162 = B_SPLINE_SURFACE_WITH_KNOTS('',1,1,(
    (#163,#164)
    ,(#165,#166
    )),.UNSPECIFIED.,.F.,.F.,.F.,(2,2),(2,2),(0.,0.134350288425),(0.,1.)
  ,.PIECEWISE_BEZIER_KNOTS.);
#163 = CARTESIAN_POINT('',(0.571621551758,1.433243103516,0.1));
#164 = CARTESIAN_POINT('',(0.605,1.5,0.575));
#165 = CARTESIAN_POINT('',(0.633243103516,1.371621551758,0.1));
#166 = CARTESIAN_POINT('',(0.7,1.405,0.575));
#167 = ADVANCED_FACE('',(#168),#191,.F.);
#168 = FACE_BOUND('',#169,.F.);
#169 = EDGE_LOOP('',(#170,#171,#178,#186));
#170 = ORIENTED_EDGE('',*,*,#64,.T.);
#171 = ORIENTED_EDGE('',*,*,#172,.T.);
#172 = EDGE_CURVE('',#58,#173,#175,.T.);
#173 = VERTEX_POINT('',#174);
#174 = CARTESIAN_POINT('',(0.605,1.5,0.725));
#175 = B_SPLINE_CURVE_WITH_KNOTS('',1,(#176,#177),.UNSPECIFIED.,.F.,.F.,
  (2,2),(0.,1.),.PIECEWISE_BEZIER_KNOTS.);
#176 = CARTESIAN_POINT('',(0.605,1.5,0.575));
#177 = CARTESIAN_POINT('',(0.605,1.5,0.725));
#178 = ORIENTED_EDGE('',*,*,#179,.F.);
#179 = EDGE_CURVE('',#180,#173,#182,.T.);
#180 = VERTEX_POINT('',#181);
#181 = CARTESIAN_POINT('',(-0.605,1.5,0.725));
#182 = LINE('',#183,#184);
#183 = CARTESIAN_POINT('',(-0.605,1.5,0.725));
#184 = VECTOR('',#185,1.);
#185 = DIRECTION('',(1.,1.110223024625E-16,0.));
#186 = ORIENTED_EDGE('',*,*,#187,.F.);
#187 = EDGE_CURVE('',#65,#180,#188,.T.);
#188 = B_SPLINE_CURVE_WITH_KNOTS('',1,(#189,#190),.UNSPECIFIED.,.F.,.F.,
  (2,2),(0.,1.),.PIECEWISE_BEZIER_KNOTS.);
#189 = CARTESIAN_POINT('',(-0.605,1.5,0.575));
#190 = CARTESIAN_POINT('',(-0.605,1.5,0.725));
#191 = PLANE('',#192);
#192 = AXIS2_PLACEMENT_3D('',#193,#194,#195);
#193 = CARTESIAN_POINT('',(-0.605,1.5,0.725));
#194 = DIRECTION('',(1.110223024625E-16,-1.,0.));
#195 = DIRECTION('',(1.,1.110223024625E-16,0.));
#196 = ADVANCED_FACE('',(#197),#214,.F.);
#197 = FACE_BOUND('',#198,.F.);
#198 = EDGE_LOOP('',(#199,#200,#201,#209));
#199 = ORIENTED_EDGE('',*,*,#134,.T.);
#200 = ORIENTED_EDGE('',*,*,#72,.T.);
#201 = ORIENTED_EDGE('',*,*,#202,.F.);
#202 = EDGE_CURVE('',#203,#65,#205,.T.);
#203 = VERTEX_POINT('',#204);
#204 = CARTESIAN_POINT('',(-0.7,1.405,0.575));
#205 = LINE('',#206,#207);
#206 = CARTESIAN_POINT('',(-0.7,1.405,0.575));
#207 = VECTOR('',#208,1.);
#208 = DIRECTION('',(0.707106781187,0.707106781187,0.));
#209 = ORIENTED_EDGE('',*,*,#210,.F.);
#210 = EDGE_CURVE('',#127,#203,#211,.T.);
#211 = B_SPLINE_CURVE_WITH_KNOTS('',1,(#212,#213),.UNSPECIFIED.,.F.,.F.,
  (2,2),(0.,1.),.PIECEWISE_BEZIER_KNOTS.);
#212 = CARTESIAN_POINT('',(-0.633243103516,1.371621551758,0.1));
#213 = CARTESIAN_POINT('',(-0.7,1.405,0.575));
#214 = B_SPLINE_SURFACE_WITH_KNOTS('',1,1,(
    (#215,#216)
    ,(#217,#218
    )),.UNSPECIFIED.,.F.,.F.,.F.,(2,2),(2,2),(0.,0.134350288425),(0.,1.)
  ,.PIECEWISE_BEZIER_KNOTS.);
#215 = CARTESIAN_POINT('',(-0.633243103516,1.371621551758,0.1));
#216 = CARTESIAN_POINT('',(-0.7,1.405,0.575));
#217 = CARTESIAN_POINT('',(-0.571621551758,1.433243103516,0.1));
#218 = CARTESIAN_POINT('',(-0.605,1.5,0.575));
#219 = ADVANCED_FACE('',(#220),#269,.F.);
#220 = FACE_BOUND('',#221,.F.);
#221 = EDGE_LOOP('',(#222,#223,#224,#232,#240,#248,#256,#264));
#222 = ORIENTED_EDGE('',*,*,#126,.T.);
#223 = ORIENTED_EDGE('',*,*,#210,.T.);
#224 = ORIENTED_EDGE('',*,*,#225,.F.);
#225 = EDGE_CURVE('',#226,#203,#228,.T.);
#226 = VERTEX_POINT('',#227);
#227 = CARTESIAN_POINT('',(-0.7,1.15,0.575));
#228 = LINE('',#229,#230);
#229 = CARTESIAN_POINT('',(-0.7,-1.405,0.575));
#230 = VECTOR('',#231,1.);
#231 = DIRECTION('',(-1.110223024625E-16,1.,0.));
#232 = ORIENTED_EDGE('',*,*,#233,.F.);
#233 = EDGE_CURVE('',#234,#226,#236,.T.);
#234 = VERTEX_POINT('',#235);
#235 = CARTESIAN_POINT('',(-0.7,0.75,0.575));
#236 = LINE('',#237,#238);
#237 = CARTESIAN_POINT('',(-0.7,0.75,0.575));
#238 = VECTOR('',#239,1.);
#239 = DIRECTION('',(1.144237745222E-17,1.,0.));
#240 = ORIENTED_EDGE('',*,*,#241,.F.);
#241 = EDGE_CURVE('',#242,#234,#244,.T.);
#242 = VERTEX_POINT('',#243);
#243 = CARTESIAN_POINT('',(-0.7,-0.75,0.575));
#244 = LINE('',#245,#246);
#245 = CARTESIAN_POINT('',(-0.7,-1.405,0.575));
#246 = VECTOR('',#247,1.);
#247 = DIRECTION('',(-1.110223024625E-16,1.,0.));
#248 = ORIENTED_EDGE('',*,*,#249,.F.);
#249 = EDGE_CURVE('',#250,#242,#252,.T.);
#250 = VERTEX_POINT('',#251);
#251 = CARTESIAN_POINT('',(-0.7,-1.15,0.575));
#252 = LINE('',#253,#254);
#253 = CARTESIAN_POINT('',(-0.7,-1.15,0.575));
#254 = VECTOR('',#255,1.);
#255 = DIRECTION('',(1.144237745222E-17,1.,0.));
#256 = ORIENTED_EDGE('',*,*,#257,.F.);
#257 = EDGE_CURVE('',#258,#250,#260,.T.);
#258 = VERTEX_POINT('',#259);
#259 = CARTESIAN_POINT('',(-0.7,-1.405,0.575));
#260 = LINE('',#261,#262);
#261 = CARTESIAN_POINT('',(-0.7,-1.405,0.575));
#262 = VECTOR('',#263,1.);
#263 = DIRECTION('',(-1.110223024625E-16,1.,0.));
#264 = ORIENTED_EDGE('',*,*,#265,.F.);
#265 = EDGE_CURVE('',#119,#258,#266,.T.);
#266 = B_SPLINE_CURVE_WITH_KNOTS('',1,(#267,#268),.UNSPECIFIED.,.F.,.F.,
  (2,2),(0.,1.),.PIECEWISE_BEZIER_KNOTS.);
#267 = CARTESIAN_POINT('',(-0.633243103516,-1.371621551758,0.1));
#268 = CARTESIAN_POINT('',(-0.7,-1.405,0.575));
#269 = B_SPLINE_SURFACE_WITH_KNOTS('',1,1,(
    (#270,#271)
    ,(#272,#273
    )),.UNSPECIFIED.,.F.,.F.,.F.,(2,2),(2,2),(0.,2.81),(0.,1.),
  .PIECEWISE_BEZIER_KNOTS.);
#270 = CARTESIAN_POINT('',(-0.633243103516,-1.371621551758,0.1));
#271 = CARTESIAN_POINT('',(-0.7,-1.405,0.575));
#272 = CARTESIAN_POINT('',(-0.633243103516,1.371621551758,0.1));
#273 = CARTESIAN_POINT('',(-0.7,1.405,0.575));
#274 = ADVANCED_FACE('',(#275),#308,.F.);
#275 = FACE_BOUND('',#276,.F.);
#276 = EDGE_LOOP('',(#277,#278,#285,#293,#301,#307));
#277 = ORIENTED_EDGE('',*,*,#94,.T.);
#278 = ORIENTED_EDGE('',*,*,#279,.T.);
#279 = EDGE_CURVE('',#95,#280,#282,.T.);
#280 = VERTEX_POINT('',#281);
#281 = CARTESIAN_POINT('',(0.7,-1.405,0.575));
#282 = B_SPLINE_CURVE_WITH_KNOTS('',1,(#283,#284),.UNSPECIFIED.,.F.,.F.,
  (2,2),(0.,1.),.PIECEWISE_BEZIER_KNOTS.);
#283 = CARTESIAN_POINT('',(0.633243103516,-1.371621551758,0.1));
#284 = CARTESIAN_POINT('',(0.7,-1.405,0.575));
#285 = ORIENTED_EDGE('',*,*,#286,.F.);
#286 = EDGE_CURVE('',#287,#280,#289,.T.);
#287 = VERTEX_POINT('',#288);
#288 = CARTESIAN_POINT('',(0.7,-0.2,0.575));
#289 = LINE('',#290,#291);
#290 = CARTESIAN_POINT('',(0.7,1.405,0.575));
#291 = VECTOR('',#292,1.);
#292 = DIRECTION('',(1.110223024625E-16,-1.,0.));
#293 = ORIENTED_EDGE('',*,*,#294,.F.);
#294 = EDGE_CURVE('',#295,#287,#297,.T.);
#295 = VERTEX_POINT('',#296);
#296 = CARTESIAN_POINT('',(0.7,0.2,0.575));
#297 = LINE('',#298,#299);
#298 = CARTESIAN_POINT('',(0.7,0.2,0.575));
#299 = VECTOR('',#300,1.);
#300 = DIRECTION('',(1.110223024625E-16,-1.,0.));
#301 = ORIENTED_EDGE('',*,*,#302,.F.);
#302 = EDGE_CURVE('',#150,#295,#303,.T.);
#303 = LINE('',#304,#305);
#304 = CARTESIAN_POINT('',(0.7,1.405,0.575));
#305 = VECTOR('',#306,1.);
#306 = DIRECTION('',(1.110223024625E-16,-1.,0.));
#307 = ORIENTED_EDGE('',*,*,#149,.F.);
#308 = B_SPLINE_SURFACE_WITH_KNOTS('',1,1,(
    (#309,#310)
    ,(#311,#312
    )),.UNSPECIFIED.,.F.,.F.,.F.,(2,2),(2,2),(0.,2.81),(0.,1.),
  .PIECEWISE_BEZIER_KNOTS.);
#309 = CARTESIAN_POINT('',(0.633243103516,1.371621551758,0.1));
#310 = CARTESIAN_POINT('',(0.7,1.405,0.575));
#311 = CARTESIAN_POINT('',(0.633243103516,-1.371621551758,0.1));
#312 = CARTESIAN_POINT('',(0.7,-1.405,0.575));
#313 = ADVANCED_FACE('',(#314),#331,.F.);
#314 = FACE_BOUND('',#315,.F.);
#315 = EDGE_LOOP('',(#316,#317,#318,#326));
#316 = ORIENTED_EDGE('',*,*,#118,.T.);
#317 = ORIENTED_EDGE('',*,*,#265,.T.);
#318 = ORIENTED_EDGE('',*,*,#319,.F.);
#319 = EDGE_CURVE('',#320,#258,#322,.T.);
#320 = VERTEX_POINT('',#321);
#321 = CARTESIAN_POINT('',(-0.605,-1.5,0.575));
#322 = LINE('',#323,#324);
#323 = CARTESIAN_POINT('',(-0.605,-1.5,0.575));
#324 = VECTOR('',#325,1.);
#325 = DIRECTION('',(-0.707106781187,0.707106781187,0.));
#326 = ORIENTED_EDGE('',*,*,#327,.F.);
#327 = EDGE_CURVE('',#111,#320,#328,.T.);
#328 = B_SPLINE_CURVE_WITH_KNOTS('',1,(#329,#330),.UNSPECIFIED.,.F.,.F.,
  (2,2),(0.,1.),.PIECEWISE_BEZIER_KNOTS.);
#329 = CARTESIAN_POINT('',(-0.571621551758,-1.433243103516,0.1));
#330 = CARTESIAN_POINT('',(-0.605,-1.5,0.575));
#331 = B_SPLINE_SURFACE_WITH_KNOTS('',1,1,(
    (#332,#333)
    ,(#334,#335
    )),.UNSPECIFIED.,.F.,.F.,.F.,(2,2),(2,2),(0.,0.134350288425),(0.,1.)
  ,.PIECEWISE_BEZIER_KNOTS.);
#332 = CARTESIAN_POINT('',(-0.571621551758,-1.433243103516,0.1));
#333 = CARTESIAN_POINT('',(-0.605,-1.5,0.575));
#334 = CARTESIAN_POINT('',(-0.633243103516,-1.371621551758,0.1));
#335 = CARTESIAN_POINT('',(-0.7,-1.405,0.575));
#336 = ADVANCED_FACE('',(#337),#354,.F.);
#337 = FACE_BOUND('',#338,.F.);
#338 = EDGE_LOOP('',(#339,#340,#347,#353));
#339 = ORIENTED_EDGE('',*,*,#102,.T.);
#340 = ORIENTED_EDGE('',*,*,#341,.T.);
#341 = EDGE_CURVE('',#103,#342,#344,.T.);
#342 = VERTEX_POINT('',#343);
#343 = CARTESIAN_POINT('',(0.605,-1.5,0.575));
#344 = B_SPLINE_CURVE_WITH_KNOTS('',1,(#345,#346),.UNSPECIFIED.,.F.,.F.,
  (2,2),(0.,1.),.PIECEWISE_BEZIER_KNOTS.);
#345 = CARTESIAN_POINT('',(0.571621551758,-1.433243103516,0.1));
#346 = CARTESIAN_POINT('',(0.605,-1.5,0.575));
#347 = ORIENTED_EDGE('',*,*,#348,.F.);
#348 = EDGE_CURVE('',#280,#342,#349,.T.);
#349 = LINE('',#350,#351);
#350 = CARTESIAN_POINT('',(0.7,-1.405,0.575));
#351 = VECTOR('',#352,1.);
#352 = DIRECTION('',(-0.707106781187,-0.707106781187,0.));
#353 = ORIENTED_EDGE('',*,*,#279,.F.);
#354 = B_SPLINE_SURFACE_WITH_KNOTS('',1,1,(
    (#355,#356)
    ,(#357,#358
    )),.UNSPECIFIED.,.F.,.F.,.F.,(2,2),(2,2),(0.,0.134350288425),(0.,1.)
  ,.PIECEWISE_BEZIER_KNOTS.);
#355 = CARTESIAN_POINT('',(0.633243103516,-1.371621551758,0.1));
#356 = CARTESIAN_POINT('',(0.7,-1.405,0.575));
#357 = CARTESIAN_POINT('',(0.571621551758,-1.433243103516,0.1));
#358 = CARTESIAN_POINT('',(0.605,-1.5,0.575));
#359 = ADVANCED_FACE('',(#360),#371,.F.);
#360 = FACE_BOUND('',#361,.F.);
#361 = EDGE_LOOP('',(#362,#363,#364,#370));
#362 = ORIENTED_EDGE('',*,*,#110,.T.);
#363 = ORIENTED_EDGE('',*,*,#327,.T.);
#364 = ORIENTED_EDGE('',*,*,#365,.F.);
#365 = EDGE_CURVE('',#342,#320,#366,.T.);
#366 = LINE('',#367,#368);
#367 = CARTESIAN_POINT('',(0.605,-1.5,0.575));
#368 = VECTOR('',#369,1.);
#369 = DIRECTION('',(-1.,-1.110223024625E-16,0.));
#370 = ORIENTED_EDGE('',*,*,#341,.F.);
#371 = B_SPLINE_SURFACE_WITH_KNOTS('',1,1,(
    (#372,#373)
    ,(#374,#375
    )),.UNSPECIFIED.,.F.,.F.,.F.,(2,2),(2,2),(0.,1.21),(0.,1.),
  .PIECEWISE_BEZIER_KNOTS.);
#372 = CARTESIAN_POINT('',(0.571621551758,-1.433243103516,0.1));
#373 = CARTESIAN_POINT('',(0.605,-1.5,0.575));
#374 = CARTESIAN_POINT('',(-0.571621551758,-1.433243103516,0.1));
#375 = CARTESIAN_POINT('',(-0.605,-1.5,0.575));
#376 = ADVANCED_FACE('',(#377),#394,.F.);
#377 = FACE_BOUND('',#378,.F.);
#378 = EDGE_LOOP('',(#379,#380,#387,#393));
#379 = ORIENTED_EDGE('',*,*,#156,.T.);
#380 = ORIENTED_EDGE('',*,*,#381,.T.);
#381 = EDGE_CURVE('',#150,#382,#384,.T.);
#382 = VERTEX_POINT('',#383);
#383 = CARTESIAN_POINT('',(0.7,1.405,0.725));
#384 = B_SPLINE_CURVE_WITH_KNOTS('',1,(#385,#386),.UNSPECIFIED.,.F.,.F.,
  (2,2),(0.,1.),.PIECEWISE_BEZIER_KNOTS.);
#385 = CARTESIAN_POINT('',(0.7,1.405,0.575));
#386 = CARTESIAN_POINT('',(0.7,1.405,0.725));
#387 = ORIENTED_EDGE('',*,*,#388,.F.);
#388 = EDGE_CURVE('',#173,#382,#389,.T.);
#389 = LINE('',#390,#391);
#390 = CARTESIAN_POINT('',(0.605,1.5,0.725));
#391 = VECTOR('',#392,1.);
#392 = DIRECTION('',(0.707106781187,-0.707106781187,0.));
#393 = ORIENTED_EDGE('',*,*,#172,.F.);
#394 = PLANE('',#395);
#395 = AXIS2_PLACEMENT_3D('',#396,#397,#398);
#396 = CARTESIAN_POINT('',(0.605,1.5,0.725));
#397 = DIRECTION('',(-0.707106781187,-0.707106781187,0.));
#398 = DIRECTION('',(0.707106781187,-0.707106781187,0.));
#399 = ADVANCED_FACE('',(#400),#482,.F.);
#400 = FACE_BOUND('',#401,.F.);
#401 = EDGE_LOOP('',(#402,#410,#411,#412,#420,#428,#436,#444,#452,#460,
    #468,#476));
#402 = ORIENTED_EDGE('',*,*,#403,.T.);
#403 = EDGE_CURVE('',#404,#180,#406,.T.);
#404 = VERTEX_POINT('',#405);
#405 = CARTESIAN_POINT('',(-0.7,1.405,0.725));
#406 = LINE('',#407,#408);
#407 = CARTESIAN_POINT('',(-0.7,1.405,0.725));
#408 = VECTOR('',#409,1.);
#409 = DIRECTION('',(0.707106781187,0.707106781187,0.));
#410 = ORIENTED_EDGE('',*,*,#179,.T.);
#411 = ORIENTED_EDGE('',*,*,#388,.T.);
#412 = ORIENTED_EDGE('',*,*,#413,.T.);
#413 = EDGE_CURVE('',#382,#414,#416,.T.);
#414 = VERTEX_POINT('',#415);
#415 = CARTESIAN_POINT('',(0.7,0.2,0.725));
#416 = LINE('',#417,#418);
#417 = CARTESIAN_POINT('',(0.7,1.405,0.725));
#418 = VECTOR('',#419,1.);
#419 = DIRECTION('',(1.110223024625E-16,-1.,0.));
#420 = ORIENTED_EDGE('',*,*,#421,.T.);
#421 = EDGE_CURVE('',#414,#422,#424,.T.);
#422 = VERTEX_POINT('',#423);
#423 = CARTESIAN_POINT('',(0.675,0.2,0.725));
#424 = LINE('',#425,#426);
#425 = CARTESIAN_POINT('',(0.7,0.2,0.725));
#426 = VECTOR('',#427,1.);
#427 = DIRECTION('',(-1.,-1.110223024625E-16,0.));
#428 = ORIENTED_EDGE('',*,*,#429,.F.);
#429 = EDGE_CURVE('',#430,#422,#432,.T.);
#430 = VERTEX_POINT('',#431);
#431 = CARTESIAN_POINT('',(0.675,1.3925,0.725));
#432 = LINE('',#433,#434);
#433 = CARTESIAN_POINT('',(0.675,1.3925,0.725));
#434 = VECTOR('',#435,1.);
#435 = DIRECTION('',(1.110223024625E-16,-1.,0.));
#436 = ORIENTED_EDGE('',*,*,#437,.F.);
#437 = EDGE_CURVE('',#438,#430,#440,.T.);
#438 = VERTEX_POINT('',#439);
#439 = CARTESIAN_POINT('',(0.5925,1.475,0.725));
#440 = LINE('',#441,#442);
#441 = CARTESIAN_POINT('',(0.5925,1.475,0.725));
#442 = VECTOR('',#443,1.);
#443 = DIRECTION('',(0.707106781187,-0.707106781187,0.));
#444 = ORIENTED_EDGE('',*,*,#445,.F.);
#445 = EDGE_CURVE('',#446,#438,#448,.T.);
#446 = VERTEX_POINT('',#447);
#447 = CARTESIAN_POINT('',(-0.5925,1.475,0.725));
#448 = LINE('',#449,#450);
#449 = CARTESIAN_POINT('',(-0.5925,1.475,0.725));
#450 = VECTOR('',#451,1.);
#451 = DIRECTION('',(1.,1.110223024625E-16,0.));
#452 = ORIENTED_EDGE('',*,*,#453,.F.);
#453 = EDGE_CURVE('',#454,#446,#456,.T.);
#454 = VERTEX_POINT('',#455);
#455 = CARTESIAN_POINT('',(-0.675,1.3925,0.725));
#456 = LINE('',#457,#458);
#457 = CARTESIAN_POINT('',(-0.675,1.3925,0.725));
#458 = VECTOR('',#459,1.);
#459 = DIRECTION('',(0.707106781187,0.707106781187,0.));
#460 = ORIENTED_EDGE('',*,*,#461,.F.);
#461 = EDGE_CURVE('',#462,#454,#464,.T.);
#462 = VERTEX_POINT('',#463);
#463 = CARTESIAN_POINT('',(-0.675,1.15,0.725));
#464 = LINE('',#465,#466);
#465 = CARTESIAN_POINT('',(-0.675,-1.3925,0.725));
#466 = VECTOR('',#467,1.);
#467 = DIRECTION('',(-1.110223024625E-16,1.,0.));
#468 = ORIENTED_EDGE('',*,*,#469,.F.);
#469 = EDGE_CURVE('',#470,#462,#472,.T.);
#470 = VERTEX_POINT('',#471);
#471 = CARTESIAN_POINT('',(-0.7,1.15,0.725));
#472 = LINE('',#473,#474);
#473 = CARTESIAN_POINT('',(-0.7,1.15,0.725));
#474 = VECTOR('',#475,1.);
#475 = DIRECTION('',(1.,-1.144237745222E-17,0.));
#476 = ORIENTED_EDGE('',*,*,#477,.T.);
#477 = EDGE_CURVE('',#470,#404,#478,.T.);
#478 = LINE('',#479,#480);
#479 = CARTESIAN_POINT('',(-0.7,-1.405,0.725));
#480 = VECTOR('',#481,1.);
#481 = DIRECTION('',(-1.110223024625E-16,1.,0.));
#482 = PLANE('',#483);
#483 = AXIS2_PLACEMENT_3D('',#484,#485,#486);
#484 = CARTESIAN_POINT('',(-1.486299604971E-16,1.4875,0.725));
#485 = DIRECTION('',(1.022886882533E-31,-6.310887241768E-27,-1.));
#486 = DIRECTION('',(1.,1.217738924546E-16,1.022886882525E-31));
#487 = ADVANCED_FACE('',(#488),#498,.F.);
#488 = FACE_BOUND('',#489,.F.);
#489 = EDGE_LOOP('',(#490,#491,#492,#493));
#490 = ORIENTED_EDGE('',*,*,#202,.T.);
#491 = ORIENTED_EDGE('',*,*,#187,.T.);
#492 = ORIENTED_EDGE('',*,*,#403,.F.);
#493 = ORIENTED_EDGE('',*,*,#494,.F.);
#494 = EDGE_CURVE('',#203,#404,#495,.T.);
#495 = B_SPLINE_CURVE_WITH_KNOTS('',1,(#496,#497),.UNSPECIFIED.,.F.,.F.,
  (2,2),(0.,1.),.PIECEWISE_BEZIER_KNOTS.);
#496 = CARTESIAN_POINT('',(-0.7,1.405,0.575));
#497 = CARTESIAN_POINT('',(-0.7,1.405,0.725));
#498 = PLANE('',#499);
#499 = AXIS2_PLACEMENT_3D('',#500,#501,#502);
#500 = CARTESIAN_POINT('',(-0.7,1.405,0.725));
#501 = DIRECTION('',(0.707106781187,-0.707106781187,0.));
#502 = DIRECTION('',(0.707106781187,0.707106781187,0.));
#503 = ADVANCED_FACE('',(#504),#528,.F.);
#504 = FACE_BOUND('',#505,.F.);
#505 = EDGE_LOOP('',(#506,#513,#514,#522));
#506 = ORIENTED_EDGE('',*,*,#507,.F.);
#507 = EDGE_CURVE('',#258,#508,#510,.T.);
#508 = VERTEX_POINT('',#509);
#509 = CARTESIAN_POINT('',(-0.7,-1.405,0.725));
#510 = B_SPLINE_CURVE_WITH_KNOTS('',1,(#511,#512),.UNSPECIFIED.,.F.,.F.,
  (2,2),(0.,1.),.PIECEWISE_BEZIER_KNOTS.);
#511 = CARTESIAN_POINT('',(-0.7,-1.405,0.575));
#512 = CARTESIAN_POINT('',(-0.7,-1.405,0.725));
#513 = ORIENTED_EDGE('',*,*,#257,.T.);
#514 = ORIENTED_EDGE('',*,*,#515,.T.);
#515 = EDGE_CURVE('',#250,#516,#518,.T.);
#516 = VERTEX_POINT('',#517);
#517 = CARTESIAN_POINT('',(-0.7,-1.15,0.725));
#518 = LINE('',#519,#520);
#519 = CARTESIAN_POINT('',(-0.7,-1.15,0.525297170697));
#520 = VECTOR('',#521,1.);
#521 = DIRECTION('',(0.,0.,1.));
#522 = ORIENTED_EDGE('',*,*,#523,.F.);
#523 = EDGE_CURVE('',#508,#516,#524,.T.);
#524 = LINE('',#525,#526);
#525 = CARTESIAN_POINT('',(-0.7,-1.405,0.725));
#526 = VECTOR('',#527,1.);
#527 = DIRECTION('',(-1.110223024625E-16,1.,0.));
#528 = PLANE('',#529);
#529 = AXIS2_PLACEMENT_3D('',#530,#531,#532);
#530 = CARTESIAN_POINT('',(-0.7,-1.405,0.725));
#531 = DIRECTION('',(1.,1.110223024625E-16,0.));
#532 = DIRECTION('',(-1.110223024625E-16,1.,0.));
#533 = ADVANCED_FACE('',(#534),#561,.F.);
#534 = FACE_BOUND('',#535,.F.);
#535 = EDGE_LOOP('',(#536,#537,#546,#554));
#536 = ORIENTED_EDGE('',*,*,#249,.T.);
#537 = ORIENTED_EDGE('',*,*,#538,.T.);
#538 = EDGE_CURVE('',#242,#539,#541,.T.);
#539 = VERTEX_POINT('',#540);
#540 = CARTESIAN_POINT('',(-0.8,-0.75,0.475));
#541 = CIRCLE('',#542,0.1);
#542 = AXIS2_PLACEMENT_3D('',#543,#544,#545);
#543 = CARTESIAN_POINT('',(-0.7,-0.75,0.475));
#544 = DIRECTION('',(-1.144237745222E-17,-1.,2.736911063134E-48));
#545 = DIRECTION('',(-1.110223024625E-15,1.27035909039E-32,1.));
#546 = ORIENTED_EDGE('',*,*,#547,.F.);
#547 = EDGE_CURVE('',#548,#539,#550,.T.);
#548 = VERTEX_POINT('',#549);
#549 = CARTESIAN_POINT('',(-0.8,-1.15,0.475));
#550 = LINE('',#551,#552);
#551 = CARTESIAN_POINT('',(-0.8,-1.15,0.475));
#552 = VECTOR('',#553,1.);
#553 = DIRECTION('',(1.144237745222E-17,1.,0.));
#554 = ORIENTED_EDGE('',*,*,#555,.F.);
#555 = EDGE_CURVE('',#250,#548,#556,.T.);
#556 = CIRCLE('',#557,0.1);
#557 = AXIS2_PLACEMENT_3D('',#558,#559,#560);
#558 = CARTESIAN_POINT('',(-0.7,-1.15,0.475));
#559 = DIRECTION('',(-1.144237745222E-17,-1.,2.736911063134E-48));
#560 = DIRECTION('',(-1.110223024625E-15,1.27035909039E-32,1.));
#561 = CYLINDRICAL_SURFACE('',#562,0.1);
#562 = AXIS2_PLACEMENT_3D('',#563,#564,#565);
#563 = CARTESIAN_POINT('',(-0.7,-1.15,0.475));
#564 = DIRECTION('',(-1.144237745222E-17,-1.,0.));
#565 = DIRECTION('',(-1.110223024625E-15,1.27035909039E-32,1.));
#566 = ADVANCED_FACE('',(#567),#592,.F.);
#567 = FACE_BOUND('',#568,.F.);
#568 = EDGE_LOOP('',(#569,#577,#578,#586));
#569 = ORIENTED_EDGE('',*,*,#570,.F.);
#570 = EDGE_CURVE('',#242,#571,#573,.T.);
#571 = VERTEX_POINT('',#572);
#572 = CARTESIAN_POINT('',(-0.7,-0.75,0.725));
#573 = LINE('',#574,#575);
#574 = CARTESIAN_POINT('',(-0.7,-0.75,0.525297170697));
#575 = VECTOR('',#576,1.);
#576 = DIRECTION('',(0.,0.,1.));
#577 = ORIENTED_EDGE('',*,*,#241,.T.);
#578 = ORIENTED_EDGE('',*,*,#579,.T.);
#579 = EDGE_CURVE('',#234,#580,#582,.T.);
#580 = VERTEX_POINT('',#581);
#581 = CARTESIAN_POINT('',(-0.7,0.75,0.725));
#582 = LINE('',#583,#584);
#583 = CARTESIAN_POINT('',(-0.7,0.75,0.525297170697));
#584 = VECTOR('',#585,1.);
#585 = DIRECTION('',(0.,0.,1.));
#586 = ORIENTED_EDGE('',*,*,#587,.F.);
#587 = EDGE_CURVE('',#571,#580,#588,.T.);
#588 = LINE('',#589,#590);
#589 = CARTESIAN_POINT('',(-0.7,-1.405,0.725));
#590 = VECTOR('',#591,1.);
#591 = DIRECTION('',(-1.110223024625E-16,1.,0.));
#592 = PLANE('',#593);
#593 = AXIS2_PLACEMENT_3D('',#594,#595,#596);
#594 = CARTESIAN_POINT('',(-0.7,-1.405,0.725));
#595 = DIRECTION('',(1.,1.110223024625E-16,0.));
#596 = DIRECTION('',(-1.110223024625E-16,1.,0.));
#597 = ADVANCED_FACE('',(#598),#625,.F.);
#598 = FACE_BOUND('',#599,.F.);
#599 = EDGE_LOOP('',(#600,#601,#610,#618));
#600 = ORIENTED_EDGE('',*,*,#233,.T.);
#601 = ORIENTED_EDGE('',*,*,#602,.T.);
#602 = EDGE_CURVE('',#226,#603,#605,.T.);
#603 = VERTEX_POINT('',#604);
#604 = CARTESIAN_POINT('',(-0.8,1.15,0.475));
#605 = CIRCLE('',#606,0.1);
#606 = AXIS2_PLACEMENT_3D('',#607,#608,#609);
#607 = CARTESIAN_POINT('',(-0.7,1.15,0.475));
#608 = DIRECTION('',(-1.144237745222E-17,-1.,2.736911063134E-48));
#609 = DIRECTION('',(-1.110223024625E-15,1.27035909039E-32,1.));
#610 = ORIENTED_EDGE('',*,*,#611,.F.);
#611 = EDGE_CURVE('',#612,#603,#614,.T.);
#612 = VERTEX_POINT('',#613);
#613 = CARTESIAN_POINT('',(-0.8,0.75,0.475));
#614 = LINE('',#615,#616);
#615 = CARTESIAN_POINT('',(-0.8,0.75,0.475));
#616 = VECTOR('',#617,1.);
#617 = DIRECTION('',(1.144237745222E-17,1.,0.));
#618 = ORIENTED_EDGE('',*,*,#619,.F.);
#619 = EDGE_CURVE('',#234,#612,#620,.T.);
#620 = CIRCLE('',#621,0.1);
#621 = AXIS2_PLACEMENT_3D('',#622,#623,#624);
#622 = CARTESIAN_POINT('',(-0.7,0.75,0.475));
#623 = DIRECTION('',(-1.144237745222E-17,-1.,2.736911063134E-48));
#624 = DIRECTION('',(-1.110223024625E-15,1.27035909039E-32,1.));
#625 = CYLINDRICAL_SURFACE('',#626,0.1);
#626 = AXIS2_PLACEMENT_3D('',#627,#628,#629);
#627 = CARTESIAN_POINT('',(-0.7,0.75,0.475));
#628 = DIRECTION('',(-1.144237745222E-17,-1.,0.));
#629 = DIRECTION('',(-1.110223024625E-15,1.27035909039E-32,1.));
#630 = ADVANCED_FACE('',(#631),#642,.F.);
#631 = FACE_BOUND('',#632,.F.);
#632 = EDGE_LOOP('',(#633,#639,#640,#641));
#633 = ORIENTED_EDGE('',*,*,#634,.F.);
#634 = EDGE_CURVE('',#226,#470,#635,.T.);
#635 = LINE('',#636,#637);
#636 = CARTESIAN_POINT('',(-0.7,1.15,0.525297170697));
#637 = VECTOR('',#638,1.);
#638 = DIRECTION('',(0.,0.,1.));
#639 = ORIENTED_EDGE('',*,*,#225,.T.);
#640 = ORIENTED_EDGE('',*,*,#494,.T.);
#641 = ORIENTED_EDGE('',*,*,#477,.F.);
#642 = PLANE('',#643);
#643 = AXIS2_PLACEMENT_3D('',#644,#645,#646);
#644 = CARTESIAN_POINT('',(-0.7,-1.405,0.725));
#645 = DIRECTION('',(1.,1.110223024625E-16,0.));
#646 = DIRECTION('',(-1.110223024625E-16,1.,0.));
#647 = ADVANCED_FACE('',(#648),#659,.F.);
#648 = FACE_BOUND('',#649,.F.);
#649 = EDGE_LOOP('',(#650,#651,#652,#658));
#650 = ORIENTED_EDGE('',*,*,#381,.F.);
#651 = ORIENTED_EDGE('',*,*,#302,.T.);
#652 = ORIENTED_EDGE('',*,*,#653,.T.);
#653 = EDGE_CURVE('',#295,#414,#654,.T.);
#654 = LINE('',#655,#656);
#655 = CARTESIAN_POINT('',(0.7,0.2,0.525297170697));
#656 = VECTOR('',#657,1.);
#657 = DIRECTION('',(0.,0.,1.));
#658 = ORIENTED_EDGE('',*,*,#413,.F.);
#659 = PLANE('',#660);
#660 = AXIS2_PLACEMENT_3D('',#661,#662,#663);
#661 = CARTESIAN_POINT('',(0.7,1.405,0.725));
#662 = DIRECTION('',(-1.,-1.110223024625E-16,0.));
#663 = DIRECTION('',(1.110223024625E-16,-1.,0.));
#664 = ADVANCED_FACE('',(#665),#692,.F.);
#665 = FACE_BOUND('',#666,.F.);
#666 = EDGE_LOOP('',(#667,#668,#677,#685));
#667 = ORIENTED_EDGE('',*,*,#294,.T.);
#668 = ORIENTED_EDGE('',*,*,#669,.T.);
#669 = EDGE_CURVE('',#287,#670,#672,.T.);
#670 = VERTEX_POINT('',#671);
#671 = CARTESIAN_POINT('',(0.8,-0.2,0.475));
#672 = CIRCLE('',#673,0.1);
#673 = AXIS2_PLACEMENT_3D('',#674,#675,#676);
#674 = CARTESIAN_POINT('',(0.7,-0.2,0.475));
#675 = DIRECTION('',(-1.110223024625E-16,1.,0.));
#676 = DIRECTION('',(1.110223024625E-15,1.232595164407E-31,1.));
#677 = ORIENTED_EDGE('',*,*,#678,.F.);
#678 = EDGE_CURVE('',#679,#670,#681,.T.);
#679 = VERTEX_POINT('',#680);
#680 = CARTESIAN_POINT('',(0.8,0.2,0.475));
#681 = LINE('',#682,#683);
#682 = CARTESIAN_POINT('',(0.8,0.2,0.475));
#683 = VECTOR('',#684,1.);
#684 = DIRECTION('',(1.110223024625E-16,-1.,0.));
#685 = ORIENTED_EDGE('',*,*,#686,.F.);
#686 = EDGE_CURVE('',#295,#679,#687,.T.);
#687 = CIRCLE('',#688,0.1);
#688 = AXIS2_PLACEMENT_3D('',#689,#690,#691);
#689 = CARTESIAN_POINT('',(0.7,0.2,0.475));
#690 = DIRECTION('',(-1.110223024625E-16,1.,0.));
#691 = DIRECTION('',(1.110223024625E-15,1.232595164407E-31,1.));
#692 = CYLINDRICAL_SURFACE('',#693,0.1);
#693 = AXIS2_PLACEMENT_3D('',#694,#695,#696);
#694 = CARTESIAN_POINT('',(0.7,0.2,0.475));
#695 = DIRECTION('',(-1.110223024625E-16,1.,0.));
#696 = DIRECTION('',(1.110223024625E-15,1.232595164407E-31,1.));
#697 = ADVANCED_FACE('',(#698),#722,.F.);
#698 = FACE_BOUND('',#699,.F.);
#699 = EDGE_LOOP('',(#700,#708,#709,#716));
#700 = ORIENTED_EDGE('',*,*,#701,.F.);
#701 = EDGE_CURVE('',#287,#702,#704,.T.);
#702 = VERTEX_POINT('',#703);
#703 = CARTESIAN_POINT('',(0.7,-0.2,0.725));
#704 = LINE('',#705,#706);
#705 = CARTESIAN_POINT('',(0.7,-0.2,0.525297170697));
#706 = VECTOR('',#707,1.);
#707 = DIRECTION('',(0.,0.,1.));
#708 = ORIENTED_EDGE('',*,*,#286,.T.);
#709 = ORIENTED_EDGE('',*,*,#710,.T.);
#710 = EDGE_CURVE('',#280,#711,#713,.T.);
#711 = VERTEX_POINT('',#712);
#712 = CARTESIAN_POINT('',(0.7,-1.405,0.725));
#713 = B_SPLINE_CURVE_WITH_KNOTS('',1,(#714,#715),.UNSPECIFIED.,.F.,.F.,
  (2,2),(0.,1.),.PIECEWISE_BEZIER_KNOTS.);
#714 = CARTESIAN_POINT('',(0.7,-1.405,0.575));
#715 = CARTESIAN_POINT('',(0.7,-1.405,0.725));
#716 = ORIENTED_EDGE('',*,*,#717,.F.);
#717 = EDGE_CURVE('',#702,#711,#718,.T.);
#718 = LINE('',#719,#720);
#719 = CARTESIAN_POINT('',(0.7,1.405,0.725));
#720 = VECTOR('',#721,1.);
#721 = DIRECTION('',(1.110223024625E-16,-1.,0.));
#722 = PLANE('',#723);
#723 = AXIS2_PLACEMENT_3D('',#724,#725,#726);
#724 = CARTESIAN_POINT('',(0.7,1.405,0.725));
#725 = DIRECTION('',(-1.,-1.110223024625E-16,0.));
#726 = DIRECTION('',(1.110223024625E-16,-1.,0.));
#727 = ADVANCED_FACE('',(#728),#745,.F.);
#728 = FACE_BOUND('',#729,.F.);
#729 = EDGE_LOOP('',(#730,#731,#732,#740));
#730 = ORIENTED_EDGE('',*,*,#319,.T.);
#731 = ORIENTED_EDGE('',*,*,#507,.T.);
#732 = ORIENTED_EDGE('',*,*,#733,.F.);
#733 = EDGE_CURVE('',#734,#508,#736,.T.);
#734 = VERTEX_POINT('',#735);
#735 = CARTESIAN_POINT('',(-0.605,-1.5,0.725));
#736 = LINE('',#737,#738);
#737 = CARTESIAN_POINT('',(-0.605,-1.5,0.725));
#738 = VECTOR('',#739,1.);
#739 = DIRECTION('',(-0.707106781187,0.707106781187,0.));
#740 = ORIENTED_EDGE('',*,*,#741,.F.);
#741 = EDGE_CURVE('',#320,#734,#742,.T.);
#742 = B_SPLINE_CURVE_WITH_KNOTS('',1,(#743,#744),.UNSPECIFIED.,.F.,.F.,
  (2,2),(0.,1.),.PIECEWISE_BEZIER_KNOTS.);
#743 = CARTESIAN_POINT('',(-0.605,-1.5,0.575));
#744 = CARTESIAN_POINT('',(-0.605,-1.5,0.725));
#745 = PLANE('',#746);
#746 = AXIS2_PLACEMENT_3D('',#747,#748,#749);
#747 = CARTESIAN_POINT('',(-0.605,-1.5,0.725));
#748 = DIRECTION('',(0.707106781187,0.707106781187,0.));
#749 = DIRECTION('',(-0.707106781187,0.707106781187,0.));
#750 = ADVANCED_FACE('',(#751),#768,.F.);
#751 = FACE_BOUND('',#752,.F.);
#752 = EDGE_LOOP('',(#753,#754,#761,#767));
#753 = ORIENTED_EDGE('',*,*,#348,.T.);
#754 = ORIENTED_EDGE('',*,*,#755,.T.);
#755 = EDGE_CURVE('',#342,#756,#758,.T.);
#756 = VERTEX_POINT('',#757);
#757 = CARTESIAN_POINT('',(0.605,-1.5,0.725));
#758 = B_SPLINE_CURVE_WITH_KNOTS('',1,(#759,#760),.UNSPECIFIED.,.F.,.F.,
  (2,2),(0.,1.),.PIECEWISE_BEZIER_KNOTS.);
#759 = CARTESIAN_POINT('',(0.605,-1.5,0.575));
#760 = CARTESIAN_POINT('',(0.605,-1.5,0.725));
#761 = ORIENTED_EDGE('',*,*,#762,.F.);
#762 = EDGE_CURVE('',#711,#756,#763,.T.);
#763 = LINE('',#764,#765);
#764 = CARTESIAN_POINT('',(0.7,-1.405,0.725));
#765 = VECTOR('',#766,1.);
#766 = DIRECTION('',(-0.707106781187,-0.707106781187,0.));
#767 = ORIENTED_EDGE('',*,*,#710,.F.);
#768 = PLANE('',#769);
#769 = AXIS2_PLACEMENT_3D('',#770,#771,#772);
#770 = CARTESIAN_POINT('',(0.7,-1.405,0.725));
#771 = DIRECTION('',(-0.707106781187,0.707106781187,0.));
#772 = DIRECTION('',(-0.707106781187,-0.707106781187,0.));
#773 = ADVANCED_FACE('',(#774),#785,.F.);
#774 = FACE_BOUND('',#775,.F.);
#775 = EDGE_LOOP('',(#776,#777,#778,#784));
#776 = ORIENTED_EDGE('',*,*,#365,.T.);
#777 = ORIENTED_EDGE('',*,*,#741,.T.);
#778 = ORIENTED_EDGE('',*,*,#779,.F.);
#779 = EDGE_CURVE('',#756,#734,#780,.T.);
#780 = LINE('',#781,#782);
#781 = CARTESIAN_POINT('',(0.605,-1.5,0.725));
#782 = VECTOR('',#783,1.);
#783 = DIRECTION('',(-1.,-1.110223024625E-16,0.));
#784 = ORIENTED_EDGE('',*,*,#755,.F.);
#785 = PLANE('',#786);
#786 = AXIS2_PLACEMENT_3D('',#787,#788,#789);
#787 = CARTESIAN_POINT('',(0.605,-1.5,0.725));
#788 = DIRECTION('',(-1.110223024625E-16,1.,0.));
#789 = DIRECTION('',(-1.,-1.110223024625E-16,0.));
#790 = ADVANCED_FACE('',(#791),#814,.F.);
#791 = FACE_BOUND('',#792,.F.);
#792 = EDGE_LOOP('',(#793,#801,#807,#808));
#793 = ORIENTED_EDGE('',*,*,#794,.F.);
#794 = EDGE_CURVE('',#580,#795,#797,.T.);
#795 = VERTEX_POINT('',#796);
#796 = CARTESIAN_POINT('',(-0.675,0.75,0.725));
#797 = LINE('',#798,#799);
#798 = CARTESIAN_POINT('',(-0.7,0.75,0.725));
#799 = VECTOR('',#800,1.);
#800 = DIRECTION('',(1.,-1.144237745222E-17,0.));
#801 = ORIENTED_EDGE('',*,*,#802,.T.);
#802 = EDGE_CURVE('',#580,#470,#803,.T.);
#803 = LINE('',#804,#805);
#804 = CARTESIAN_POINT('',(-0.7,0.75,0.725));
#805 = VECTOR('',#806,1.);
#806 = DIRECTION('',(1.144237745222E-17,1.,0.));
#807 = ORIENTED_EDGE('',*,*,#469,.T.);
#808 = ORIENTED_EDGE('',*,*,#809,.F.);
#809 = EDGE_CURVE('',#795,#462,#810,.T.);
#810 = LINE('',#811,#812);
#811 = CARTESIAN_POINT('',(-0.675,-1.3925,0.725));
#812 = VECTOR('',#813,1.);
#813 = DIRECTION('',(-1.110223024625E-16,1.,0.));
#814 = PLANE('',#815);
#815 = AXIS2_PLACEMENT_3D('',#816,#817,#818);
#816 = CARTESIAN_POINT('',(-0.7,0.75,0.725));
#817 = DIRECTION('',(0.,0.,-1.));
#818 = DIRECTION('',(1.,-1.144237745222E-17,0.));
#819 = ADVANCED_FACE('',(#820),#868,.F.);
#820 = FACE_BOUND('',#821,.F.);
#821 = EDGE_LOOP('',(#822,#832,#840,#846,#847,#848,#855,#863));
#822 = ORIENTED_EDGE('',*,*,#823,.T.);
#823 = EDGE_CURVE('',#824,#826,#828,.T.);
#824 = VERTEX_POINT('',#825);
#825 = CARTESIAN_POINT('',(-0.675,-1.3925,0.725));
#826 = VERTEX_POINT('',#827);
#827 = CARTESIAN_POINT('',(-0.675,-1.15,0.725));
#828 = LINE('',#829,#830);
#829 = CARTESIAN_POINT('',(-0.675,-1.3925,0.725));
#830 = VECTOR('',#831,1.);
#831 = DIRECTION('',(-1.110223024625E-16,1.,0.));
#832 = ORIENTED_EDGE('',*,*,#833,.T.);
#833 = EDGE_CURVE('',#826,#834,#836,.T.);
#834 = VERTEX_POINT('',#835);
#835 = CARTESIAN_POINT('',(-0.675,-0.75,0.725));
#836 = LINE('',#837,#838);
#837 = CARTESIAN_POINT('',(-0.675,-1.3925,0.725));
#838 = VECTOR('',#839,1.);
#839 = DIRECTION('',(-1.110223024625E-16,1.,0.));
#840 = ORIENTED_EDGE('',*,*,#841,.T.);
#841 = EDGE_CURVE('',#834,#795,#842,.T.);
#842 = LINE('',#843,#844);
#843 = CARTESIAN_POINT('',(-0.675,-1.3925,0.725));
#844 = VECTOR('',#845,1.);
#845 = DIRECTION('',(-1.110223024625E-16,1.,0.));
#846 = ORIENTED_EDGE('',*,*,#809,.T.);
#847 = ORIENTED_EDGE('',*,*,#461,.T.);
#848 = ORIENTED_EDGE('',*,*,#849,.T.);
#849 = EDGE_CURVE('',#454,#850,#852,.T.);
#850 = VERTEX_POINT('',#851);
#851 = CARTESIAN_POINT('',(-0.608243103516,1.359121551758,1.2));
#852 = B_SPLINE_CURVE_WITH_KNOTS('',1,(#853,#854),.UNSPECIFIED.,.F.,.F.,
  (2,2),(0.,1.),.PIECEWISE_BEZIER_KNOTS.);
#853 = CARTESIAN_POINT('',(-0.675,1.3925,0.725));
#854 = CARTESIAN_POINT('',(-0.608243103516,1.359121551758,1.2));
#855 = ORIENTED_EDGE('',*,*,#856,.F.);
#856 = EDGE_CURVE('',#857,#850,#859,.T.);
#857 = VERTEX_POINT('',#858);
#858 = CARTESIAN_POINT('',(-0.608243103516,-1.359121551758,1.2));
#859 = LINE('',#860,#861);
#860 = CARTESIAN_POINT('',(-0.608243103516,-1.359121551758,1.2));
#861 = VECTOR('',#862,1.);
#862 = DIRECTION('',(-1.110223024625E-16,1.,0.));
#863 = ORIENTED_EDGE('',*,*,#864,.F.);
#864 = EDGE_CURVE('',#824,#857,#865,.T.);
#865 = B_SPLINE_CURVE_WITH_KNOTS('',1,(#866,#867),.UNSPECIFIED.,.F.,.F.,
  (2,2),(0.,1.),.PIECEWISE_BEZIER_KNOTS.);
#866 = CARTESIAN_POINT('',(-0.675,-1.3925,0.725));
#867 = CARTESIAN_POINT('',(-0.608243103516,-1.359121551758,1.2));
#868 = B_SPLINE_SURFACE_WITH_KNOTS('',1,1,(
    (#869,#870)
    ,(#871,#872
    )),.UNSPECIFIED.,.F.,.F.,.F.,(2,2),(2,2),(0.,2.785),(0.,1.),
  .PIECEWISE_BEZIER_KNOTS.);
#869 = CARTESIAN_POINT('',(-0.675,-1.3925,0.725));
#870 = CARTESIAN_POINT('',(-0.608243103516,-1.359121551758,1.2));
#871 = CARTESIAN_POINT('',(-0.675,1.3925,0.725));
#872 = CARTESIAN_POINT('',(-0.608243103516,1.359121551758,1.2));
#873 = ADVANCED_FACE('',(#874),#891,.F.);
#874 = FACE_BOUND('',#875,.F.);
#875 = EDGE_LOOP('',(#876,#877,#884,#890));
#876 = ORIENTED_EDGE('',*,*,#453,.T.);
#877 = ORIENTED_EDGE('',*,*,#878,.T.);
#878 = EDGE_CURVE('',#446,#879,#881,.T.);
#879 = VERTEX_POINT('',#880);
#880 = CARTESIAN_POINT('',(-0.559121551758,1.408243103516,1.2));
#881 = B_SPLINE_CURVE_WITH_KNOTS('',1,(#882,#883),.UNSPECIFIED.,.F.,.F.,
  (2,2),(0.,1.),.PIECEWISE_BEZIER_KNOTS.);
#882 = CARTESIAN_POINT('',(-0.5925,1.475,0.725));
#883 = CARTESIAN_POINT('',(-0.559121551758,1.408243103516,1.2));
#884 = ORIENTED_EDGE('',*,*,#885,.F.);
#885 = EDGE_CURVE('',#850,#879,#886,.T.);
#886 = LINE('',#887,#888);
#887 = CARTESIAN_POINT('',(-0.608243103516,1.359121551758,1.2));
#888 = VECTOR('',#889,1.);
#889 = DIRECTION('',(0.707106781187,0.707106781187,0.));
#890 = ORIENTED_EDGE('',*,*,#849,.F.);
#891 = B_SPLINE_SURFACE_WITH_KNOTS('',1,1,(
    (#892,#893)
    ,(#894,#895
    )),.UNSPECIFIED.,.F.,.F.,.F.,(2,2),(2,2),(0.,0.116672618896),(0.,1.)
  ,.PIECEWISE_BEZIER_KNOTS.);
#892 = CARTESIAN_POINT('',(-0.675,1.3925,0.725));
#893 = CARTESIAN_POINT('',(-0.608243103516,1.359121551758,1.2));
#894 = CARTESIAN_POINT('',(-0.5925,1.475,0.725));
#895 = CARTESIAN_POINT('',(-0.559121551758,1.408243103516,1.2));
#896 = ADVANCED_FACE('',(#897),#914,.F.);
#897 = FACE_BOUND('',#898,.F.);
#898 = EDGE_LOOP('',(#899,#900,#907,#913));
#899 = ORIENTED_EDGE('',*,*,#445,.T.);
#900 = ORIENTED_EDGE('',*,*,#901,.T.);
#901 = EDGE_CURVE('',#438,#902,#904,.T.);
#902 = VERTEX_POINT('',#903);
#903 = CARTESIAN_POINT('',(0.559121551758,1.408243103516,1.2));
#904 = B_SPLINE_CURVE_WITH_KNOTS('',1,(#905,#906),.UNSPECIFIED.,.F.,.F.,
  (2,2),(0.,1.),.PIECEWISE_BEZIER_KNOTS.);
#905 = CARTESIAN_POINT('',(0.5925,1.475,0.725));
#906 = CARTESIAN_POINT('',(0.559121551758,1.408243103516,1.2));
#907 = ORIENTED_EDGE('',*,*,#908,.F.);
#908 = EDGE_CURVE('',#879,#902,#909,.T.);
#909 = LINE('',#910,#911);
#910 = CARTESIAN_POINT('',(-0.559121551758,1.408243103516,1.2));
#911 = VECTOR('',#912,1.);
#912 = DIRECTION('',(1.,1.110223024625E-16,0.));
#913 = ORIENTED_EDGE('',*,*,#878,.F.);
#914 = B_SPLINE_SURFACE_WITH_KNOTS('',1,1,(
    (#915,#916)
    ,(#917,#918
    )),.UNSPECIFIED.,.F.,.F.,.F.,(2,2),(2,2),(0.,1.185),(0.,1.),
  .PIECEWISE_BEZIER_KNOTS.);
#915 = CARTESIAN_POINT('',(-0.5925,1.475,0.725));
#916 = CARTESIAN_POINT('',(-0.559121551758,1.408243103516,1.2));
#917 = CARTESIAN_POINT('',(0.5925,1.475,0.725));
#918 = CARTESIAN_POINT('',(0.559121551758,1.408243103516,1.2));
#919 = ADVANCED_FACE('',(#920),#937,.F.);
#920 = FACE_BOUND('',#921,.F.);
#921 = EDGE_LOOP('',(#922,#923,#930,#936));
#922 = ORIENTED_EDGE('',*,*,#437,.T.);
#923 = ORIENTED_EDGE('',*,*,#924,.T.);
#924 = EDGE_CURVE('',#430,#925,#927,.T.);
#925 = VERTEX_POINT('',#926);
#926 = CARTESIAN_POINT('',(0.608243103516,1.359121551758,1.2));
#927 = B_SPLINE_CURVE_WITH_KNOTS('',1,(#928,#929),.UNSPECIFIED.,.F.,.F.,
  (2,2),(0.,1.),.PIECEWISE_BEZIER_KNOTS.);
#928 = CARTESIAN_POINT('',(0.675,1.3925,0.725));
#929 = CARTESIAN_POINT('',(0.608243103516,1.359121551758,1.2));
#930 = ORIENTED_EDGE('',*,*,#931,.F.);
#931 = EDGE_CURVE('',#902,#925,#932,.T.);
#932 = LINE('',#933,#934);
#933 = CARTESIAN_POINT('',(0.559121551758,1.408243103516,1.2));
#934 = VECTOR('',#935,1.);
#935 = DIRECTION('',(0.707106781187,-0.707106781187,0.));
#936 = ORIENTED_EDGE('',*,*,#901,.F.);
#937 = B_SPLINE_SURFACE_WITH_KNOTS('',1,1,(
    (#938,#939)
    ,(#940,#941
    )),.UNSPECIFIED.,.F.,.F.,.F.,(2,2),(2,2),(0.,0.116672618896),(0.,1.)
  ,.PIECEWISE_BEZIER_KNOTS.);
#938 = CARTESIAN_POINT('',(0.5925,1.475,0.725));
#939 = CARTESIAN_POINT('',(0.559121551758,1.408243103516,1.2));
#940 = CARTESIAN_POINT('',(0.675,1.3925,0.725));
#941 = CARTESIAN_POINT('',(0.608243103516,1.359121551758,1.2));
#942 = ADVANCED_FACE('',(#943),#976,.F.);
#943 = FACE_BOUND('',#944,.F.);
#944 = EDGE_LOOP('',(#945,#946,#954,#962,#969,#975));
#945 = ORIENTED_EDGE('',*,*,#429,.T.);
#946 = ORIENTED_EDGE('',*,*,#947,.T.);
#947 = EDGE_CURVE('',#422,#948,#950,.T.);
#948 = VERTEX_POINT('',#949);
#949 = CARTESIAN_POINT('',(0.675,-0.2,0.725));
#950 = LINE('',#951,#952);
#951 = CARTESIAN_POINT('',(0.675,1.3925,0.725));
#952 = VECTOR('',#953,1.);
#953 = DIRECTION('',(1.110223024625E-16,-1.,0.));
#954 = ORIENTED_EDGE('',*,*,#955,.T.);
#955 = EDGE_CURVE('',#948,#956,#958,.T.);
#956 = VERTEX_POINT('',#957);
#957 = CARTESIAN_POINT('',(0.675,-1.3925,0.725));
#958 = LINE('',#959,#960);
#959 = CARTESIAN_POINT('',(0.675,1.3925,0.725));
#960 = VECTOR('',#961,1.);
#961 = DIRECTION('',(1.110223024625E-16,-1.,0.));
#962 = ORIENTED_EDGE('',*,*,#963,.T.);
#963 = EDGE_CURVE('',#956,#964,#966,.T.);
#964 = VERTEX_POINT('',#965);
#965 = CARTESIAN_POINT('',(0.608243103516,-1.359121551758,1.2));
#966 = B_SPLINE_CURVE_WITH_KNOTS('',1,(#967,#968),.UNSPECIFIED.,.F.,.F.,
  (2,2),(0.,1.),.PIECEWISE_BEZIER_KNOTS.);
#967 = CARTESIAN_POINT('',(0.675,-1.3925,0.725));
#968 = CARTESIAN_POINT('',(0.608243103516,-1.359121551758,1.2));
#969 = ORIENTED_EDGE('',*,*,#970,.F.);
#970 = EDGE_CURVE('',#925,#964,#971,.T.);
#971 = LINE('',#972,#973);
#972 = CARTESIAN_POINT('',(0.608243103516,1.359121551758,1.2));
#973 = VECTOR('',#974,1.);
#974 = DIRECTION('',(1.110223024625E-16,-1.,0.));
#975 = ORIENTED_EDGE('',*,*,#924,.F.);
#976 = B_SPLINE_SURFACE_WITH_KNOTS('',1,1,(
    (#977,#978)
    ,(#979,#980
    )),.UNSPECIFIED.,.F.,.F.,.F.,(2,2),(2,2),(0.,2.785),(0.,1.),
  .PIECEWISE_BEZIER_KNOTS.);
#977 = CARTESIAN_POINT('',(0.675,1.3925,0.725));
#978 = CARTESIAN_POINT('',(0.608243103516,1.359121551758,1.2));
#979 = CARTESIAN_POINT('',(0.675,-1.3925,0.725));
#980 = CARTESIAN_POINT('',(0.608243103516,-1.359121551758,1.2));
#981 = ADVANCED_FACE('',(#982),#998,.F.);
#982 = FACE_BOUND('',#983,.F.);
#983 = EDGE_LOOP('',(#984,#985,#991,#997));
#984 = ORIENTED_EDGE('',*,*,#421,.F.);
#985 = ORIENTED_EDGE('',*,*,#986,.T.);
#986 = EDGE_CURVE('',#414,#702,#987,.T.);
#987 = LINE('',#988,#989);
#988 = CARTESIAN_POINT('',(0.7,0.2,0.725));
#989 = VECTOR('',#990,1.);
#990 = DIRECTION('',(1.110223024625E-16,-1.,0.));
#991 = ORIENTED_EDGE('',*,*,#992,.T.);
#992 = EDGE_CURVE('',#702,#948,#993,.T.);
#993 = LINE('',#994,#995);
#994 = CARTESIAN_POINT('',(0.7,-0.2,0.725));
#995 = VECTOR('',#996,1.);
#996 = DIRECTION('',(-1.,-1.110223024625E-16,0.));
#997 = ORIENTED_EDGE('',*,*,#947,.F.);
#998 = PLANE('',#999);
#999 = AXIS2_PLACEMENT_3D('',#1000,#1001,#1002);
#1000 = CARTESIAN_POINT('',(0.7,0.2,0.725));
#1001 = DIRECTION('',(0.,0.,-1.));
#1002 = DIRECTION('',(-1.,-1.110223024625E-16,-0.));
#1003 = ADVANCED_FACE('',(#1004),#1042,.F.);
#1004 = FACE_BOUND('',#1005,.F.);
#1005 = EDGE_LOOP('',(#1006,#1007,#1008,#1009,#1010,#1011,#1012,#1018,
    #1019,#1027,#1035,#1041));
#1006 = ORIENTED_EDGE('',*,*,#992,.F.);
#1007 = ORIENTED_EDGE('',*,*,#717,.T.);
#1008 = ORIENTED_EDGE('',*,*,#762,.T.);
#1009 = ORIENTED_EDGE('',*,*,#779,.T.);
#1010 = ORIENTED_EDGE('',*,*,#733,.T.);
#1011 = ORIENTED_EDGE('',*,*,#523,.T.);
#1012 = ORIENTED_EDGE('',*,*,#1013,.T.);
#1013 = EDGE_CURVE('',#516,#826,#1014,.T.);
#1014 = LINE('',#1015,#1016);
#1015 = CARTESIAN_POINT('',(-0.7,-1.15,0.725));
#1016 = VECTOR('',#1017,1.);
#1017 = DIRECTION('',(1.,-1.144237745222E-17,0.));
#1018 = ORIENTED_EDGE('',*,*,#823,.F.);
#1019 = ORIENTED_EDGE('',*,*,#1020,.F.);
#1020 = EDGE_CURVE('',#1021,#824,#1023,.T.);
#1021 = VERTEX_POINT('',#1022);
#1022 = CARTESIAN_POINT('',(-0.5925,-1.475,0.725));
#1023 = LINE('',#1024,#1025);
#1024 = CARTESIAN_POINT('',(-0.5925,-1.475,0.725));
#1025 = VECTOR('',#1026,1.);
#1026 = DIRECTION('',(-0.707106781187,0.707106781187,0.));
#1027 = ORIENTED_EDGE('',*,*,#1028,.F.);
#1028 = EDGE_CURVE('',#1029,#1021,#1031,.T.);
#1029 = VERTEX_POINT('',#1030);
#1030 = CARTESIAN_POINT('',(0.5925,-1.475,0.725));
#1031 = LINE('',#1032,#1033);
#1032 = CARTESIAN_POINT('',(0.5925,-1.475,0.725));
#1033 = VECTOR('',#1034,1.);
#1034 = DIRECTION('',(-1.,-1.110223024625E-16,0.));
#1035 = ORIENTED_EDGE('',*,*,#1036,.F.);
#1036 = EDGE_CURVE('',#956,#1029,#1037,.T.);
#1037 = LINE('',#1038,#1039);
#1038 = CARTESIAN_POINT('',(0.675,-1.3925,0.725));
#1039 = VECTOR('',#1040,1.);
#1040 = DIRECTION('',(-0.707106781187,-0.707106781187,0.));
#1041 = ORIENTED_EDGE('',*,*,#955,.F.);
#1042 = PLANE('',#1043);
#1043 = AXIS2_PLACEMENT_3D('',#1044,#1045,#1046);
#1044 = CARTESIAN_POINT('',(-1.486299604971E-16,1.4875,0.725));
#1045 = DIRECTION('',(1.022886882533E-31,-6.310887241768E-27,-1.));
#1046 = DIRECTION('',(1.,1.217738924546E-16,1.022886882525E-31));
#1047 = ADVANCED_FACE('',(#1048),#1117,.F.);
#1048 = FACE_BOUND('',#1049,.F.);
#1049 = EDGE_LOOP('',(#1050,#1051,#1052,#1060,#1069,#1077,#1085,#1093,
    #1102,#1110));
#1050 = ORIENTED_EDGE('',*,*,#515,.F.);
#1051 = ORIENTED_EDGE('',*,*,#555,.T.);
#1052 = ORIENTED_EDGE('',*,*,#1053,.T.);
#1053 = EDGE_CURVE('',#548,#1054,#1056,.T.);
#1054 = VERTEX_POINT('',#1055);
#1055 = CARTESIAN_POINT('',(-0.8,-1.15,0.25));
#1056 = LINE('',#1057,#1058);
#1057 = CARTESIAN_POINT('',(-0.8,-1.15,0.475));
#1058 = VECTOR('',#1059,1.);
#1059 = DIRECTION('',(0.,0.,-1.));
#1060 = ORIENTED_EDGE('',*,*,#1061,.T.);
#1061 = EDGE_CURVE('',#1054,#1062,#1064,.T.);
#1062 = VERTEX_POINT('',#1063);
#1063 = CARTESIAN_POINT('',(-1.05,-1.15,0.));
#1064 = CIRCLE('',#1065,0.25);
#1065 = AXIS2_PLACEMENT_3D('',#1066,#1067,#1068);
#1066 = CARTESIAN_POINT('',(-1.05,-1.15,0.25));
#1067 = DIRECTION('',(1.144237745222E-17,1.,2.052683297351E-48));
#1068 = DIRECTION('',(1.,-1.144237745222E-17,-4.440892098501E-16));
#1069 = ORIENTED_EDGE('',*,*,#1070,.T.);
#1070 = EDGE_CURVE('',#1062,#1071,#1073,.T.);
#1071 = VERTEX_POINT('',#1072);
#1072 = CARTESIAN_POINT('',(-1.25,-1.15,0.));
#1073 = LINE('',#1074,#1075);
#1074 = CARTESIAN_POINT('',(-1.05,-1.15,0.));
#1075 = VECTOR('',#1076,1.);
#1076 = DIRECTION('',(-1.,1.144237745222E-17,0.));
#1077 = ORIENTED_EDGE('',*,*,#1078,.T.);
#1078 = EDGE_CURVE('',#1071,#1079,#1081,.T.);
#1079 = VERTEX_POINT('',#1080);
#1080 = CARTESIAN_POINT('',(-1.25,-1.15,0.15));
#1081 = LINE('',#1082,#1083);
#1082 = CARTESIAN_POINT('',(-1.25,-1.15,0.));
#1083 = VECTOR('',#1084,1.);
#1084 = DIRECTION('',(0.,0.,1.));
#1085 = ORIENTED_EDGE('',*,*,#1086,.T.);
#1086 = EDGE_CURVE('',#1079,#1087,#1089,.T.);
#1087 = VERTEX_POINT('',#1088);
#1088 = CARTESIAN_POINT('',(-1.05,-1.15,0.15));
#1089 = LINE('',#1090,#1091);
#1090 = CARTESIAN_POINT('',(-1.25,-1.15,0.15));
#1091 = VECTOR('',#1092,1.);
#1092 = DIRECTION('',(1.,-1.144237745222E-17,0.));
#1093 = ORIENTED_EDGE('',*,*,#1094,.T.);
#1094 = EDGE_CURVE('',#1087,#1095,#1097,.T.);
#1095 = VERTEX_POINT('',#1096);
#1096 = CARTESIAN_POINT('',(-0.95,-1.15,0.25));
#1097 = CIRCLE('',#1098,0.1);
#1098 = AXIS2_PLACEMENT_3D('',#1099,#1100,#1101);
#1099 = CARTESIAN_POINT('',(-1.05,-1.15,0.25));
#1100 = DIRECTION('',(-1.144237745222E-17,-1.,-2.189528850508E-47));
#1101 = DIRECTION('',(2.22044604925E-15,-2.540718180781E-32,-1.));
#1102 = ORIENTED_EDGE('',*,*,#1103,.T.);
#1103 = EDGE_CURVE('',#1095,#1104,#1106,.T.);
#1104 = VERTEX_POINT('',#1105);
#1105 = CARTESIAN_POINT('',(-0.95,-1.15,0.475));
#1106 = LINE('',#1107,#1108);
#1107 = CARTESIAN_POINT('',(-0.95,-1.15,0.25));
#1108 = VECTOR('',#1109,1.);
#1109 = DIRECTION('',(0.,0.,1.));
#1110 = ORIENTED_EDGE('',*,*,#1111,.T.);
#1111 = EDGE_CURVE('',#1104,#516,#1112,.T.);
#1112 = CIRCLE('',#1113,0.25);
#1113 = AXIS2_PLACEMENT_3D('',#1114,#1115,#1116);
#1114 = CARTESIAN_POINT('',(-0.7,-1.15,0.475));
#1115 = DIRECTION('',(1.144237745222E-17,1.,-0.));
#1116 = DIRECTION('',(-1.,1.144237745222E-17,0.));
#1117 = PLANE('',#1118);
#1118 = AXIS2_PLACEMENT_3D('',#1119,#1120,#1121);
#1119 = CARTESIAN_POINT('',(-0.923137815574,-1.15,0.325594341393));
#1120 = DIRECTION('',(1.144237745222E-17,1.,0.));
#1121 = DIRECTION('',(0.,-0.,1.));
#1122 = ADVANCED_FACE('',(#1123),#1141,.F.);
#1123 = FACE_BOUND('',#1124,.F.);
#1124 = EDGE_LOOP('',(#1125,#1126,#1134,#1140));
#1125 = ORIENTED_EDGE('',*,*,#547,.T.);
#1126 = ORIENTED_EDGE('',*,*,#1127,.T.);
#1127 = EDGE_CURVE('',#539,#1128,#1130,.T.);
#1128 = VERTEX_POINT('',#1129);
#1129 = CARTESIAN_POINT('',(-0.8,-0.75,0.25));
#1130 = LINE('',#1131,#1132);
#1131 = CARTESIAN_POINT('',(-0.8,-0.75,0.475));
#1132 = VECTOR('',#1133,1.);
#1133 = DIRECTION('',(0.,0.,-1.));
#1134 = ORIENTED_EDGE('',*,*,#1135,.F.);
#1135 = EDGE_CURVE('',#1054,#1128,#1136,.T.);
#1136 = LINE('',#1137,#1138);
#1137 = CARTESIAN_POINT('',(-0.8,-1.15,0.25));
#1138 = VECTOR('',#1139,1.);
#1139 = DIRECTION('',(1.144237745222E-17,1.,0.));
#1140 = ORIENTED_EDGE('',*,*,#1053,.F.);
#1141 = PLANE('',#1142);
#1142 = AXIS2_PLACEMENT_3D('',#1143,#1144,#1145);
#1143 = CARTESIAN_POINT('',(-0.8,-1.15,0.475));
#1144 = DIRECTION('',(-1.,1.144237745222E-17,0.));
#1145 = DIRECTION('',(0.,0.,-1.));
#1146 = ADVANCED_FACE('',(#1147),#1209,.T.);
#1147 = FACE_BOUND('',#1148,.T.);
#1148 = EDGE_LOOP('',(#1149,#1150,#1151,#1152,#1161,#1169,#1177,#1185,
    #1194,#1202));
#1149 = ORIENTED_EDGE('',*,*,#570,.F.);
#1150 = ORIENTED_EDGE('',*,*,#538,.T.);
#1151 = ORIENTED_EDGE('',*,*,#1127,.T.);
#1152 = ORIENTED_EDGE('',*,*,#1153,.T.);
#1153 = EDGE_CURVE('',#1128,#1154,#1156,.T.);
#1154 = VERTEX_POINT('',#1155);
#1155 = CARTESIAN_POINT('',(-1.05,-0.75,0.));
#1156 = CIRCLE('',#1157,0.25);
#1157 = AXIS2_PLACEMENT_3D('',#1158,#1159,#1160);
#1158 = CARTESIAN_POINT('',(-1.05,-0.75,0.25));
#1159 = DIRECTION('',(1.144237745222E-17,1.,2.052683297351E-48));
#1160 = DIRECTION('',(1.,-1.144237745222E-17,-4.440892098501E-16));
#1161 = ORIENTED_EDGE('',*,*,#1162,.T.);
#1162 = EDGE_CURVE('',#1154,#1163,#1165,.T.);
#1163 = VERTEX_POINT('',#1164);
#1164 = CARTESIAN_POINT('',(-1.25,-0.75,0.));
#1165 = LINE('',#1166,#1167);
#1166 = CARTESIAN_POINT('',(-1.05,-0.75,0.));
#1167 = VECTOR('',#1168,1.);
#1168 = DIRECTION('',(-1.,1.144237745222E-17,0.));
#1169 = ORIENTED_EDGE('',*,*,#1170,.T.);
#1170 = EDGE_CURVE('',#1163,#1171,#1173,.T.);
#1171 = VERTEX_POINT('',#1172);
#1172 = CARTESIAN_POINT('',(-1.25,-0.75,0.15));
#1173 = LINE('',#1174,#1175);
#1174 = CARTESIAN_POINT('',(-1.25,-0.75,0.));
#1175 = VECTOR('',#1176,1.);
#1176 = DIRECTION('',(0.,0.,1.));
#1177 = ORIENTED_EDGE('',*,*,#1178,.T.);
#1178 = EDGE_CURVE('',#1171,#1179,#1181,.T.);
#1179 = VERTEX_POINT('',#1180);
#1180 = CARTESIAN_POINT('',(-1.05,-0.75,0.15));
#1181 = LINE('',#1182,#1183);
#1182 = CARTESIAN_POINT('',(-1.25,-0.75,0.15));
#1183 = VECTOR('',#1184,1.);
#1184 = DIRECTION('',(1.,-1.144237745222E-17,0.));
#1185 = ORIENTED_EDGE('',*,*,#1186,.T.);
#1186 = EDGE_CURVE('',#1179,#1187,#1189,.T.);
#1187 = VERTEX_POINT('',#1188);
#1188 = CARTESIAN_POINT('',(-0.95,-0.75,0.25));
#1189 = CIRCLE('',#1190,0.1);
#1190 = AXIS2_PLACEMENT_3D('',#1191,#1192,#1193);
#1191 = CARTESIAN_POINT('',(-1.05,-0.75,0.25));
#1192 = DIRECTION('',(-1.144237745222E-17,-1.,-2.189528850508E-47));
#1193 = DIRECTION('',(2.22044604925E-15,-2.540718180781E-32,-1.));
#1194 = ORIENTED_EDGE('',*,*,#1195,.T.);
#1195 = EDGE_CURVE('',#1187,#1196,#1198,.T.);
#1196 = VERTEX_POINT('',#1197);
#1197 = CARTESIAN_POINT('',(-0.95,-0.75,0.475));
#1198 = LINE('',#1199,#1200);
#1199 = CARTESIAN_POINT('',(-0.95,-0.75,0.25));
#1200 = VECTOR('',#1201,1.);
#1201 = DIRECTION('',(0.,0.,1.));
#1202 = ORIENTED_EDGE('',*,*,#1203,.T.);
#1203 = EDGE_CURVE('',#1196,#571,#1204,.T.);
#1204 = CIRCLE('',#1205,0.25);
#1205 = AXIS2_PLACEMENT_3D('',#1206,#1207,#1208);
#1206 = CARTESIAN_POINT('',(-0.7,-0.75,0.475));
#1207 = DIRECTION('',(1.144237745222E-17,1.,-0.));
#1208 = DIRECTION('',(-1.,1.144237745222E-17,0.));
#1209 = PLANE('',#1210);
#1210 = AXIS2_PLACEMENT_3D('',#1211,#1212,#1213);
#1211 = CARTESIAN_POINT('',(-0.923137815574,-0.75,0.325594341393));
#1212 = DIRECTION('',(1.144237745222E-17,1.,0.));
#1213 = DIRECTION('',(0.,-0.,1.));
#1214 = ADVANCED_FACE('',(#1215),#1226,.F.);
#1215 = FACE_BOUND('',#1216,.F.);
#1216 = EDGE_LOOP('',(#1217,#1218,#1219,#1220));
#1217 = ORIENTED_EDGE('',*,*,#587,.T.);
#1218 = ORIENTED_EDGE('',*,*,#794,.T.);
#1219 = ORIENTED_EDGE('',*,*,#841,.F.);
#1220 = ORIENTED_EDGE('',*,*,#1221,.F.);
#1221 = EDGE_CURVE('',#571,#834,#1222,.T.);
#1222 = LINE('',#1223,#1224);
#1223 = CARTESIAN_POINT('',(-0.7,-0.75,0.725));
#1224 = VECTOR('',#1225,1.);
#1225 = DIRECTION('',(1.,-1.144237745222E-17,0.));
#1226 = PLANE('',#1227);
#1227 = AXIS2_PLACEMENT_3D('',#1228,#1229,#1230);
#1228 = CARTESIAN_POINT('',(-1.486299604971E-16,1.4875,0.725));
#1229 = DIRECTION('',(1.022886882533E-31,-6.310887241768E-27,-1.));
#1230 = DIRECTION('',(1.,1.217738924546E-16,1.022886882525E-31));
#1231 = ADVANCED_FACE('',(#1232),#1301,.F.);
#1232 = FACE_BOUND('',#1233,.F.);
#1233 = EDGE_LOOP('',(#1234,#1235,#1236,#1244,#1253,#1261,#1269,#1277,
    #1286,#1294));
#1234 = ORIENTED_EDGE('',*,*,#579,.F.);
#1235 = ORIENTED_EDGE('',*,*,#619,.T.);
#1236 = ORIENTED_EDGE('',*,*,#1237,.T.);
#1237 = EDGE_CURVE('',#612,#1238,#1240,.T.);
#1238 = VERTEX_POINT('',#1239);
#1239 = CARTESIAN_POINT('',(-0.8,0.75,0.25));
#1240 = LINE('',#1241,#1242);
#1241 = CARTESIAN_POINT('',(-0.8,0.75,0.475));
#1242 = VECTOR('',#1243,1.);
#1243 = DIRECTION('',(0.,0.,-1.));
#1244 = ORIENTED_EDGE('',*,*,#1245,.T.);
#1245 = EDGE_CURVE('',#1238,#1246,#1248,.T.);
#1246 = VERTEX_POINT('',#1247);
#1247 = CARTESIAN_POINT('',(-1.05,0.75,0.));
#1248 = CIRCLE('',#1249,0.25);
#1249 = AXIS2_PLACEMENT_3D('',#1250,#1251,#1252);
#1250 = CARTESIAN_POINT('',(-1.05,0.75,0.25));
#1251 = DIRECTION('',(1.144237745222E-17,1.,2.052683297351E-48));
#1252 = DIRECTION('',(1.,-1.144237745222E-17,-4.440892098501E-16));
#1253 = ORIENTED_EDGE('',*,*,#1254,.T.);
#1254 = EDGE_CURVE('',#1246,#1255,#1257,.T.);
#1255 = VERTEX_POINT('',#1256);
#1256 = CARTESIAN_POINT('',(-1.25,0.75,0.));
#1257 = LINE('',#1258,#1259);
#1258 = CARTESIAN_POINT('',(-1.05,0.75,0.));
#1259 = VECTOR('',#1260,1.);
#1260 = DIRECTION('',(-1.,1.144237745222E-17,0.));
#1261 = ORIENTED_EDGE('',*,*,#1262,.T.);
#1262 = EDGE_CURVE('',#1255,#1263,#1265,.T.);
#1263 = VERTEX_POINT('',#1264);
#1264 = CARTESIAN_POINT('',(-1.25,0.75,0.15));
#1265 = LINE('',#1266,#1267);
#1266 = CARTESIAN_POINT('',(-1.25,0.75,0.));
#1267 = VECTOR('',#1268,1.);
#1268 = DIRECTION('',(0.,0.,1.));
#1269 = ORIENTED_EDGE('',*,*,#1270,.T.);
#1270 = EDGE_CURVE('',#1263,#1271,#1273,.T.);
#1271 = VERTEX_POINT('',#1272);
#1272 = CARTESIAN_POINT('',(-1.05,0.75,0.15));
#1273 = LINE('',#1274,#1275);
#1274 = CARTESIAN_POINT('',(-1.25,0.75,0.15));
#1275 = VECTOR('',#1276,1.);
#1276 = DIRECTION('',(1.,-1.144237745222E-17,0.));
#1277 = ORIENTED_EDGE('',*,*,#1278,.T.);
#1278 = EDGE_CURVE('',#1271,#1279,#1281,.T.);
#1279 = VERTEX_POINT('',#1280);
#1280 = CARTESIAN_POINT('',(-0.95,0.75,0.25));
#1281 = CIRCLE('',#1282,0.1);
#1282 = AXIS2_PLACEMENT_3D('',#1283,#1284,#1285);
#1283 = CARTESIAN_POINT('',(-1.05,0.75,0.25));
#1284 = DIRECTION('',(-1.144237745222E-17,-1.,-2.189528850508E-47));
#1285 = DIRECTION('',(2.22044604925E-15,-2.540718180781E-32,-1.));
#1286 = ORIENTED_EDGE('',*,*,#1287,.T.);
#1287 = EDGE_CURVE('',#1279,#1288,#1290,.T.);
#1288 = VERTEX_POINT('',#1289);
#1289 = CARTESIAN_POINT('',(-0.95,0.75,0.475));
#1290 = LINE('',#1291,#1292);
#1291 = CARTESIAN_POINT('',(-0.95,0.75,0.25));
#1292 = VECTOR('',#1293,1.);
#1293 = DIRECTION('',(0.,0.,1.));
#1294 = ORIENTED_EDGE('',*,*,#1295,.T.);
#1295 = EDGE_CURVE('',#1288,#580,#1296,.T.);
#1296 = CIRCLE('',#1297,0.25);
#1297 = AXIS2_PLACEMENT_3D('',#1298,#1299,#1300);
#1298 = CARTESIAN_POINT('',(-0.7,0.75,0.475));
#1299 = DIRECTION('',(1.144237745222E-17,1.,-0.));
#1300 = DIRECTION('',(-1.,1.144237745222E-17,0.));
#1301 = PLANE('',#1302);
#1302 = AXIS2_PLACEMENT_3D('',#1303,#1304,#1305);
#1303 = CARTESIAN_POINT('',(-0.923137815574,0.75,0.325594341393));
#1304 = DIRECTION('',(1.144237745222E-17,1.,0.));
#1305 = DIRECTION('',(0.,-0.,1.));
#1306 = ADVANCED_FACE('',(#1307),#1325,.F.);
#1307 = FACE_BOUND('',#1308,.F.);
#1308 = EDGE_LOOP('',(#1309,#1310,#1318,#1324));
#1309 = ORIENTED_EDGE('',*,*,#611,.T.);
#1310 = ORIENTED_EDGE('',*,*,#1311,.T.);
#1311 = EDGE_CURVE('',#603,#1312,#1314,.T.);
#1312 = VERTEX_POINT('',#1313);
#1313 = CARTESIAN_POINT('',(-0.8,1.15,0.25));
#1314 = LINE('',#1315,#1316);
#1315 = CARTESIAN_POINT('',(-0.8,1.15,0.475));
#1316 = VECTOR('',#1317,1.);
#1317 = DIRECTION('',(0.,0.,-1.));
#1318 = ORIENTED_EDGE('',*,*,#1319,.F.);
#1319 = EDGE_CURVE('',#1238,#1312,#1320,.T.);
#1320 = LINE('',#1321,#1322);
#1321 = CARTESIAN_POINT('',(-0.8,0.75,0.25));
#1322 = VECTOR('',#1323,1.);
#1323 = DIRECTION('',(1.144237745222E-17,1.,0.));
#1324 = ORIENTED_EDGE('',*,*,#1237,.F.);
#1325 = PLANE('',#1326);
#1326 = AXIS2_PLACEMENT_3D('',#1327,#1328,#1329);
#1327 = CARTESIAN_POINT('',(-0.8,0.75,0.475));
#1328 = DIRECTION('',(-1.,1.144237745222E-17,0.));
#1329 = DIRECTION('',(0.,0.,-1.));
#1330 = ADVANCED_FACE('',(#1331),#1393,.T.);
#1331 = FACE_BOUND('',#1332,.T.);
#1332 = EDGE_LOOP('',(#1333,#1334,#1335,#1336,#1345,#1353,#1361,#1369,
    #1378,#1386));
#1333 = ORIENTED_EDGE('',*,*,#634,.F.);
#1334 = ORIENTED_EDGE('',*,*,#602,.T.);
#1335 = ORIENTED_EDGE('',*,*,#1311,.T.);
#1336 = ORIENTED_EDGE('',*,*,#1337,.T.);
#1337 = EDGE_CURVE('',#1312,#1338,#1340,.T.);
#1338 = VERTEX_POINT('',#1339);
#1339 = CARTESIAN_POINT('',(-1.05,1.15,0.));
#1340 = CIRCLE('',#1341,0.25);
#1341 = AXIS2_PLACEMENT_3D('',#1342,#1343,#1344);
#1342 = CARTESIAN_POINT('',(-1.05,1.15,0.25));
#1343 = DIRECTION('',(1.144237745222E-17,1.,2.052683297351E-48));
#1344 = DIRECTION('',(1.,-1.144237745222E-17,-4.440892098501E-16));
#1345 = ORIENTED_EDGE('',*,*,#1346,.T.);
#1346 = EDGE_CURVE('',#1338,#1347,#1349,.T.);
#1347 = VERTEX_POINT('',#1348);
#1348 = CARTESIAN_POINT('',(-1.25,1.15,0.));
#1349 = LINE('',#1350,#1351);
#1350 = CARTESIAN_POINT('',(-1.05,1.15,0.));
#1351 = VECTOR('',#1352,1.);
#1352 = DIRECTION('',(-1.,1.144237745222E-17,0.));
#1353 = ORIENTED_EDGE('',*,*,#1354,.T.);
#1354 = EDGE_CURVE('',#1347,#1355,#1357,.T.);
#1355 = VERTEX_POINT('',#1356);
#1356 = CARTESIAN_POINT('',(-1.25,1.15,0.15));
#1357 = LINE('',#1358,#1359);
#1358 = CARTESIAN_POINT('',(-1.25,1.15,0.));
#1359 = VECTOR('',#1360,1.);
#1360 = DIRECTION('',(0.,0.,1.));
#1361 = ORIENTED_EDGE('',*,*,#1362,.T.);
#1362 = EDGE_CURVE('',#1355,#1363,#1365,.T.);
#1363 = VERTEX_POINT('',#1364);
#1364 = CARTESIAN_POINT('',(-1.05,1.15,0.15));
#1365 = LINE('',#1366,#1367);
#1366 = CARTESIAN_POINT('',(-1.25,1.15,0.15));
#1367 = VECTOR('',#1368,1.);
#1368 = DIRECTION('',(1.,-1.144237745222E-17,0.));
#1369 = ORIENTED_EDGE('',*,*,#1370,.T.);
#1370 = EDGE_CURVE('',#1363,#1371,#1373,.T.);
#1371 = VERTEX_POINT('',#1372);
#1372 = CARTESIAN_POINT('',(-0.95,1.15,0.25));
#1373 = CIRCLE('',#1374,0.1);
#1374 = AXIS2_PLACEMENT_3D('',#1375,#1376,#1377);
#1375 = CARTESIAN_POINT('',(-1.05,1.15,0.25));
#1376 = DIRECTION('',(-1.144237745222E-17,-1.,-2.189528850508E-47));
#1377 = DIRECTION('',(2.22044604925E-15,-2.540718180781E-32,-1.));
#1378 = ORIENTED_EDGE('',*,*,#1379,.T.);
#1379 = EDGE_CURVE('',#1371,#1380,#1382,.T.);
#1380 = VERTEX_POINT('',#1381);
#1381 = CARTESIAN_POINT('',(-0.95,1.15,0.475));
#1382 = LINE('',#1383,#1384);
#1383 = CARTESIAN_POINT('',(-0.95,1.15,0.25));
#1384 = VECTOR('',#1385,1.);
#1385 = DIRECTION('',(0.,0.,1.));
#1386 = ORIENTED_EDGE('',*,*,#1387,.T.);
#1387 = EDGE_CURVE('',#1380,#470,#1388,.T.);
#1388 = CIRCLE('',#1389,0.25);
#1389 = AXIS2_PLACEMENT_3D('',#1390,#1391,#1392);
#1390 = CARTESIAN_POINT('',(-0.7,1.15,0.475));
#1391 = DIRECTION('',(1.144237745222E-17,1.,-0.));
#1392 = DIRECTION('',(-1.,1.144237745222E-17,0.));
#1393 = PLANE('',#1394);
#1394 = AXIS2_PLACEMENT_3D('',#1395,#1396,#1397);
#1395 = CARTESIAN_POINT('',(-0.923137815574,1.15,0.325594341393));
#1396 = DIRECTION('',(1.144237745222E-17,1.,0.));
#1397 = DIRECTION('',(0.,-0.,1.));
#1398 = ADVANCED_FACE('',(#1399),#1468,.F.);
#1399 = FACE_BOUND('',#1400,.F.);
#1400 = EDGE_LOOP('',(#1401,#1402,#1403,#1411,#1420,#1428,#1436,#1444,
    #1453,#1461));
#1401 = ORIENTED_EDGE('',*,*,#653,.F.);
#1402 = ORIENTED_EDGE('',*,*,#686,.T.);
#1403 = ORIENTED_EDGE('',*,*,#1404,.T.);
#1404 = EDGE_CURVE('',#679,#1405,#1407,.T.);
#1405 = VERTEX_POINT('',#1406);
#1406 = CARTESIAN_POINT('',(0.8,0.2,0.25));
#1407 = LINE('',#1408,#1409);
#1408 = CARTESIAN_POINT('',(0.8,0.2,0.475));
#1409 = VECTOR('',#1410,1.);
#1410 = DIRECTION('',(0.,0.,-1.));
#1411 = ORIENTED_EDGE('',*,*,#1412,.T.);
#1412 = EDGE_CURVE('',#1405,#1413,#1415,.T.);
#1413 = VERTEX_POINT('',#1414);
#1414 = CARTESIAN_POINT('',(1.05,0.2,0.));
#1415 = CIRCLE('',#1416,0.25);
#1416 = AXIS2_PLACEMENT_3D('',#1417,#1418,#1419);
#1417 = CARTESIAN_POINT('',(1.05,0.2,0.25));
#1418 = DIRECTION('',(1.110223024625E-16,-1.,0.));
#1419 = DIRECTION('',(-1.,-1.110223024625E-16,-4.440892098501E-16));
#1420 = ORIENTED_EDGE('',*,*,#1421,.T.);
#1421 = EDGE_CURVE('',#1413,#1422,#1424,.T.);
#1422 = VERTEX_POINT('',#1423);
#1423 = CARTESIAN_POINT('',(1.25,0.2,0.));
#1424 = LINE('',#1425,#1426);
#1425 = CARTESIAN_POINT('',(1.05,0.2,0.));
#1426 = VECTOR('',#1427,1.);
#1427 = DIRECTION('',(1.,1.110223024625E-16,0.));
#1428 = ORIENTED_EDGE('',*,*,#1429,.T.);
#1429 = EDGE_CURVE('',#1422,#1430,#1432,.T.);
#1430 = VERTEX_POINT('',#1431);
#1431 = CARTESIAN_POINT('',(1.25,0.2,0.15));
#1432 = LINE('',#1433,#1434);
#1433 = CARTESIAN_POINT('',(1.25,0.2,0.));
#1434 = VECTOR('',#1435,1.);
#1435 = DIRECTION('',(0.,0.,1.));
#1436 = ORIENTED_EDGE('',*,*,#1437,.T.);
#1437 = EDGE_CURVE('',#1430,#1438,#1440,.T.);
#1438 = VERTEX_POINT('',#1439);
#1439 = CARTESIAN_POINT('',(1.05,0.2,0.15));
#1440 = LINE('',#1441,#1442);
#1441 = CARTESIAN_POINT('',(1.25,0.2,0.15));
#1442 = VECTOR('',#1443,1.);
#1443 = DIRECTION('',(-1.,-1.110223024625E-16,0.));
#1444 = ORIENTED_EDGE('',*,*,#1445,.T.);
#1445 = EDGE_CURVE('',#1438,#1446,#1448,.T.);
#1446 = VERTEX_POINT('',#1447);
#1447 = CARTESIAN_POINT('',(0.95,0.2,0.25));
#1448 = CIRCLE('',#1449,0.1);
#1449 = AXIS2_PLACEMENT_3D('',#1450,#1451,#1452);
#1450 = CARTESIAN_POINT('',(1.05,0.2,0.25));
#1451 = DIRECTION('',(-1.110223024625E-16,1.,0.));
#1452 = DIRECTION('',(-2.22044604925E-15,-2.465190328815E-31,-1.));
#1453 = ORIENTED_EDGE('',*,*,#1454,.T.);
#1454 = EDGE_CURVE('',#1446,#1455,#1457,.T.);
#1455 = VERTEX_POINT('',#1456);
#1456 = CARTESIAN_POINT('',(0.95,0.2,0.475));
#1457 = LINE('',#1458,#1459);
#1458 = CARTESIAN_POINT('',(0.95,0.2,0.25));
#1459 = VECTOR('',#1460,1.);
#1460 = DIRECTION('',(0.,0.,1.));
#1461 = ORIENTED_EDGE('',*,*,#1462,.T.);
#1462 = EDGE_CURVE('',#1455,#414,#1463,.T.);
#1463 = CIRCLE('',#1464,0.25);
#1464 = AXIS2_PLACEMENT_3D('',#1465,#1466,#1467);
#1465 = CARTESIAN_POINT('',(0.7,0.2,0.475));
#1466 = DIRECTION('',(1.110223024625E-16,-1.,0.));
#1467 = DIRECTION('',(1.,1.110223024625E-16,0.));
#1468 = PLANE('',#1469);
#1469 = AXIS2_PLACEMENT_3D('',#1470,#1471,#1472);
#1470 = CARTESIAN_POINT('',(0.923137815574,0.2,0.325594341393));
#1471 = DIRECTION('',(1.110223024625E-16,-1.,0.));
#1472 = DIRECTION('',(0.,0.,1.));
#1473 = ADVANCED_FACE('',(#1474),#1492,.F.);
#1474 = FACE_BOUND('',#1475,.F.);
#1475 = EDGE_LOOP('',(#1476,#1477,#1485,#1491));
#1476 = ORIENTED_EDGE('',*,*,#678,.T.);
#1477 = ORIENTED_EDGE('',*,*,#1478,.T.);
#1478 = EDGE_CURVE('',#670,#1479,#1481,.T.);
#1479 = VERTEX_POINT('',#1480);
#1480 = CARTESIAN_POINT('',(0.8,-0.2,0.25));
#1481 = LINE('',#1482,#1483);
#1482 = CARTESIAN_POINT('',(0.8,-0.2,0.475));
#1483 = VECTOR('',#1484,1.);
#1484 = DIRECTION('',(0.,0.,-1.));
#1485 = ORIENTED_EDGE('',*,*,#1486,.F.);
#1486 = EDGE_CURVE('',#1405,#1479,#1487,.T.);
#1487 = LINE('',#1488,#1489);
#1488 = CARTESIAN_POINT('',(0.8,0.2,0.25));
#1489 = VECTOR('',#1490,1.);
#1490 = DIRECTION('',(1.110223024625E-16,-1.,0.));
#1491 = ORIENTED_EDGE('',*,*,#1404,.F.);
#1492 = PLANE('',#1493);
#1493 = AXIS2_PLACEMENT_3D('',#1494,#1495,#1496);
#1494 = CARTESIAN_POINT('',(0.8,0.2,0.475));
#1495 = DIRECTION('',(1.,1.110223024625E-16,0.));
#1496 = DIRECTION('',(0.,0.,-1.));
#1497 = ADVANCED_FACE('',(#1498),#1560,.T.);
#1498 = FACE_BOUND('',#1499,.T.);
#1499 = EDGE_LOOP('',(#1500,#1501,#1502,#1503,#1512,#1520,#1528,#1536,
    #1545,#1553));
#1500 = ORIENTED_EDGE('',*,*,#701,.F.);
#1501 = ORIENTED_EDGE('',*,*,#669,.T.);
#1502 = ORIENTED_EDGE('',*,*,#1478,.T.);
#1503 = ORIENTED_EDGE('',*,*,#1504,.T.);
#1504 = EDGE_CURVE('',#1479,#1505,#1507,.T.);
#1505 = VERTEX_POINT('',#1506);
#1506 = CARTESIAN_POINT('',(1.05,-0.2,0.));
#1507 = CIRCLE('',#1508,0.25);
#1508 = AXIS2_PLACEMENT_3D('',#1509,#1510,#1511);
#1509 = CARTESIAN_POINT('',(1.05,-0.2,0.25));
#1510 = DIRECTION('',(1.110223024625E-16,-1.,0.));
#1511 = DIRECTION('',(-1.,-1.110223024625E-16,-4.440892098501E-16));
#1512 = ORIENTED_EDGE('',*,*,#1513,.T.);
#1513 = EDGE_CURVE('',#1505,#1514,#1516,.T.);
#1514 = VERTEX_POINT('',#1515);
#1515 = CARTESIAN_POINT('',(1.25,-0.2,0.));
#1516 = LINE('',#1517,#1518);
#1517 = CARTESIAN_POINT('',(1.05,-0.2,0.));
#1518 = VECTOR('',#1519,1.);
#1519 = DIRECTION('',(1.,1.110223024625E-16,0.));
#1520 = ORIENTED_EDGE('',*,*,#1521,.T.);
#1521 = EDGE_CURVE('',#1514,#1522,#1524,.T.);
#1522 = VERTEX_POINT('',#1523);
#1523 = CARTESIAN_POINT('',(1.25,-0.2,0.15));
#1524 = LINE('',#1525,#1526);
#1525 = CARTESIAN_POINT('',(1.25,-0.2,0.));
#1526 = VECTOR('',#1527,1.);
#1527 = DIRECTION('',(0.,0.,1.));
#1528 = ORIENTED_EDGE('',*,*,#1529,.T.);
#1529 = EDGE_CURVE('',#1522,#1530,#1532,.T.);
#1530 = VERTEX_POINT('',#1531);
#1531 = CARTESIAN_POINT('',(1.05,-0.2,0.15));
#1532 = LINE('',#1533,#1534);
#1533 = CARTESIAN_POINT('',(1.25,-0.2,0.15));
#1534 = VECTOR('',#1535,1.);
#1535 = DIRECTION('',(-1.,-1.110223024625E-16,0.));
#1536 = ORIENTED_EDGE('',*,*,#1537,.T.);
#1537 = EDGE_CURVE('',#1530,#1538,#1540,.T.);
#1538 = VERTEX_POINT('',#1539);
#1539 = CARTESIAN_POINT('',(0.95,-0.2,0.25));
#1540 = CIRCLE('',#1541,0.1);
#1541 = AXIS2_PLACEMENT_3D('',#1542,#1543,#1544);
#1542 = CARTESIAN_POINT('',(1.05,-0.2,0.25));
#1543 = DIRECTION('',(-1.110223024625E-16,1.,0.));
#1544 = DIRECTION('',(-2.22044604925E-15,-2.465190328815E-31,-1.));
#1545 = ORIENTED_EDGE('',*,*,#1546,.T.);
#1546 = EDGE_CURVE('',#1538,#1547,#1549,.T.);
#1547 = VERTEX_POINT('',#1548);
#1548 = CARTESIAN_POINT('',(0.95,-0.2,0.475));
#1549 = LINE('',#1550,#1551);
#1550 = CARTESIAN_POINT('',(0.95,-0.2,0.25));
#1551 = VECTOR('',#1552,1.);
#1552 = DIRECTION('',(0.,0.,1.));
#1553 = ORIENTED_EDGE('',*,*,#1554,.T.);
#1554 = EDGE_CURVE('',#1547,#702,#1555,.T.);
#1555 = CIRCLE('',#1556,0.25);
#1556 = AXIS2_PLACEMENT_3D('',#1557,#1558,#1559);
#1557 = CARTESIAN_POINT('',(0.7,-0.2,0.475));
#1558 = DIRECTION('',(1.110223024625E-16,-1.,0.));
#1559 = DIRECTION('',(1.,1.110223024625E-16,0.));
#1560 = PLANE('',#1561);
#1561 = AXIS2_PLACEMENT_3D('',#1562,#1563,#1564);
#1562 = CARTESIAN_POINT('',(0.923137815574,-0.2,0.325594341393));
#1563 = DIRECTION('',(1.110223024625E-16,-1.,0.));
#1564 = DIRECTION('',(0.,0.,1.));
#1565 = ADVANCED_FACE('',(#1566),#1577,.T.);
#1566 = FACE_BOUND('',#1567,.T.);
#1567 = EDGE_LOOP('',(#1568,#1569,#1570,#1571));
#1568 = ORIENTED_EDGE('',*,*,#1295,.T.);
#1569 = ORIENTED_EDGE('',*,*,#802,.T.);
#1570 = ORIENTED_EDGE('',*,*,#1387,.F.);
#1571 = ORIENTED_EDGE('',*,*,#1572,.F.);
#1572 = EDGE_CURVE('',#1288,#1380,#1573,.T.);
#1573 = LINE('',#1574,#1575);
#1574 = CARTESIAN_POINT('',(-0.95,0.75,0.475));
#1575 = VECTOR('',#1576,1.);
#1576 = DIRECTION('',(1.144237745222E-17,1.,0.));
#1577 = CYLINDRICAL_SURFACE('',#1578,0.25);
#1578 = AXIS2_PLACEMENT_3D('',#1579,#1580,#1581);
#1579 = CARTESIAN_POINT('',(-0.7,0.75,0.475));
#1580 = DIRECTION('',(-1.144237745222E-17,-1.,0.));
#1581 = DIRECTION('',(-1.,1.144237745222E-17,0.));
#1582 = ADVANCED_FACE('',(#1583),#1594,.F.);
#1583 = FACE_BOUND('',#1584,.F.);
#1584 = EDGE_LOOP('',(#1585,#1586,#1592,#1593));
#1585 = ORIENTED_EDGE('',*,*,#1013,.F.);
#1586 = ORIENTED_EDGE('',*,*,#1587,.T.);
#1587 = EDGE_CURVE('',#516,#571,#1588,.T.);
#1588 = LINE('',#1589,#1590);
#1589 = CARTESIAN_POINT('',(-0.7,-1.15,0.725));
#1590 = VECTOR('',#1591,1.);
#1591 = DIRECTION('',(1.144237745222E-17,1.,0.));
#1592 = ORIENTED_EDGE('',*,*,#1221,.T.);
#1593 = ORIENTED_EDGE('',*,*,#833,.F.);
#1594 = PLANE('',#1595);
#1595 = AXIS2_PLACEMENT_3D('',#1596,#1597,#1598);
#1596 = CARTESIAN_POINT('',(-0.7,-1.15,0.725));
#1597 = DIRECTION('',(0.,0.,-1.));
#1598 = DIRECTION('',(1.,-1.144237745222E-17,0.));
#1599 = ADVANCED_FACE('',(#1600,#1629),#1640,.T.);
#1600 = FACE_BOUND('',#1601,.T.);
#1601 = EDGE_LOOP('',(#1602,#1603,#1604,#1605,#1613,#1621,#1627,#1628));
#1602 = ORIENTED_EDGE('',*,*,#908,.F.);
#1603 = ORIENTED_EDGE('',*,*,#885,.F.);
#1604 = ORIENTED_EDGE('',*,*,#856,.F.);
#1605 = ORIENTED_EDGE('',*,*,#1606,.F.);
#1606 = EDGE_CURVE('',#1607,#857,#1609,.T.);
#1607 = VERTEX_POINT('',#1608);
#1608 = CARTESIAN_POINT('',(-0.559121551758,-1.408243103516,1.2));
#1609 = LINE('',#1610,#1611);
#1610 = CARTESIAN_POINT('',(-0.559121551758,-1.408243103516,1.2));
#1611 = VECTOR('',#1612,1.);
#1612 = DIRECTION('',(-0.707106781187,0.707106781187,0.));
#1613 = ORIENTED_EDGE('',*,*,#1614,.F.);
#1614 = EDGE_CURVE('',#1615,#1607,#1617,.T.);
#1615 = VERTEX_POINT('',#1616);
#1616 = CARTESIAN_POINT('',(0.559121551758,-1.408243103516,1.2));
#1617 = LINE('',#1618,#1619);
#1618 = CARTESIAN_POINT('',(0.559121551758,-1.408243103516,1.2));
#1619 = VECTOR('',#1620,1.);
#1620 = DIRECTION('',(-1.,-1.110223024625E-16,0.));
#1621 = ORIENTED_EDGE('',*,*,#1622,.F.);
#1622 = EDGE_CURVE('',#964,#1615,#1623,.T.);
#1623 = LINE('',#1624,#1625);
#1624 = CARTESIAN_POINT('',(0.608243103516,-1.359121551758,1.2));
#1625 = VECTOR('',#1626,1.);
#1626 = DIRECTION('',(-0.707106781187,-0.707106781187,0.));
#1627 = ORIENTED_EDGE('',*,*,#970,.F.);
#1628 = ORIENTED_EDGE('',*,*,#931,.F.);
#1629 = FACE_BOUND('',#1630,.T.);
#1630 = EDGE_LOOP('',(#1631));
#1631 = ORIENTED_EDGE('',*,*,#1632,.T.);
#1632 = EDGE_CURVE('',#1633,#1633,#1635,.T.);
#1633 = VERTEX_POINT('',#1634);
#1634 = CARTESIAN_POINT('',(-0.428243103516,1.178243103516,1.2));
#1635 = CIRCLE('',#1636,5.E-02);
#1636 = AXIS2_PLACEMENT_3D('',#1637,#1638,#1639);
#1637 = CARTESIAN_POINT('',(-0.428243103516,1.228243103516,1.2));
#1638 = DIRECTION('',(0.,-0.,-1.));
#1639 = DIRECTION('',(1.110223024625E-16,-1.,0.));
#1640 = PLANE('',#1641);
#1641 = AXIS2_PLACEMENT_3D('',#1642,#1643,#1644);
#1642 = CARTESIAN_POINT('',(-0.559121551758,1.408243103516,1.2));
#1643 = DIRECTION('',(0.,0.,1.));
#1644 = DIRECTION('',(0.369013679242,-0.929423963825,0.));
#1645 = ADVANCED_FACE('',(#1646),#1656,.F.);
#1646 = FACE_BOUND('',#1647,.F.);
#1647 = EDGE_LOOP('',(#1648,#1649,#1650,#1651));
#1648 = ORIENTED_EDGE('',*,*,#1020,.T.);
#1649 = ORIENTED_EDGE('',*,*,#864,.T.);
#1650 = ORIENTED_EDGE('',*,*,#1606,.F.);
#1651 = ORIENTED_EDGE('',*,*,#1652,.F.);
#1652 = EDGE_CURVE('',#1021,#1607,#1653,.T.);
#1653 = B_SPLINE_CURVE_WITH_KNOTS('',1,(#1654,#1655),.UNSPECIFIED.,.F.,
  .F.,(2,2),(0.,1.),.PIECEWISE_BEZIER_KNOTS.);
#1654 = CARTESIAN_POINT('',(-0.5925,-1.475,0.725));
#1655 = CARTESIAN_POINT('',(-0.559121551758,-1.408243103516,1.2));
#1656 = B_SPLINE_SURFACE_WITH_KNOTS('',1,1,(
    (#1657,#1658)
    ,(#1659,#1660
    )),.UNSPECIFIED.,.F.,.F.,.F.,(2,2),(2,2),(0.,0.116672618896),(0.,1.)
  ,.PIECEWISE_BEZIER_KNOTS.);
#1657 = CARTESIAN_POINT('',(-0.5925,-1.475,0.725));
#1658 = CARTESIAN_POINT('',(-0.559121551758,-1.408243103516,1.2));
#1659 = CARTESIAN_POINT('',(-0.675,-1.3925,0.725));
#1660 = CARTESIAN_POINT('',(-0.608243103516,-1.359121551758,1.2));
#1661 = ADVANCED_FACE('',(#1662),#1672,.F.);
#1662 = FACE_BOUND('',#1663,.F.);
#1663 = EDGE_LOOP('',(#1664,#1665,#1670,#1671));
#1664 = ORIENTED_EDGE('',*,*,#1036,.T.);
#1665 = ORIENTED_EDGE('',*,*,#1666,.T.);
#1666 = EDGE_CURVE('',#1029,#1615,#1667,.T.);
#1667 = B_SPLINE_CURVE_WITH_KNOTS('',1,(#1668,#1669),.UNSPECIFIED.,.F.,
  .F.,(2,2),(0.,1.),.PIECEWISE_BEZIER_KNOTS.);
#1668 = CARTESIAN_POINT('',(0.5925,-1.475,0.725));
#1669 = CARTESIAN_POINT('',(0.559121551758,-1.408243103516,1.2));
#1670 = ORIENTED_EDGE('',*,*,#1622,.F.);
#1671 = ORIENTED_EDGE('',*,*,#963,.F.);
#1672 = B_SPLINE_SURFACE_WITH_KNOTS('',1,1,(
    (#1673,#1674)
    ,(#1675,#1676
    )),.UNSPECIFIED.,.F.,.F.,.F.,(2,2),(2,2),(0.,0.116672618896),(0.,1.)
  ,.PIECEWISE_BEZIER_KNOTS.);
#1673 = CARTESIAN_POINT('',(0.675,-1.3925,0.725));
#1674 = CARTESIAN_POINT('',(0.608243103516,-1.359121551758,1.2));
#1675 = CARTESIAN_POINT('',(0.5925,-1.475,0.725));
#1676 = CARTESIAN_POINT('',(0.559121551758,-1.408243103516,1.2));
#1677 = ADVANCED_FACE('',(#1678),#1689,.T.);
#1678 = FACE_BOUND('',#1679,.T.);
#1679 = EDGE_LOOP('',(#1680,#1681,#1682,#1683));
#1680 = ORIENTED_EDGE('',*,*,#1462,.T.);
#1681 = ORIENTED_EDGE('',*,*,#986,.T.);
#1682 = ORIENTED_EDGE('',*,*,#1554,.F.);
#1683 = ORIENTED_EDGE('',*,*,#1684,.F.);
#1684 = EDGE_CURVE('',#1455,#1547,#1685,.T.);
#1685 = LINE('',#1686,#1687);
#1686 = CARTESIAN_POINT('',(0.95,0.2,0.475));
#1687 = VECTOR('',#1688,1.);
#1688 = DIRECTION('',(1.110223024625E-16,-1.,0.));
#1689 = CYLINDRICAL_SURFACE('',#1690,0.25);
#1690 = AXIS2_PLACEMENT_3D('',#1691,#1692,#1693);
#1691 = CARTESIAN_POINT('',(0.7,0.2,0.475));
#1692 = DIRECTION('',(-1.110223024625E-16,1.,-0.));
#1693 = DIRECTION('',(1.,1.110223024625E-16,0.));
#1694 = ADVANCED_FACE('',(#1695),#1701,.F.);
#1695 = FACE_BOUND('',#1696,.F.);
#1696 = EDGE_LOOP('',(#1697,#1698,#1699,#1700));
#1697 = ORIENTED_EDGE('',*,*,#1028,.T.);
#1698 = ORIENTED_EDGE('',*,*,#1652,.T.);
#1699 = ORIENTED_EDGE('',*,*,#1614,.F.);
#1700 = ORIENTED_EDGE('',*,*,#1666,.F.);
#1701 = B_SPLINE_SURFACE_WITH_KNOTS('',1,1,(
    (#1702,#1703)
    ,(#1704,#1705
    )),.UNSPECIFIED.,.F.,.F.,.F.,(2,2),(2,2),(0.,1.185),(0.,1.),
  .PIECEWISE_BEZIER_KNOTS.);
#1702 = CARTESIAN_POINT('',(0.5925,-1.475,0.725));
#1703 = CARTESIAN_POINT('',(0.559121551758,-1.408243103516,1.2));
#1704 = CARTESIAN_POINT('',(-0.5925,-1.475,0.725));
#1705 = CARTESIAN_POINT('',(-0.559121551758,-1.408243103516,1.2));
#1706 = ADVANCED_FACE('',(#1707),#1718,.T.);
#1707 = FACE_BOUND('',#1708,.T.);
#1708 = EDGE_LOOP('',(#1709,#1710,#1711,#1712));
#1709 = ORIENTED_EDGE('',*,*,#1111,.T.);
#1710 = ORIENTED_EDGE('',*,*,#1587,.T.);
#1711 = ORIENTED_EDGE('',*,*,#1203,.F.);
#1712 = ORIENTED_EDGE('',*,*,#1713,.F.);
#1713 = EDGE_CURVE('',#1104,#1196,#1714,.T.);
#1714 = LINE('',#1715,#1716);
#1715 = CARTESIAN_POINT('',(-0.95,-1.15,0.475));
#1716 = VECTOR('',#1717,1.);
#1717 = DIRECTION('',(1.144237745222E-17,1.,0.));
#1718 = CYLINDRICAL_SURFACE('',#1719,0.25);
#1719 = AXIS2_PLACEMENT_3D('',#1720,#1721,#1722);
#1720 = CARTESIAN_POINT('',(-0.7,-1.15,0.475));
#1721 = DIRECTION('',(-1.144237745222E-17,-1.,0.));
#1722 = DIRECTION('',(-1.,1.144237745222E-17,0.));
#1723 = ADVANCED_FACE('',(#1724),#1735,.F.);
#1724 = FACE_BOUND('',#1725,.F.);
#1725 = EDGE_LOOP('',(#1726,#1732,#1733,#1734));
#1726 = ORIENTED_EDGE('',*,*,#1727,.T.);
#1727 = EDGE_CURVE('',#1095,#1187,#1728,.T.);
#1728 = LINE('',#1729,#1730);
#1729 = CARTESIAN_POINT('',(-0.95,-1.15,0.25));
#1730 = VECTOR('',#1731,1.);
#1731 = DIRECTION('',(1.144237745222E-17,1.,0.));
#1732 = ORIENTED_EDGE('',*,*,#1195,.T.);
#1733 = ORIENTED_EDGE('',*,*,#1713,.F.);
#1734 = ORIENTED_EDGE('',*,*,#1103,.F.);
#1735 = PLANE('',#1736);
#1736 = AXIS2_PLACEMENT_3D('',#1737,#1738,#1739);
#1737 = CARTESIAN_POINT('',(-0.95,-1.15,0.25));
#1738 = DIRECTION('',(1.,-1.144237745222E-17,0.));
#1739 = DIRECTION('',(0.,0.,1.));
#1740 = ADVANCED_FACE('',(#1741),#1752,.F.);
#1741 = FACE_BOUND('',#1742,.F.);
#1742 = EDGE_LOOP('',(#1743,#1749,#1750,#1751));
#1743 = ORIENTED_EDGE('',*,*,#1744,.T.);
#1744 = EDGE_CURVE('',#1087,#1179,#1745,.T.);
#1745 = LINE('',#1746,#1747);
#1746 = CARTESIAN_POINT('',(-1.05,-1.15,0.15));
#1747 = VECTOR('',#1748,1.);
#1748 = DIRECTION('',(1.144237745222E-17,1.,0.));
#1749 = ORIENTED_EDGE('',*,*,#1186,.T.);
#1750 = ORIENTED_EDGE('',*,*,#1727,.F.);
#1751 = ORIENTED_EDGE('',*,*,#1094,.F.);
#1752 = CYLINDRICAL_SURFACE('',#1753,0.1);
#1753 = AXIS2_PLACEMENT_3D('',#1754,#1755,#1756);
#1754 = CARTESIAN_POINT('',(-1.05,-1.15,0.25));
#1755 = DIRECTION('',(-1.144237745222E-17,-1.,0.));
#1756 = DIRECTION('',(2.22044604925E-15,-2.540718180781E-32,-1.));
#1757 = ADVANCED_FACE('',(#1758),#1769,.F.);
#1758 = FACE_BOUND('',#1759,.F.);
#1759 = EDGE_LOOP('',(#1760,#1766,#1767,#1768));
#1760 = ORIENTED_EDGE('',*,*,#1761,.T.);
#1761 = EDGE_CURVE('',#1079,#1171,#1762,.T.);
#1762 = LINE('',#1763,#1764);
#1763 = CARTESIAN_POINT('',(-1.25,-1.15,0.15));
#1764 = VECTOR('',#1765,1.);
#1765 = DIRECTION('',(1.144237745222E-17,1.,0.));
#1766 = ORIENTED_EDGE('',*,*,#1178,.T.);
#1767 = ORIENTED_EDGE('',*,*,#1744,.F.);
#1768 = ORIENTED_EDGE('',*,*,#1086,.F.);
#1769 = PLANE('',#1770);
#1770 = AXIS2_PLACEMENT_3D('',#1771,#1772,#1773);
#1771 = CARTESIAN_POINT('',(-1.25,-1.15,0.15));
#1772 = DIRECTION('',(0.,0.,-1.));
#1773 = DIRECTION('',(1.,-1.144237745222E-17,0.));
#1774 = ADVANCED_FACE('',(#1775),#1786,.F.);
#1775 = FACE_BOUND('',#1776,.F.);
#1776 = EDGE_LOOP('',(#1777,#1783,#1784,#1785));
#1777 = ORIENTED_EDGE('',*,*,#1778,.T.);
#1778 = EDGE_CURVE('',#1071,#1163,#1779,.T.);
#1779 = LINE('',#1780,#1781);
#1780 = CARTESIAN_POINT('',(-1.25,-1.15,0.));
#1781 = VECTOR('',#1782,1.);
#1782 = DIRECTION('',(1.144237745222E-17,1.,0.));
#1783 = ORIENTED_EDGE('',*,*,#1170,.T.);
#1784 = ORIENTED_EDGE('',*,*,#1761,.F.);
#1785 = ORIENTED_EDGE('',*,*,#1078,.F.);
#1786 = PLANE('',#1787);
#1787 = AXIS2_PLACEMENT_3D('',#1788,#1789,#1790);
#1788 = CARTESIAN_POINT('',(-1.25,-1.15,0.));
#1789 = DIRECTION('',(1.,-1.144237745222E-17,0.));
#1790 = DIRECTION('',(0.,0.,1.));
#1791 = ADVANCED_FACE('',(#1792),#1803,.F.);
#1792 = FACE_BOUND('',#1793,.F.);
#1793 = EDGE_LOOP('',(#1794,#1800,#1801,#1802));
#1794 = ORIENTED_EDGE('',*,*,#1795,.T.);
#1795 = EDGE_CURVE('',#1062,#1154,#1796,.T.);
#1796 = LINE('',#1797,#1798);
#1797 = CARTESIAN_POINT('',(-1.05,-1.15,0.));
#1798 = VECTOR('',#1799,1.);
#1799 = DIRECTION('',(1.144237745222E-17,1.,0.));
#1800 = ORIENTED_EDGE('',*,*,#1162,.T.);
#1801 = ORIENTED_EDGE('',*,*,#1778,.F.);
#1802 = ORIENTED_EDGE('',*,*,#1070,.F.);
#1803 = PLANE('',#1804);
#1804 = AXIS2_PLACEMENT_3D('',#1805,#1806,#1807);
#1805 = CARTESIAN_POINT('',(-1.05,-1.15,0.));
#1806 = DIRECTION('',(0.,0.,1.));
#1807 = DIRECTION('',(-1.,1.144237745222E-17,0.));
#1808 = ADVANCED_FACE('',(#1809),#1815,.T.);
#1809 = FACE_BOUND('',#1810,.T.);
#1810 = EDGE_LOOP('',(#1811,#1812,#1813,#1814));
#1811 = ORIENTED_EDGE('',*,*,#1061,.T.);
#1812 = ORIENTED_EDGE('',*,*,#1795,.T.);
#1813 = ORIENTED_EDGE('',*,*,#1153,.F.);
#1814 = ORIENTED_EDGE('',*,*,#1135,.F.);
#1815 = CYLINDRICAL_SURFACE('',#1816,0.25);
#1816 = AXIS2_PLACEMENT_3D('',#1817,#1818,#1819);
#1817 = CARTESIAN_POINT('',(-1.05,-1.15,0.25));
#1818 = DIRECTION('',(-1.144237745222E-17,-1.,0.));
#1819 = DIRECTION('',(1.,-1.144237745222E-17,-4.440892098501E-16));
#1820 = ADVANCED_FACE('',(#1821),#1832,.F.);
#1821 = FACE_BOUND('',#1822,.F.);
#1822 = EDGE_LOOP('',(#1823,#1829,#1830,#1831));
#1823 = ORIENTED_EDGE('',*,*,#1824,.T.);
#1824 = EDGE_CURVE('',#1279,#1371,#1825,.T.);
#1825 = LINE('',#1826,#1827);
#1826 = CARTESIAN_POINT('',(-0.95,0.75,0.25));
#1827 = VECTOR('',#1828,1.);
#1828 = DIRECTION('',(1.144237745222E-17,1.,0.));
#1829 = ORIENTED_EDGE('',*,*,#1379,.T.);
#1830 = ORIENTED_EDGE('',*,*,#1572,.F.);
#1831 = ORIENTED_EDGE('',*,*,#1287,.F.);
#1832 = PLANE('',#1833);
#1833 = AXIS2_PLACEMENT_3D('',#1834,#1835,#1836);
#1834 = CARTESIAN_POINT('',(-0.95,0.75,0.25));
#1835 = DIRECTION('',(1.,-1.144237745222E-17,0.));
#1836 = DIRECTION('',(0.,0.,1.));
#1837 = ADVANCED_FACE('',(#1838),#1849,.F.);
#1838 = FACE_BOUND('',#1839,.F.);
#1839 = EDGE_LOOP('',(#1840,#1846,#1847,#1848));
#1840 = ORIENTED_EDGE('',*,*,#1841,.T.);
#1841 = EDGE_CURVE('',#1271,#1363,#1842,.T.);
#1842 = LINE('',#1843,#1844);
#1843 = CARTESIAN_POINT('',(-1.05,0.75,0.15));
#1844 = VECTOR('',#1845,1.);
#1845 = DIRECTION('',(1.144237745222E-17,1.,0.));
#1846 = ORIENTED_EDGE('',*,*,#1370,.T.);
#1847 = ORIENTED_EDGE('',*,*,#1824,.F.);
#1848 = ORIENTED_EDGE('',*,*,#1278,.F.);
#1849 = CYLINDRICAL_SURFACE('',#1850,0.1);
#1850 = AXIS2_PLACEMENT_3D('',#1851,#1852,#1853);
#1851 = CARTESIAN_POINT('',(-1.05,0.75,0.25));
#1852 = DIRECTION('',(-1.144237745222E-17,-1.,0.));
#1853 = DIRECTION('',(2.22044604925E-15,-2.540718180781E-32,-1.));
#1854 = ADVANCED_FACE('',(#1855),#1866,.F.);
#1855 = FACE_BOUND('',#1856,.F.);
#1856 = EDGE_LOOP('',(#1857,#1863,#1864,#1865));
#1857 = ORIENTED_EDGE('',*,*,#1858,.T.);
#1858 = EDGE_CURVE('',#1263,#1355,#1859,.T.);
#1859 = LINE('',#1860,#1861);
#1860 = CARTESIAN_POINT('',(-1.25,0.75,0.15));
#1861 = VECTOR('',#1862,1.);
#1862 = DIRECTION('',(1.144237745222E-17,1.,0.));
#1863 = ORIENTED_EDGE('',*,*,#1362,.T.);
#1864 = ORIENTED_EDGE('',*,*,#1841,.F.);
#1865 = ORIENTED_EDGE('',*,*,#1270,.F.);
#1866 = PLANE('',#1867);
#1867 = AXIS2_PLACEMENT_3D('',#1868,#1869,#1870);
#1868 = CARTESIAN_POINT('',(-1.25,0.75,0.15));
#1869 = DIRECTION('',(0.,0.,-1.));
#1870 = DIRECTION('',(1.,-1.144237745222E-17,0.));
#1871 = ADVANCED_FACE('',(#1872),#1883,.F.);
#1872 = FACE_BOUND('',#1873,.F.);
#1873 = EDGE_LOOP('',(#1874,#1880,#1881,#1882));
#1874 = ORIENTED_EDGE('',*,*,#1875,.T.);
#1875 = EDGE_CURVE('',#1255,#1347,#1876,.T.);
#1876 = LINE('',#1877,#1878);
#1877 = CARTESIAN_POINT('',(-1.25,0.75,0.));
#1878 = VECTOR('',#1879,1.);
#1879 = DIRECTION('',(1.144237745222E-17,1.,0.));
#1880 = ORIENTED_EDGE('',*,*,#1354,.T.);
#1881 = ORIENTED_EDGE('',*,*,#1858,.F.);
#1882 = ORIENTED_EDGE('',*,*,#1262,.F.);
#1883 = PLANE('',#1884);
#1884 = AXIS2_PLACEMENT_3D('',#1885,#1886,#1887);
#1885 = CARTESIAN_POINT('',(-1.25,0.75,0.));
#1886 = DIRECTION('',(1.,-1.144237745222E-17,0.));
#1887 = DIRECTION('',(0.,0.,1.));
#1888 = ADVANCED_FACE('',(#1889),#1900,.F.);
#1889 = FACE_BOUND('',#1890,.F.);
#1890 = EDGE_LOOP('',(#1891,#1897,#1898,#1899));
#1891 = ORIENTED_EDGE('',*,*,#1892,.T.);
#1892 = EDGE_CURVE('',#1246,#1338,#1893,.T.);
#1893 = LINE('',#1894,#1895);
#1894 = CARTESIAN_POINT('',(-1.05,0.75,0.));
#1895 = VECTOR('',#1896,1.);
#1896 = DIRECTION('',(1.144237745222E-17,1.,0.));
#1897 = ORIENTED_EDGE('',*,*,#1346,.T.);
#1898 = ORIENTED_EDGE('',*,*,#1875,.F.);
#1899 = ORIENTED_EDGE('',*,*,#1254,.F.);
#1900 = PLANE('',#1901);
#1901 = AXIS2_PLACEMENT_3D('',#1902,#1903,#1904);
#1902 = CARTESIAN_POINT('',(-1.05,0.75,0.));
#1903 = DIRECTION('',(0.,0.,1.));
#1904 = DIRECTION('',(-1.,1.144237745222E-17,0.));
#1905 = ADVANCED_FACE('',(#1906),#1912,.T.);
#1906 = FACE_BOUND('',#1907,.T.);
#1907 = EDGE_LOOP('',(#1908,#1909,#1910,#1911));
#1908 = ORIENTED_EDGE('',*,*,#1245,.T.);
#1909 = ORIENTED_EDGE('',*,*,#1892,.T.);
#1910 = ORIENTED_EDGE('',*,*,#1337,.F.);
#1911 = ORIENTED_EDGE('',*,*,#1319,.F.);
#1912 = CYLINDRICAL_SURFACE('',#1913,0.25);
#1913 = AXIS2_PLACEMENT_3D('',#1914,#1915,#1916);
#1914 = CARTESIAN_POINT('',(-1.05,0.75,0.25));
#1915 = DIRECTION('',(-1.144237745222E-17,-1.,0.));
#1916 = DIRECTION('',(1.,-1.144237745222E-17,-4.440892098501E-16));
#1917 = ADVANCED_FACE('',(#1918),#1929,.F.);
#1918 = FACE_BOUND('',#1919,.F.);
#1919 = EDGE_LOOP('',(#1920,#1926,#1927,#1928));
#1920 = ORIENTED_EDGE('',*,*,#1921,.T.);
#1921 = EDGE_CURVE('',#1446,#1538,#1922,.T.);
#1922 = LINE('',#1923,#1924);
#1923 = CARTESIAN_POINT('',(0.95,0.2,0.25));
#1924 = VECTOR('',#1925,1.);
#1925 = DIRECTION('',(1.110223024625E-16,-1.,0.));
#1926 = ORIENTED_EDGE('',*,*,#1546,.T.);
#1927 = ORIENTED_EDGE('',*,*,#1684,.F.);
#1928 = ORIENTED_EDGE('',*,*,#1454,.F.);
#1929 = PLANE('',#1930);
#1930 = AXIS2_PLACEMENT_3D('',#1931,#1932,#1933);
#1931 = CARTESIAN_POINT('',(0.95,0.2,0.25));
#1932 = DIRECTION('',(-1.,-1.110223024625E-16,0.));
#1933 = DIRECTION('',(0.,0.,1.));
#1934 = ADVANCED_FACE('',(#1935),#1946,.F.);
#1935 = FACE_BOUND('',#1936,.F.);
#1936 = EDGE_LOOP('',(#1937,#1943,#1944,#1945));
#1937 = ORIENTED_EDGE('',*,*,#1938,.T.);
#1938 = EDGE_CURVE('',#1438,#1530,#1939,.T.);
#1939 = LINE('',#1940,#1941);
#1940 = CARTESIAN_POINT('',(1.05,0.2,0.15));
#1941 = VECTOR('',#1942,1.);
#1942 = DIRECTION('',(1.110223024625E-16,-1.,0.));
#1943 = ORIENTED_EDGE('',*,*,#1537,.T.);
#1944 = ORIENTED_EDGE('',*,*,#1921,.F.);
#1945 = ORIENTED_EDGE('',*,*,#1445,.F.);
#1946 = CYLINDRICAL_SURFACE('',#1947,0.1);
#1947 = AXIS2_PLACEMENT_3D('',#1948,#1949,#1950);
#1948 = CARTESIAN_POINT('',(1.05,0.2,0.25));
#1949 = DIRECTION('',(-1.110223024625E-16,1.,0.));
#1950 = DIRECTION('',(-2.22044604925E-15,-2.465190328815E-31,-1.));
#1951 = ADVANCED_FACE('',(#1952),#1963,.F.);
#1952 = FACE_BOUND('',#1953,.F.);
#1953 = EDGE_LOOP('',(#1954,#1960,#1961,#1962));
#1954 = ORIENTED_EDGE('',*,*,#1955,.T.);
#1955 = EDGE_CURVE('',#1430,#1522,#1956,.T.);
#1956 = LINE('',#1957,#1958);
#1957 = CARTESIAN_POINT('',(1.25,0.2,0.15));
#1958 = VECTOR('',#1959,1.);
#1959 = DIRECTION('',(1.110223024625E-16,-1.,0.));
#1960 = ORIENTED_EDGE('',*,*,#1529,.T.);
#1961 = ORIENTED_EDGE('',*,*,#1938,.F.);
#1962 = ORIENTED_EDGE('',*,*,#1437,.F.);
#1963 = PLANE('',#1964);
#1964 = AXIS2_PLACEMENT_3D('',#1965,#1966,#1967);
#1965 = CARTESIAN_POINT('',(1.25,0.2,0.15));
#1966 = DIRECTION('',(0.,0.,-1.));
#1967 = DIRECTION('',(-1.,-1.110223024625E-16,-0.));
#1968 = ADVANCED_FACE('',(#1969),#1980,.F.);
#1969 = FACE_BOUND('',#1970,.F.);
#1970 = EDGE_LOOP('',(#1971,#1977,#1978,#1979));
#1971 = ORIENTED_EDGE('',*,*,#1972,.T.);
#1972 = EDGE_CURVE('',#1422,#1514,#1973,.T.);
#1973 = LINE('',#1974,#1975);
#1974 = CARTESIAN_POINT('',(1.25,0.2,0.));
#1975 = VECTOR('',#1976,1.);
#1976 = DIRECTION('',(1.110223024625E-16,-1.,0.));
#1977 = ORIENTED_EDGE('',*,*,#1521,.T.);
#1978 = ORIENTED_EDGE('',*,*,#1955,.F.);
#1979 = ORIENTED_EDGE('',*,*,#1429,.F.);
#1980 = PLANE('',#1981);
#1981 = AXIS2_PLACEMENT_3D('',#1982,#1983,#1984);
#1982 = CARTESIAN_POINT('',(1.25,0.2,0.));
#1983 = DIRECTION('',(-1.,-1.110223024625E-16,0.));
#1984 = DIRECTION('',(0.,0.,1.));
#1985 = ADVANCED_FACE('',(#1986),#1997,.F.);
#1986 = FACE_BOUND('',#1987,.F.);
#1987 = EDGE_LOOP('',(#1988,#1994,#1995,#1996));
#1988 = ORIENTED_EDGE('',*,*,#1989,.T.);
#1989 = EDGE_CURVE('',#1413,#1505,#1990,.T.);
#1990 = LINE('',#1991,#1992);
#1991 = CARTESIAN_POINT('',(1.05,0.2,0.));
#1992 = VECTOR('',#1993,1.);
#1993 = DIRECTION('',(1.110223024625E-16,-1.,0.));
#1994 = ORIENTED_EDGE('',*,*,#1513,.T.);
#1995 = ORIENTED_EDGE('',*,*,#1972,.F.);
#1996 = ORIENTED_EDGE('',*,*,#1421,.F.);
#1997 = PLANE('',#1998);
#1998 = AXIS2_PLACEMENT_3D('',#1999,#2000,#2001);
#1999 = CARTESIAN_POINT('',(1.05,0.2,0.));
#2000 = DIRECTION('',(0.,0.,1.));
#2001 = DIRECTION('',(1.,1.110223024625E-16,-0.));
#2002 = ADVANCED_FACE('',(#2003),#2009,.T.);
#2003 = FACE_BOUND('',#2004,.T.);
#2004 = EDGE_LOOP('',(#2005,#2006,#2007,#2008));
#2005 = ORIENTED_EDGE('',*,*,#1412,.T.);
#2006 = ORIENTED_EDGE('',*,*,#1989,.T.);
#2007 = ORIENTED_EDGE('',*,*,#1504,.F.);
#2008 = ORIENTED_EDGE('',*,*,#1486,.F.);
#2009 = CYLINDRICAL_SURFACE('',#2010,0.25);
#2010 = AXIS2_PLACEMENT_3D('',#2011,#2012,#2013);
#2011 = CARTESIAN_POINT('',(1.05,0.2,0.25));
#2012 = DIRECTION('',(-1.110223024625E-16,1.,-0.));
#2013 = DIRECTION('',(-1.,-1.110223024625E-16,-4.440892098501E-16));
#2014 = ADVANCED_FACE('',(#2015),#2018,.F.);
#2015 = FACE_BOUND('',#2016,.T.);
#2016 = EDGE_LOOP('',(#2017));
#2017 = ORIENTED_EDGE('',*,*,#1632,.F.);
#2018 = PLANE('',#2019);
#2019 = AXIS2_PLACEMENT_3D('',#2020,#2021,#2022);
#2020 = CARTESIAN_POINT('',(-0.428243103516,1.228243103516,1.2));
#2021 = DIRECTION('',(0.,0.,-1.));
#2022 = DIRECTION('',(1.110223024625E-16,-1.,0.));
#2023 = ( GEOMETRIC_REPRESENTATION_CONTEXT(3) 
GLOBAL_UNCERTAINTY_ASSIGNED_CONTEXT((#2027)) 
GLOBAL_UNIT_ASSIGNED_CONTEXT((#2024,#2025,#2026)) REPRESENTATION_CONTEXT
('Context #1','3D Context with UNIT and UNCERTAINTY') );
#2024 = ( LENGTH_UNIT() NAMED_UNIT(*) SI_UNIT(.MILLI.,.METRE.) );
#2025 = ( NAMED_UNIT(*) PLANE_ANGLE_UNIT() SI_UNIT($,.RADIAN.) );
#2026 = ( NAMED_UNIT(*) SI_UNIT($,.STERADIAN.) SOLID_ANGLE_UNIT() );
#2027 = UNCERTAINTY_MEASURE_WITH_UNIT(LENGTH_MEASURE(1.E-07),#2024,
  'distance_accuracy_value','confusion accuracy');
#2028 = CONTEXT_DEPENDENT_SHAPE_REPRESENTATION(#2029,#2031);
#2029 = ( REPRESENTATION_RELATIONSHIP('','',#40,#10) 
REPRESENTATION_RELATIONSHIP_WITH_TRANSFORMATION(#2030) 
SHAPE_REPRESENTATION_RELATIONSHIP() );
#2030 = ITEM_DEFINED_TRANSFORMATION('','',#11,#15);
#2031 = PRODUCT_DEFINITION_SHAPE('Placement','Placement of an item',
  #2032);
#2032 = NEXT_ASSEMBLY_USAGE_OCCURRENCE('1','U1','',#5,#35,$);
#2033 = PRODUCT_RELATED_PRODUCT_CATEGORY('part',$,(#37));
#2034 = SHAPE_DEFINITION_REPRESENTATION(#2035,#2041);
#2035 = PRODUCT_DEFINITION_SHAPE('','',#2036);
#2036 = PRODUCT_DEFINITION('design','',#2037,#2040);
#2037 = PRODUCT_DEFINITION_FORMATION('','',#2038);
#2038 = PRODUCT('C_0603_1608Metric','C_0603_1608Metric','',(#2039));
#2039 = PRODUCT_CONTEXT('',#2,'mechanical');
#2040 = PRODUCT_DEFINITION_CONTEXT('part definition',#2,'design');
#2041 = ADVANCED_BREP_SHAPE_REPRESENTATION('',(#11,#2042),#2896);
#2042 = MANIFOLD_SOLID_BREP('',#2043);
#2043 = CLOSED_SHELL('',(#2044,#2120,#2151,#2176,#2201,#2225,#2249,#2274
    ,#2299,#2316,#2402,#2434,#2458,#2483,#2507,#2532,#2556,#2581,#2598,
    #2684,#2715,#2740,#2765,#2789,#2813,#2838,#2863,#2880));
#2044 = ADVANCED_FACE('',(#2045),#2115,.F.);
#2045 = FACE_BOUND('',#2046,.F.);
#2046 = EDGE_LOOP('',(#2047,#2057,#2066,#2074,#2083,#2091,#2100,#2108));
#2047 = ORIENTED_EDGE('',*,*,#2048,.F.);
#2048 = EDGE_CURVE('',#2049,#2051,#2053,.T.);
#2049 = VERTEX_POINT('',#2050);
#2050 = CARTESIAN_POINT('',(-0.8,-0.4,3.E-02));
#2051 = VERTEX_POINT('',#2052);
#2052 = CARTESIAN_POINT('',(-0.8,-0.4,0.77));
#2053 = LINE('',#2054,#2055);
#2054 = CARTESIAN_POINT('',(-0.8,-0.4,0.));
#2055 = VECTOR('',#2056,1.);
#2056 = DIRECTION('',(0.,0.,1.));
#2057 = ORIENTED_EDGE('',*,*,#2058,.T.);
#2058 = EDGE_CURVE('',#2049,#2059,#2061,.T.);
#2059 = VERTEX_POINT('',#2060);
#2060 = CARTESIAN_POINT('',(-0.8,-0.37,0.));
#2061 = CIRCLE('',#2062,3.E-02);
#2062 = AXIS2_PLACEMENT_3D('',#2063,#2064,#2065);
#2063 = CARTESIAN_POINT('',(-0.8,-0.37,3.E-02));
#2064 = DIRECTION('',(1.,0.,-0.));
#2065 = DIRECTION('',(0.,0.,1.));
#2066 = ORIENTED_EDGE('',*,*,#2067,.T.);
#2067 = EDGE_CURVE('',#2059,#2068,#2070,.T.);
#2068 = VERTEX_POINT('',#2069);
#2069 = CARTESIAN_POINT('',(-0.8,0.37,0.));
#2070 = LINE('',#2071,#2072);
#2071 = CARTESIAN_POINT('',(-0.8,-0.4,0.));
#2072 = VECTOR('',#2073,1.);
#2073 = DIRECTION('',(0.,1.,0.));
#2074 = ORIENTED_EDGE('',*,*,#2075,.F.);
#2075 = EDGE_CURVE('',#2076,#2068,#2078,.T.);
#2076 = VERTEX_POINT('',#2077);
#2077 = CARTESIAN_POINT('',(-0.8,0.4,3.E-02));
#2078 = CIRCLE('',#2079,3.E-02);
#2079 = AXIS2_PLACEMENT_3D('',#2080,#2081,#2082);
#2080 = CARTESIAN_POINT('',(-0.8,0.37,3.E-02));
#2081 = DIRECTION('',(-1.,0.,0.));
#2082 = DIRECTION('',(0.,0.,1.));
#2083 = ORIENTED_EDGE('',*,*,#2084,.T.);
#2084 = EDGE_CURVE('',#2076,#2085,#2087,.T.);
#2085 = VERTEX_POINT('',#2086);
#2086 = CARTESIAN_POINT('',(-0.8,0.4,0.77));
#2087 = LINE('',#2088,#2089);
#2088 = CARTESIAN_POINT('',(-0.8,0.4,0.));
#2089 = VECTOR('',#2090,1.);
#2090 = DIRECTION('',(0.,0.,1.));
#2091 = ORIENTED_EDGE('',*,*,#2092,.T.);
#2092 = EDGE_CURVE('',#2085,#2093,#2095,.T.);
#2093 = VERTEX_POINT('',#2094);
#2094 = CARTESIAN_POINT('',(-0.8,0.37,0.8));
#2095 = CIRCLE('',#2096,3.E-02);
#2096 = AXIS2_PLACEMENT_3D('',#2097,#2098,#2099);
#2097 = CARTESIAN_POINT('',(-0.8,0.37,0.77));
#2098 = DIRECTION('',(1.,0.,-0.));
#2099 = DIRECTION('',(0.,0.,1.));
#2100 = ORIENTED_EDGE('',*,*,#2101,.F.);
#2101 = EDGE_CURVE('',#2102,#2093,#2104,.T.);
#2102 = VERTEX_POINT('',#2103);
#2103 = CARTESIAN_POINT('',(-0.8,-0.37,0.8));
#2104 = LINE('',#2105,#2106);
#2105 = CARTESIAN_POINT('',(-0.8,-0.4,0.8));
#2106 = VECTOR('',#2107,1.);
#2107 = DIRECTION('',(0.,1.,0.));
#2108 = ORIENTED_EDGE('',*,*,#2109,.F.);
#2109 = EDGE_CURVE('',#2051,#2102,#2110,.T.);
#2110 = CIRCLE('',#2111,3.E-02);
#2111 = AXIS2_PLACEMENT_3D('',#2112,#2113,#2114);
#2112 = CARTESIAN_POINT('',(-0.8,-0.37,0.77));
#2113 = DIRECTION('',(-1.,0.,0.));
#2114 = DIRECTION('',(0.,0.,1.));
#2115 = PLANE('',#2116);
#2116 = AXIS2_PLACEMENT_3D('',#2117,#2118,#2119);
#2117 = CARTESIAN_POINT('',(-0.8,-0.4,0.));
#2118 = DIRECTION('',(1.,0.,0.));
#2119 = DIRECTION('',(0.,0.,1.));
#2120 = ADVANCED_FACE('',(#2121),#2146,.F.);
#2121 = FACE_BOUND('',#2122,.F.);
#2122 = EDGE_LOOP('',(#2123,#2133,#2139,#2140));
#2123 = ORIENTED_EDGE('',*,*,#2124,.F.);
#2124 = EDGE_CURVE('',#2125,#2127,#2129,.T.);
#2125 = VERTEX_POINT('',#2126);
#2126 = CARTESIAN_POINT('',(-0.5,-0.4,3.E-02));
#2127 = VERTEX_POINT('',#2128);
#2128 = CARTESIAN_POINT('',(-0.5,-0.4,0.77));
#2129 = LINE('',#2130,#2131);
#2130 = CARTESIAN_POINT('',(-0.5,-0.4,0.));
#2131 = VECTOR('',#2132,1.);
#2132 = DIRECTION('',(0.,0.,1.));
#2133 = ORIENTED_EDGE('',*,*,#2134,.F.);
#2134 = EDGE_CURVE('',#2049,#2125,#2135,.T.);
#2135 = LINE('',#2136,#2137);
#2136 = CARTESIAN_POINT('',(-0.8,-0.4,3.E-02));
#2137 = VECTOR('',#2138,1.);
#2138 = DIRECTION('',(1.,0.,0.));
#2139 = ORIENTED_EDGE('',*,*,#2048,.T.);
#2140 = ORIENTED_EDGE('',*,*,#2141,.T.);
#2141 = EDGE_CURVE('',#2051,#2127,#2142,.T.);
#2142 = LINE('',#2143,#2144);
#2143 = CARTESIAN_POINT('',(-0.8,-0.4,0.77));
#2144 = VECTOR('',#2145,1.);
#2145 = DIRECTION('',(1.,0.,0.));
#2146 = PLANE('',#2147);
#2147 = AXIS2_PLACEMENT_3D('',#2148,#2149,#2150);
#2148 = CARTESIAN_POINT('',(-0.8,-0.4,0.));
#2149 = DIRECTION('',(0.,1.,0.));
#2150 = DIRECTION('',(0.,-0.,1.));
#2151 = ADVANCED_FACE('',(#2152),#2171,.T.);
#2152 = FACE_BOUND('',#2153,.T.);
#2153 = EDGE_LOOP('',(#2154,#2155,#2163,#2170));
#2154 = ORIENTED_EDGE('',*,*,#2058,.T.);
#2155 = ORIENTED_EDGE('',*,*,#2156,.T.);
#2156 = EDGE_CURVE('',#2059,#2157,#2159,.T.);
#2157 = VERTEX_POINT('',#2158);
#2158 = CARTESIAN_POINT('',(-0.5,-0.37,0.));
#2159 = LINE('',#2160,#2161);
#2160 = CARTESIAN_POINT('',(-0.8,-0.37,0.));
#2161 = VECTOR('',#2162,1.);
#2162 = DIRECTION('',(1.,0.,0.));
#2163 = ORIENTED_EDGE('',*,*,#2164,.F.);
#2164 = EDGE_CURVE('',#2125,#2157,#2165,.T.);
#2165 = CIRCLE('',#2166,3.E-02);
#2166 = AXIS2_PLACEMENT_3D('',#2167,#2168,#2169);
#2167 = CARTESIAN_POINT('',(-0.5,-0.37,3.E-02));
#2168 = DIRECTION('',(1.,0.,-0.));
#2169 = DIRECTION('',(0.,0.,1.));
#2170 = ORIENTED_EDGE('',*,*,#2134,.F.);
#2171 = CYLINDRICAL_SURFACE('',#2172,3.E-02);
#2172 = AXIS2_PLACEMENT_3D('',#2173,#2174,#2175);
#2173 = CARTESIAN_POINT('',(-0.8,-0.37,3.E-02));
#2174 = DIRECTION('',(1.,0.,0.));
#2175 = DIRECTION('',(0.,-1.,0.));
#2176 = ADVANCED_FACE('',(#2177),#2196,.T.);
#2177 = FACE_BOUND('',#2178,.T.);
#2178 = EDGE_LOOP('',(#2179,#2180,#2189,#2195));
#2179 = ORIENTED_EDGE('',*,*,#2141,.T.);
#2180 = ORIENTED_EDGE('',*,*,#2181,.T.);
#2181 = EDGE_CURVE('',#2127,#2182,#2184,.T.);
#2182 = VERTEX_POINT('',#2183);
#2183 = CARTESIAN_POINT('',(-0.5,-0.37,0.8));
#2184 = CIRCLE('',#2185,3.E-02);
#2185 = AXIS2_PLACEMENT_3D('',#2186,#2187,#2188);
#2186 = CARTESIAN_POINT('',(-0.5,-0.37,0.77));
#2187 = DIRECTION('',(-1.,0.,0.));
#2188 = DIRECTION('',(0.,0.,1.));
#2189 = ORIENTED_EDGE('',*,*,#2190,.F.);
#2190 = EDGE_CURVE('',#2102,#2182,#2191,.T.);
#2191 = LINE('',#2192,#2193);
#2192 = CARTESIAN_POINT('',(-0.8,-0.37,0.8));
#2193 = VECTOR('',#2194,1.);
#2194 = DIRECTION('',(1.,0.,0.));
#2195 = ORIENTED_EDGE('',*,*,#2109,.F.);
#2196 = CYLINDRICAL_SURFACE('',#2197,3.E-02);
#2197 = AXIS2_PLACEMENT_3D('',#2198,#2199,#2200);
#2198 = CARTESIAN_POINT('',(-0.8,-0.37,0.77));
#2199 = DIRECTION('',(1.,0.,0.));
#2200 = DIRECTION('',(0.,-1.,0.));
#2201 = ADVANCED_FACE('',(#2202),#2220,.F.);
#2202 = FACE_BOUND('',#2203,.F.);
#2203 = EDGE_LOOP('',(#2204,#2205,#2206,#2214));
#2204 = ORIENTED_EDGE('',*,*,#2067,.F.);
#2205 = ORIENTED_EDGE('',*,*,#2156,.T.);
#2206 = ORIENTED_EDGE('',*,*,#2207,.T.);
#2207 = EDGE_CURVE('',#2157,#2208,#2210,.T.);
#2208 = VERTEX_POINT('',#2209);
#2209 = CARTESIAN_POINT('',(-0.5,0.37,0.));
#2210 = LINE('',#2211,#2212);
#2211 = CARTESIAN_POINT('',(-0.5,-0.4,0.));
#2212 = VECTOR('',#2213,1.);
#2213 = DIRECTION('',(0.,1.,0.));
#2214 = ORIENTED_EDGE('',*,*,#2215,.F.);
#2215 = EDGE_CURVE('',#2068,#2208,#2216,.T.);
#2216 = LINE('',#2217,#2218);
#2217 = CARTESIAN_POINT('',(-0.8,0.37,0.));
#2218 = VECTOR('',#2219,1.);
#2219 = DIRECTION('',(1.,0.,0.));
#2220 = PLANE('',#2221);
#2221 = AXIS2_PLACEMENT_3D('',#2222,#2223,#2224);
#2222 = CARTESIAN_POINT('',(-0.8,-0.4,0.));
#2223 = DIRECTION('',(0.,0.,1.));
#2224 = DIRECTION('',(1.,0.,-0.));
#2225 = ADVANCED_FACE('',(#2226),#2244,.T.);
#2226 = FACE_BOUND('',#2227,.T.);
#2227 = EDGE_LOOP('',(#2228,#2229,#2230,#2238));
#2228 = ORIENTED_EDGE('',*,*,#2101,.F.);
#2229 = ORIENTED_EDGE('',*,*,#2190,.T.);
#2230 = ORIENTED_EDGE('',*,*,#2231,.T.);
#2231 = EDGE_CURVE('',#2182,#2232,#2234,.T.);
#2232 = VERTEX_POINT('',#2233);
#2233 = CARTESIAN_POINT('',(-0.5,0.37,0.8));
#2234 = LINE('',#2235,#2236);
#2235 = CARTESIAN_POINT('',(-0.5,-0.4,0.8));
#2236 = VECTOR('',#2237,1.);
#2237 = DIRECTION('',(0.,1.,0.));
#2238 = ORIENTED_EDGE('',*,*,#2239,.F.);
#2239 = EDGE_CURVE('',#2093,#2232,#2240,.T.);
#2240 = LINE('',#2241,#2242);
#2241 = CARTESIAN_POINT('',(-0.8,0.37,0.8));
#2242 = VECTOR('',#2243,1.);
#2243 = DIRECTION('',(1.,0.,0.));
#2244 = PLANE('',#2245);
#2245 = AXIS2_PLACEMENT_3D('',#2246,#2247,#2248);
#2246 = CARTESIAN_POINT('',(-0.8,-0.4,0.8));
#2247 = DIRECTION('',(0.,0.,1.));
#2248 = DIRECTION('',(1.,0.,-0.));
#2249 = ADVANCED_FACE('',(#2250),#2269,.T.);
#2250 = FACE_BOUND('',#2251,.T.);
#2251 = EDGE_LOOP('',(#2252,#2260,#2267,#2268));
#2252 = ORIENTED_EDGE('',*,*,#2253,.T.);
#2253 = EDGE_CURVE('',#2076,#2254,#2256,.T.);
#2254 = VERTEX_POINT('',#2255);
#2255 = CARTESIAN_POINT('',(-0.5,0.4,3.E-02));
#2256 = LINE('',#2257,#2258);
#2257 = CARTESIAN_POINT('',(-0.8,0.4,3.E-02));
#2258 = VECTOR('',#2259,1.);
#2259 = DIRECTION('',(1.,0.,0.));
#2260 = ORIENTED_EDGE('',*,*,#2261,.T.);
#2261 = EDGE_CURVE('',#2254,#2208,#2262,.T.);
#2262 = CIRCLE('',#2263,3.E-02);
#2263 = AXIS2_PLACEMENT_3D('',#2264,#2265,#2266);
#2264 = CARTESIAN_POINT('',(-0.5,0.37,3.E-02));
#2265 = DIRECTION('',(-1.,0.,0.));
#2266 = DIRECTION('',(0.,0.,1.));
#2267 = ORIENTED_EDGE('',*,*,#2215,.F.);
#2268 = ORIENTED_EDGE('',*,*,#2075,.F.);
#2269 = CYLINDRICAL_SURFACE('',#2270,3.E-02);
#2270 = AXIS2_PLACEMENT_3D('',#2271,#2272,#2273);
#2271 = CARTESIAN_POINT('',(-0.8,0.37,3.E-02));
#2272 = DIRECTION('',(1.,0.,0.));
#2273 = DIRECTION('',(-0.,1.,0.));
#2274 = ADVANCED_FACE('',(#2275),#2294,.T.);
#2275 = FACE_BOUND('',#2276,.T.);
#2276 = EDGE_LOOP('',(#2277,#2278,#2279,#2288));
#2277 = ORIENTED_EDGE('',*,*,#2092,.T.);
#2278 = ORIENTED_EDGE('',*,*,#2239,.T.);
#2279 = ORIENTED_EDGE('',*,*,#2280,.F.);
#2280 = EDGE_CURVE('',#2281,#2232,#2283,.T.);
#2281 = VERTEX_POINT('',#2282);
#2282 = CARTESIAN_POINT('',(-0.5,0.4,0.77));
#2283 = CIRCLE('',#2284,3.E-02);
#2284 = AXIS2_PLACEMENT_3D('',#2285,#2286,#2287);
#2285 = CARTESIAN_POINT('',(-0.5,0.37,0.77));
#2286 = DIRECTION('',(1.,0.,-0.));
#2287 = DIRECTION('',(0.,0.,1.));
#2288 = ORIENTED_EDGE('',*,*,#2289,.F.);
#2289 = EDGE_CURVE('',#2085,#2281,#2290,.T.);
#2290 = LINE('',#2291,#2292);
#2291 = CARTESIAN_POINT('',(-0.8,0.4,0.77));
#2292 = VECTOR('',#2293,1.);
#2293 = DIRECTION('',(1.,0.,0.));
#2294 = CYLINDRICAL_SURFACE('',#2295,3.E-02);
#2295 = AXIS2_PLACEMENT_3D('',#2296,#2297,#2298);
#2296 = CARTESIAN_POINT('',(-0.8,0.37,0.77));
#2297 = DIRECTION('',(1.,0.,0.));
#2298 = DIRECTION('',(-0.,1.,0.));
#2299 = ADVANCED_FACE('',(#2300),#2311,.T.);
#2300 = FACE_BOUND('',#2301,.T.);
#2301 = EDGE_LOOP('',(#2302,#2308,#2309,#2310));
#2302 = ORIENTED_EDGE('',*,*,#2303,.F.);
#2303 = EDGE_CURVE('',#2254,#2281,#2304,.T.);
#2304 = LINE('',#2305,#2306);
#2305 = CARTESIAN_POINT('',(-0.5,0.4,0.));
#2306 = VECTOR('',#2307,1.);
#2307 = DIRECTION('',(0.,0.,1.));
#2308 = ORIENTED_EDGE('',*,*,#2253,.F.);
#2309 = ORIENTED_EDGE('',*,*,#2084,.T.);
#2310 = ORIENTED_EDGE('',*,*,#2289,.T.);
#2311 = PLANE('',#2312);
#2312 = AXIS2_PLACEMENT_3D('',#2313,#2314,#2315);
#2313 = CARTESIAN_POINT('',(-0.8,0.4,0.));
#2314 = DIRECTION('',(0.,1.,0.));
#2315 = DIRECTION('',(0.,-0.,1.));
#2316 = ADVANCED_FACE('',(#2317,#2327),#2397,.T.);
#2317 = FACE_BOUND('',#2318,.T.);
#2318 = EDGE_LOOP('',(#2319,#2320,#2321,#2322,#2323,#2324,#2325,#2326));
#2319 = ORIENTED_EDGE('',*,*,#2124,.F.);
#2320 = ORIENTED_EDGE('',*,*,#2164,.T.);
#2321 = ORIENTED_EDGE('',*,*,#2207,.T.);
#2322 = ORIENTED_EDGE('',*,*,#2261,.F.);
#2323 = ORIENTED_EDGE('',*,*,#2303,.T.);
#2324 = ORIENTED_EDGE('',*,*,#2280,.T.);
#2325 = ORIENTED_EDGE('',*,*,#2231,.F.);
#2326 = ORIENTED_EDGE('',*,*,#2181,.F.);
#2327 = FACE_BOUND('',#2328,.T.);
#2328 = EDGE_LOOP('',(#2329,#2340,#2348,#2357,#2365,#2374,#2382,#2391));
#2329 = ORIENTED_EDGE('',*,*,#2330,.F.);
#2330 = EDGE_CURVE('',#2331,#2333,#2335,.T.);
#2331 = VERTEX_POINT('',#2332);
#2332 = CARTESIAN_POINT('',(-0.5,-0.37,6.E-02));
#2333 = VERTEX_POINT('',#2334);
#2334 = CARTESIAN_POINT('',(-0.5,-0.34,3.E-02));
#2335 = CIRCLE('',#2336,3.E-02);
#2336 = AXIS2_PLACEMENT_3D('',#2337,#2338,#2339);
#2337 = CARTESIAN_POINT('',(-0.5,-0.34,6.E-02));
#2338 = DIRECTION('',(1.,0.,-0.));
#2339 = DIRECTION('',(0.,0.,1.));
#2340 = ORIENTED_EDGE('',*,*,#2341,.T.);
#2341 = EDGE_CURVE('',#2331,#2342,#2344,.T.);
#2342 = VERTEX_POINT('',#2343);
#2343 = CARTESIAN_POINT('',(-0.5,-0.37,0.74));
#2344 = LINE('',#2345,#2346);
#2345 = CARTESIAN_POINT('',(-0.5,-0.37,3.E-02));
#2346 = VECTOR('',#2347,1.);
#2347 = DIRECTION('',(0.,0.,1.));
#2348 = ORIENTED_EDGE('',*,*,#2349,.T.);
#2349 = EDGE_CURVE('',#2342,#2350,#2352,.T.);
#2350 = VERTEX_POINT('',#2351);
#2351 = CARTESIAN_POINT('',(-0.5,-0.34,0.77));
#2352 = CIRCLE('',#2353,3.E-02);
#2353 = AXIS2_PLACEMENT_3D('',#2354,#2355,#2356);
#2354 = CARTESIAN_POINT('',(-0.5,-0.34,0.74));
#2355 = DIRECTION('',(-1.,0.,0.));
#2356 = DIRECTION('',(0.,0.,1.));
#2357 = ORIENTED_EDGE('',*,*,#2358,.T.);
#2358 = EDGE_CURVE('',#2350,#2359,#2361,.T.);
#2359 = VERTEX_POINT('',#2360);
#2360 = CARTESIAN_POINT('',(-0.5,0.34,0.77));
#2361 = LINE('',#2362,#2363);
#2362 = CARTESIAN_POINT('',(-0.5,-0.37,0.77));
#2363 = VECTOR('',#2364,1.);
#2364 = DIRECTION('',(0.,1.,0.));
#2365 = ORIENTED_EDGE('',*,*,#2366,.F.);
#2366 = EDGE_CURVE('',#2367,#2359,#2369,.T.);
#2367 = VERTEX_POINT('',#2368);
#2368 = CARTESIAN_POINT('',(-0.5,0.37,0.74));
#2369 = CIRCLE('',#2370,3.E-02);
#2370 = AXIS2_PLACEMENT_3D('',#2371,#2372,#2373);
#2371 = CARTESIAN_POINT('',(-0.5,0.34,0.74));
#2372 = DIRECTION('',(1.,0.,-0.));
#2373 = DIRECTION('',(0.,0.,1.));
#2374 = ORIENTED_EDGE('',*,*,#2375,.F.);
#2375 = EDGE_CURVE('',#2376,#2367,#2378,.T.);
#2376 = VERTEX_POINT('',#2377);
#2377 = CARTESIAN_POINT('',(-0.5,0.37,6.E-02));
#2378 = LINE('',#2379,#2380);
#2379 = CARTESIAN_POINT('',(-0.5,0.37,3.E-02));
#2380 = VECTOR('',#2381,1.);
#2381 = DIRECTION('',(0.,0.,1.));
#2382 = ORIENTED_EDGE('',*,*,#2383,.T.);
#2383 = EDGE_CURVE('',#2376,#2384,#2386,.T.);
#2384 = VERTEX_POINT('',#2385);
#2385 = CARTESIAN_POINT('',(-0.5,0.34,3.E-02));
#2386 = CIRCLE('',#2387,3.E-02);
#2387 = AXIS2_PLACEMENT_3D('',#2388,#2389,#2390);
#2388 = CARTESIAN_POINT('',(-0.5,0.34,6.E-02));
#2389 = DIRECTION('',(-1.,0.,0.));
#2390 = DIRECTION('',(0.,0.,1.));
#2391 = ORIENTED_EDGE('',*,*,#2392,.F.);
#2392 = EDGE_CURVE('',#2333,#2384,#2393,.T.);
#2393 = LINE('',#2394,#2395);
#2394 = CARTESIAN_POINT('',(-0.5,-0.37,3.E-02));
#2395 = VECTOR('',#2396,1.);
#2396 = DIRECTION('',(0.,1.,0.));
#2397 = PLANE('',#2398);
#2398 = AXIS2_PLACEMENT_3D('',#2399,#2400,#2401);
#2399 = CARTESIAN_POINT('',(-0.5,-0.4,0.));
#2400 = DIRECTION('',(1.,0.,0.));
#2401 = DIRECTION('',(0.,0.,1.));
#2402 = ADVANCED_FACE('',(#2403),#2429,.T.);
#2403 = FACE_BOUND('',#2404,.T.);
#2404 = EDGE_LOOP('',(#2405,#2406,#2414,#2423));
#2405 = ORIENTED_EDGE('',*,*,#2330,.T.);
#2406 = ORIENTED_EDGE('',*,*,#2407,.T.);
#2407 = EDGE_CURVE('',#2333,#2408,#2410,.T.);
#2408 = VERTEX_POINT('',#2409);
#2409 = CARTESIAN_POINT('',(0.5,-0.34,3.E-02));
#2410 = LINE('',#2411,#2412);
#2411 = CARTESIAN_POINT('',(-0.5,-0.34,3.E-02));
#2412 = VECTOR('',#2413,1.);
#2413 = DIRECTION('',(1.,0.,0.));
#2414 = ORIENTED_EDGE('',*,*,#2415,.F.);
#2415 = EDGE_CURVE('',#2416,#2408,#2418,.T.);
#2416 = VERTEX_POINT('',#2417);
#2417 = CARTESIAN_POINT('',(0.5,-0.37,6.E-02));
#2418 = CIRCLE('',#2419,3.E-02);
#2419 = AXIS2_PLACEMENT_3D('',#2420,#2421,#2422);
#2420 = CARTESIAN_POINT('',(0.5,-0.34,6.E-02));
#2421 = DIRECTION('',(1.,0.,-0.));
#2422 = DIRECTION('',(0.,0.,1.));
#2423 = ORIENTED_EDGE('',*,*,#2424,.F.);
#2424 = EDGE_CURVE('',#2331,#2416,#2425,.T.);
#2425 = LINE('',#2426,#2427);
#2426 = CARTESIAN_POINT('',(-0.5,-0.37,6.E-02));
#2427 = VECTOR('',#2428,1.);
#2428 = DIRECTION('',(1.,0.,0.));
#2429 = CYLINDRICAL_SURFACE('',#2430,3.E-02);
#2430 = AXIS2_PLACEMENT_3D('',#2431,#2432,#2433);
#2431 = CARTESIAN_POINT('',(-0.5,-0.34,6.E-02));
#2432 = DIRECTION('',(1.,0.,0.));
#2433 = DIRECTION('',(0.,-1.,0.));
#2434 = ADVANCED_FACE('',(#2435),#2453,.F.);
#2435 = FACE_BOUND('',#2436,.F.);
#2436 = EDGE_LOOP('',(#2437,#2438,#2439,#2447));
#2437 = ORIENTED_EDGE('',*,*,#2392,.F.);
#2438 = ORIENTED_EDGE('',*,*,#2407,.T.);
#2439 = ORIENTED_EDGE('',*,*,#2440,.T.);
#2440 = EDGE_CURVE('',#2408,#2441,#2443,.T.);
#2441 = VERTEX_POINT('',#2442);
#2442 = CARTESIAN_POINT('',(0.5,0.34,3.E-02));
#2443 = LINE('',#2444,#2445);
#2444 = CARTESIAN_POINT('',(0.5,-0.37,3.E-02));
#2445 = VECTOR('',#2446,1.);
#2446 = DIRECTION('',(0.,1.,0.));
#2447 = ORIENTED_EDGE('',*,*,#2448,.F.);
#2448 = EDGE_CURVE('',#2384,#2441,#2449,.T.);
#2449 = LINE('',#2450,#2451);
#2450 = CARTESIAN_POINT('',(-0.5,0.34,3.E-02));
#2451 = VECTOR('',#2452,1.);
#2452 = DIRECTION('',(1.,0.,0.));
#2453 = PLANE('',#2454);
#2454 = AXIS2_PLACEMENT_3D('',#2455,#2456,#2457);
#2455 = CARTESIAN_POINT('',(-0.5,-0.37,3.E-02));
#2456 = DIRECTION('',(0.,0.,1.));
#2457 = DIRECTION('',(1.,0.,-0.));
#2458 = ADVANCED_FACE('',(#2459),#2478,.T.);
#2459 = FACE_BOUND('',#2460,.T.);
#2460 = EDGE_LOOP('',(#2461,#2469,#2476,#2477));
#2461 = ORIENTED_EDGE('',*,*,#2462,.T.);
#2462 = EDGE_CURVE('',#2376,#2463,#2465,.T.);
#2463 = VERTEX_POINT('',#2464);
#2464 = CARTESIAN_POINT('',(0.5,0.37,6.E-02));
#2465 = LINE('',#2466,#2467);
#2466 = CARTESIAN_POINT('',(-0.5,0.37,6.E-02));
#2467 = VECTOR('',#2468,1.);
#2468 = DIRECTION('',(1.,0.,0.));
#2469 = ORIENTED_EDGE('',*,*,#2470,.T.);
#2470 = EDGE_CURVE('',#2463,#2441,#2471,.T.);
#2471 = CIRCLE('',#2472,3.E-02);
#2472 = AXIS2_PLACEMENT_3D('',#2473,#2474,#2475);
#2473 = CARTESIAN_POINT('',(0.5,0.34,6.E-02));
#2474 = DIRECTION('',(-1.,0.,0.));
#2475 = DIRECTION('',(0.,0.,1.));
#2476 = ORIENTED_EDGE('',*,*,#2448,.F.);
#2477 = ORIENTED_EDGE('',*,*,#2383,.F.);
#2478 = CYLINDRICAL_SURFACE('',#2479,3.E-02);
#2479 = AXIS2_PLACEMENT_3D('',#2480,#2481,#2482);
#2480 = CARTESIAN_POINT('',(-0.5,0.34,6.E-02));
#2481 = DIRECTION('',(1.,0.,0.));
#2482 = DIRECTION('',(-0.,1.,0.));
#2483 = ADVANCED_FACE('',(#2484),#2502,.T.);
#2484 = FACE_BOUND('',#2485,.T.);
#2485 = EDGE_LOOP('',(#2486,#2494,#2495,#2496));
#2486 = ORIENTED_EDGE('',*,*,#2487,.F.);
#2487 = EDGE_CURVE('',#2463,#2488,#2490,.T.);
#2488 = VERTEX_POINT('',#2489);
#2489 = CARTESIAN_POINT('',(0.5,0.37,0.74));
#2490 = LINE('',#2491,#2492);
#2491 = CARTESIAN_POINT('',(0.5,0.37,3.E-02));
#2492 = VECTOR('',#2493,1.);
#2493 = DIRECTION('',(0.,0.,1.));
#2494 = ORIENTED_EDGE('',*,*,#2462,.F.);
#2495 = ORIENTED_EDGE('',*,*,#2375,.T.);
#2496 = ORIENTED_EDGE('',*,*,#2497,.T.);
#2497 = EDGE_CURVE('',#2367,#2488,#2498,.T.);
#2498 = LINE('',#2499,#2500);
#2499 = CARTESIAN_POINT('',(-0.5,0.37,0.74));
#2500 = VECTOR('',#2501,1.);
#2501 = DIRECTION('',(1.,0.,0.));
#2502 = PLANE('',#2503);
#2503 = AXIS2_PLACEMENT_3D('',#2504,#2505,#2506);
#2504 = CARTESIAN_POINT('',(-0.5,0.37,3.E-02));
#2505 = DIRECTION('',(0.,1.,0.));
#2506 = DIRECTION('',(0.,-0.,1.));
#2507 = ADVANCED_FACE('',(#2508),#2527,.T.);
#2508 = FACE_BOUND('',#2509,.T.);
#2509 = EDGE_LOOP('',(#2510,#2511,#2519,#2526));
#2510 = ORIENTED_EDGE('',*,*,#2366,.T.);
#2511 = ORIENTED_EDGE('',*,*,#2512,.T.);
#2512 = EDGE_CURVE('',#2359,#2513,#2515,.T.);
#2513 = VERTEX_POINT('',#2514);
#2514 = CARTESIAN_POINT('',(0.5,0.34,0.77));
#2515 = LINE('',#2516,#2517);
#2516 = CARTESIAN_POINT('',(-0.5,0.34,0.77));
#2517 = VECTOR('',#2518,1.);
#2518 = DIRECTION('',(1.,0.,0.));
#2519 = ORIENTED_EDGE('',*,*,#2520,.F.);
#2520 = EDGE_CURVE('',#2488,#2513,#2521,.T.);
#2521 = CIRCLE('',#2522,3.E-02);
#2522 = AXIS2_PLACEMENT_3D('',#2523,#2524,#2525);
#2523 = CARTESIAN_POINT('',(0.5,0.34,0.74));
#2524 = DIRECTION('',(1.,0.,-0.));
#2525 = DIRECTION('',(0.,0.,1.));
#2526 = ORIENTED_EDGE('',*,*,#2497,.F.);
#2527 = CYLINDRICAL_SURFACE('',#2528,3.E-02);
#2528 = AXIS2_PLACEMENT_3D('',#2529,#2530,#2531);
#2529 = CARTESIAN_POINT('',(-0.5,0.34,0.74));
#2530 = DIRECTION('',(1.,0.,0.));
#2531 = DIRECTION('',(-0.,1.,0.));
#2532 = ADVANCED_FACE('',(#2533),#2551,.T.);
#2533 = FACE_BOUND('',#2534,.T.);
#2534 = EDGE_LOOP('',(#2535,#2536,#2544,#2550));
#2535 = ORIENTED_EDGE('',*,*,#2358,.F.);
#2536 = ORIENTED_EDGE('',*,*,#2537,.T.);
#2537 = EDGE_CURVE('',#2350,#2538,#2540,.T.);
#2538 = VERTEX_POINT('',#2539);
#2539 = CARTESIAN_POINT('',(0.5,-0.34,0.77));
#2540 = LINE('',#2541,#2542);
#2541 = CARTESIAN_POINT('',(-0.5,-0.34,0.77));
#2542 = VECTOR('',#2543,1.);
#2543 = DIRECTION('',(1.,0.,0.));
#2544 = ORIENTED_EDGE('',*,*,#2545,.T.);
#2545 = EDGE_CURVE('',#2538,#2513,#2546,.T.);
#2546 = LINE('',#2547,#2548);
#2547 = CARTESIAN_POINT('',(0.5,-0.37,0.77));
#2548 = VECTOR('',#2549,1.);
#2549 = DIRECTION('',(0.,1.,0.));
#2550 = ORIENTED_EDGE('',*,*,#2512,.F.);
#2551 = PLANE('',#2552);
#2552 = AXIS2_PLACEMENT_3D('',#2553,#2554,#2555);
#2553 = CARTESIAN_POINT('',(-0.5,-0.37,0.77));
#2554 = DIRECTION('',(0.,0.,1.));
#2555 = DIRECTION('',(1.,0.,-0.));
#2556 = ADVANCED_FACE('',(#2557),#2576,.T.);
#2557 = FACE_BOUND('',#2558,.T.);
#2558 = EDGE_LOOP('',(#2559,#2567,#2574,#2575));
#2559 = ORIENTED_EDGE('',*,*,#2560,.T.);
#2560 = EDGE_CURVE('',#2342,#2561,#2563,.T.);
#2561 = VERTEX_POINT('',#2562);
#2562 = CARTESIAN_POINT('',(0.5,-0.37,0.74));
#2563 = LINE('',#2564,#2565);
#2564 = CARTESIAN_POINT('',(-0.5,-0.37,0.74));
#2565 = VECTOR('',#2566,1.);
#2566 = DIRECTION('',(1.,0.,0.));
#2567 = ORIENTED_EDGE('',*,*,#2568,.T.);
#2568 = EDGE_CURVE('',#2561,#2538,#2569,.T.);
#2569 = CIRCLE('',#2570,3.E-02);
#2570 = AXIS2_PLACEMENT_3D('',#2571,#2572,#2573);
#2571 = CARTESIAN_POINT('',(0.5,-0.34,0.74));
#2572 = DIRECTION('',(-1.,0.,0.));
#2573 = DIRECTION('',(0.,0.,1.));
#2574 = ORIENTED_EDGE('',*,*,#2537,.F.);
#2575 = ORIENTED_EDGE('',*,*,#2349,.F.);
#2576 = CYLINDRICAL_SURFACE('',#2577,3.E-02);
#2577 = AXIS2_PLACEMENT_3D('',#2578,#2579,#2580);
#2578 = CARTESIAN_POINT('',(-0.5,-0.34,0.74));
#2579 = DIRECTION('',(1.,0.,0.));
#2580 = DIRECTION('',(0.,-1.,0.));
#2581 = ADVANCED_FACE('',(#2582),#2593,.F.);
#2582 = FACE_BOUND('',#2583,.F.);
#2583 = EDGE_LOOP('',(#2584,#2590,#2591,#2592));
#2584 = ORIENTED_EDGE('',*,*,#2585,.F.);
#2585 = EDGE_CURVE('',#2416,#2561,#2586,.T.);
#2586 = LINE('',#2587,#2588);
#2587 = CARTESIAN_POINT('',(0.5,-0.37,3.E-02));
#2588 = VECTOR('',#2589,1.);
#2589 = DIRECTION('',(0.,0.,1.));
#2590 = ORIENTED_EDGE('',*,*,#2424,.F.);
#2591 = ORIENTED_EDGE('',*,*,#2341,.T.);
#2592 = ORIENTED_EDGE('',*,*,#2560,.T.);
#2593 = PLANE('',#2594);
#2594 = AXIS2_PLACEMENT_3D('',#2595,#2596,#2597);
#2595 = CARTESIAN_POINT('',(-0.5,-0.37,3.E-02));
#2596 = DIRECTION('',(0.,1.,0.));
#2597 = DIRECTION('',(0.,-0.,1.));
#2598 = ADVANCED_FACE('',(#2599,#2669),#2679,.F.);
#2599 = FACE_BOUND('',#2600,.F.);
#2600 = EDGE_LOOP('',(#2601,#2611,#2620,#2628,#2637,#2645,#2654,#2662));
#2601 = ORIENTED_EDGE('',*,*,#2602,.F.);
#2602 = EDGE_CURVE('',#2603,#2605,#2607,.T.);
#2603 = VERTEX_POINT('',#2604);
#2604 = CARTESIAN_POINT('',(0.5,-0.4,3.E-02));
#2605 = VERTEX_POINT('',#2606);
#2606 = CARTESIAN_POINT('',(0.5,-0.4,0.77));
#2607 = LINE('',#2608,#2609);
#2608 = CARTESIAN_POINT('',(0.5,-0.4,0.));
#2609 = VECTOR('',#2610,1.);
#2610 = DIRECTION('',(0.,0.,1.));
#2611 = ORIENTED_EDGE('',*,*,#2612,.T.);
#2612 = EDGE_CURVE('',#2603,#2613,#2615,.T.);
#2613 = VERTEX_POINT('',#2614);
#2614 = CARTESIAN_POINT('',(0.5,-0.37,0.));
#2615 = CIRCLE('',#2616,3.E-02);
#2616 = AXIS2_PLACEMENT_3D('',#2617,#2618,#2619);
#2617 = CARTESIAN_POINT('',(0.5,-0.37,3.E-02));
#2618 = DIRECTION('',(1.,0.,-0.));
#2619 = DIRECTION('',(0.,0.,1.));
#2620 = ORIENTED_EDGE('',*,*,#2621,.T.);
#2621 = EDGE_CURVE('',#2613,#2622,#2624,.T.);
#2622 = VERTEX_POINT('',#2623);
#2623 = CARTESIAN_POINT('',(0.5,0.37,0.));
#2624 = LINE('',#2625,#2626);
#2625 = CARTESIAN_POINT('',(0.5,-0.4,0.));
#2626 = VECTOR('',#2627,1.);
#2627 = DIRECTION('',(0.,1.,0.));
#2628 = ORIENTED_EDGE('',*,*,#2629,.F.);
#2629 = EDGE_CURVE('',#2630,#2622,#2632,.T.);
#2630 = VERTEX_POINT('',#2631);
#2631 = CARTESIAN_POINT('',(0.5,0.4,3.E-02));
#2632 = CIRCLE('',#2633,3.E-02);
#2633 = AXIS2_PLACEMENT_3D('',#2634,#2635,#2636);
#2634 = CARTESIAN_POINT('',(0.5,0.37,3.E-02));
#2635 = DIRECTION('',(-1.,0.,0.));
#2636 = DIRECTION('',(0.,0.,1.));
#2637 = ORIENTED_EDGE('',*,*,#2638,.T.);
#2638 = EDGE_CURVE('',#2630,#2639,#2641,.T.);
#2639 = VERTEX_POINT('',#2640);
#2640 = CARTESIAN_POINT('',(0.5,0.4,0.77));
#2641 = LINE('',#2642,#2643);
#2642 = CARTESIAN_POINT('',(0.5,0.4,0.));
#2643 = VECTOR('',#2644,1.);
#2644 = DIRECTION('',(0.,0.,1.));
#2645 = ORIENTED_EDGE('',*,*,#2646,.T.);
#2646 = EDGE_CURVE('',#2639,#2647,#2649,.T.);
#2647 = VERTEX_POINT('',#2648);
#2648 = CARTESIAN_POINT('',(0.5,0.37,0.8));
#2649 = CIRCLE('',#2650,3.E-02);
#2650 = AXIS2_PLACEMENT_3D('',#2651,#2652,#2653);
#2651 = CARTESIAN_POINT('',(0.5,0.37,0.77));
#2652 = DIRECTION('',(1.,0.,-0.));
#2653 = DIRECTION('',(0.,0.,1.));
#2654 = ORIENTED_EDGE('',*,*,#2655,.F.);
#2655 = EDGE_CURVE('',#2656,#2647,#2658,.T.);
#2656 = VERTEX_POINT('',#2657);
#2657 = CARTESIAN_POINT('',(0.5,-0.37,0.8));
#2658 = LINE('',#2659,#2660);
#2659 = CARTESIAN_POINT('',(0.5,-0.4,0.8));
#2660 = VECTOR('',#2661,1.);
#2661 = DIRECTION('',(0.,1.,0.));
#2662 = ORIENTED_EDGE('',*,*,#2663,.F.);
#2663 = EDGE_CURVE('',#2605,#2656,#2664,.T.);
#2664 = CIRCLE('',#2665,3.E-02);
#2665 = AXIS2_PLACEMENT_3D('',#2666,#2667,#2668);
#2666 = CARTESIAN_POINT('',(0.5,-0.37,0.77));
#2667 = DIRECTION('',(-1.,0.,0.));
#2668 = DIRECTION('',(0.,0.,1.));
#2669 = FACE_BOUND('',#2670,.F.);
#2670 = EDGE_LOOP('',(#2671,#2672,#2673,#2674,#2675,#2676,#2677,#2678));
#2671 = ORIENTED_EDGE('',*,*,#2415,.F.);
#2672 = ORIENTED_EDGE('',*,*,#2585,.T.);
#2673 = ORIENTED_EDGE('',*,*,#2568,.T.);
#2674 = ORIENTED_EDGE('',*,*,#2545,.T.);
#2675 = ORIENTED_EDGE('',*,*,#2520,.F.);
#2676 = ORIENTED_EDGE('',*,*,#2487,.F.);
#2677 = ORIENTED_EDGE('',*,*,#2470,.T.);
#2678 = ORIENTED_EDGE('',*,*,#2440,.F.);
#2679 = PLANE('',#2680);
#2680 = AXIS2_PLACEMENT_3D('',#2681,#2682,#2683);
#2681 = CARTESIAN_POINT('',(0.5,-0.4,0.));
#2682 = DIRECTION('',(1.,0.,0.));
#2683 = DIRECTION('',(0.,0.,1.));
#2684 = ADVANCED_FACE('',(#2685),#2710,.F.);
#2685 = FACE_BOUND('',#2686,.F.);
#2686 = EDGE_LOOP('',(#2687,#2697,#2703,#2704));
#2687 = ORIENTED_EDGE('',*,*,#2688,.F.);
#2688 = EDGE_CURVE('',#2689,#2691,#2693,.T.);
#2689 = VERTEX_POINT('',#2690);
#2690 = CARTESIAN_POINT('',(0.8,-0.4,3.E-02));
#2691 = VERTEX_POINT('',#2692);
#2692 = CARTESIAN_POINT('',(0.8,-0.4,0.77));
#2693 = LINE('',#2694,#2695);
#2694 = CARTESIAN_POINT('',(0.8,-0.4,0.));
#2695 = VECTOR('',#2696,1.);
#2696 = DIRECTION('',(0.,0.,1.));
#2697 = ORIENTED_EDGE('',*,*,#2698,.F.);
#2698 = EDGE_CURVE('',#2603,#2689,#2699,.T.);
#2699 = LINE('',#2700,#2701);
#2700 = CARTESIAN_POINT('',(0.5,-0.4,3.E-02));
#2701 = VECTOR('',#2702,1.);
#2702 = DIRECTION('',(1.,0.,0.));
#2703 = ORIENTED_EDGE('',*,*,#2602,.T.);
#2704 = ORIENTED_EDGE('',*,*,#2705,.T.);
#2705 = EDGE_CURVE('',#2605,#2691,#2706,.T.);
#2706 = LINE('',#2707,#2708);
#2707 = CARTESIAN_POINT('',(0.5,-0.4,0.77));
#2708 = VECTOR('',#2709,1.);
#2709 = DIRECTION('',(1.,0.,0.));
#2710 = PLANE('',#2711);
#2711 = AXIS2_PLACEMENT_3D('',#2712,#2713,#2714);
#2712 = CARTESIAN_POINT('',(0.5,-0.4,0.));
#2713 = DIRECTION('',(0.,1.,0.));
#2714 = DIRECTION('',(0.,-0.,1.));
#2715 = ADVANCED_FACE('',(#2716),#2735,.T.);
#2716 = FACE_BOUND('',#2717,.T.);
#2717 = EDGE_LOOP('',(#2718,#2719,#2727,#2734));
#2718 = ORIENTED_EDGE('',*,*,#2612,.T.);
#2719 = ORIENTED_EDGE('',*,*,#2720,.T.);
#2720 = EDGE_CURVE('',#2613,#2721,#2723,.T.);
#2721 = VERTEX_POINT('',#2722);
#2722 = CARTESIAN_POINT('',(0.8,-0.37,0.));
#2723 = LINE('',#2724,#2725);
#2724 = CARTESIAN_POINT('',(0.5,-0.37,0.));
#2725 = VECTOR('',#2726,1.);
#2726 = DIRECTION('',(1.,0.,0.));
#2727 = ORIENTED_EDGE('',*,*,#2728,.F.);
#2728 = EDGE_CURVE('',#2689,#2721,#2729,.T.);
#2729 = CIRCLE('',#2730,3.E-02);
#2730 = AXIS2_PLACEMENT_3D('',#2731,#2732,#2733);
#2731 = CARTESIAN_POINT('',(0.8,-0.37,3.E-02));
#2732 = DIRECTION('',(1.,0.,-0.));
#2733 = DIRECTION('',(0.,0.,1.));
#2734 = ORIENTED_EDGE('',*,*,#2698,.F.);
#2735 = CYLINDRICAL_SURFACE('',#2736,3.E-02);
#2736 = AXIS2_PLACEMENT_3D('',#2737,#2738,#2739);
#2737 = CARTESIAN_POINT('',(0.5,-0.37,3.E-02));
#2738 = DIRECTION('',(1.,0.,0.));
#2739 = DIRECTION('',(0.,-1.,0.));
#2740 = ADVANCED_FACE('',(#2741),#2760,.T.);
#2741 = FACE_BOUND('',#2742,.T.);
#2742 = EDGE_LOOP('',(#2743,#2744,#2753,#2759));
#2743 = ORIENTED_EDGE('',*,*,#2705,.T.);
#2744 = ORIENTED_EDGE('',*,*,#2745,.T.);
#2745 = EDGE_CURVE('',#2691,#2746,#2748,.T.);
#2746 = VERTEX_POINT('',#2747);
#2747 = CARTESIAN_POINT('',(0.8,-0.37,0.8));
#2748 = CIRCLE('',#2749,3.E-02);
#2749 = AXIS2_PLACEMENT_3D('',#2750,#2751,#2752);
#2750 = CARTESIAN_POINT('',(0.8,-0.37,0.77));
#2751 = DIRECTION('',(-1.,0.,0.));
#2752 = DIRECTION('',(0.,0.,1.));
#2753 = ORIENTED_EDGE('',*,*,#2754,.F.);
#2754 = EDGE_CURVE('',#2656,#2746,#2755,.T.);
#2755 = LINE('',#2756,#2757);
#2756 = CARTESIAN_POINT('',(0.5,-0.37,0.8));
#2757 = VECTOR('',#2758,1.);
#2758 = DIRECTION('',(1.,0.,0.));
#2759 = ORIENTED_EDGE('',*,*,#2663,.F.);
#2760 = CYLINDRICAL_SURFACE('',#2761,3.E-02);
#2761 = AXIS2_PLACEMENT_3D('',#2762,#2763,#2764);
#2762 = CARTESIAN_POINT('',(0.5,-0.37,0.77));
#2763 = DIRECTION('',(1.,0.,0.));
#2764 = DIRECTION('',(0.,-1.,0.));
#2765 = ADVANCED_FACE('',(#2766),#2784,.F.);
#2766 = FACE_BOUND('',#2767,.F.);
#2767 = EDGE_LOOP('',(#2768,#2769,#2770,#2778));
#2768 = ORIENTED_EDGE('',*,*,#2621,.F.);
#2769 = ORIENTED_EDGE('',*,*,#2720,.T.);
#2770 = ORIENTED_EDGE('',*,*,#2771,.T.);
#2771 = EDGE_CURVE('',#2721,#2772,#2774,.T.);
#2772 = VERTEX_POINT('',#2773);
#2773 = CARTESIAN_POINT('',(0.8,0.37,0.));
#2774 = LINE('',#2775,#2776);
#2775 = CARTESIAN_POINT('',(0.8,-0.4,0.));
#2776 = VECTOR('',#2777,1.);
#2777 = DIRECTION('',(0.,1.,0.));
#2778 = ORIENTED_EDGE('',*,*,#2779,.F.);
#2779 = EDGE_CURVE('',#2622,#2772,#2780,.T.);
#2780 = LINE('',#2781,#2782);
#2781 = CARTESIAN_POINT('',(0.5,0.37,0.));
#2782 = VECTOR('',#2783,1.);
#2783 = DIRECTION('',(1.,0.,0.));
#2784 = PLANE('',#2785);
#2785 = AXIS2_PLACEMENT_3D('',#2786,#2787,#2788);
#2786 = CARTESIAN_POINT('',(0.5,-0.4,0.));
#2787 = DIRECTION('',(0.,0.,1.));
#2788 = DIRECTION('',(1.,0.,-0.));
#2789 = ADVANCED_FACE('',(#2790),#2808,.T.);
#2790 = FACE_BOUND('',#2791,.T.);
#2791 = EDGE_LOOP('',(#2792,#2793,#2794,#2802));
#2792 = ORIENTED_EDGE('',*,*,#2655,.F.);
#2793 = ORIENTED_EDGE('',*,*,#2754,.T.);
#2794 = ORIENTED_EDGE('',*,*,#2795,.T.);
#2795 = EDGE_CURVE('',#2746,#2796,#2798,.T.);
#2796 = VERTEX_POINT('',#2797);
#2797 = CARTESIAN_POINT('',(0.8,0.37,0.8));
#2798 = LINE('',#2799,#2800);
#2799 = CARTESIAN_POINT('',(0.8,-0.4,0.8));
#2800 = VECTOR('',#2801,1.);
#2801 = DIRECTION('',(0.,1.,0.));
#2802 = ORIENTED_EDGE('',*,*,#2803,.F.);
#2803 = EDGE_CURVE('',#2647,#2796,#2804,.T.);
#2804 = LINE('',#2805,#2806);
#2805 = CARTESIAN_POINT('',(0.5,0.37,0.8));
#2806 = VECTOR('',#2807,1.);
#2807 = DIRECTION('',(1.,0.,0.));
#2808 = PLANE('',#2809);
#2809 = AXIS2_PLACEMENT_3D('',#2810,#2811,#2812);
#2810 = CARTESIAN_POINT('',(0.5,-0.4,0.8));
#2811 = DIRECTION('',(0.,0.,1.));
#2812 = DIRECTION('',(1.,0.,-0.));
#2813 = ADVANCED_FACE('',(#2814),#2833,.T.);
#2814 = FACE_BOUND('',#2815,.T.);
#2815 = EDGE_LOOP('',(#2816,#2824,#2831,#2832));
#2816 = ORIENTED_EDGE('',*,*,#2817,.T.);
#2817 = EDGE_CURVE('',#2630,#2818,#2820,.T.);
#2818 = VERTEX_POINT('',#2819);
#2819 = CARTESIAN_POINT('',(0.8,0.4,3.E-02));
#2820 = LINE('',#2821,#2822);
#2821 = CARTESIAN_POINT('',(0.5,0.4,3.E-02));
#2822 = VECTOR('',#2823,1.);
#2823 = DIRECTION('',(1.,0.,0.));
#2824 = ORIENTED_EDGE('',*,*,#2825,.T.);
#2825 = EDGE_CURVE('',#2818,#2772,#2826,.T.);
#2826 = CIRCLE('',#2827,3.E-02);
#2827 = AXIS2_PLACEMENT_3D('',#2828,#2829,#2830);
#2828 = CARTESIAN_POINT('',(0.8,0.37,3.E-02));
#2829 = DIRECTION('',(-1.,0.,0.));
#2830 = DIRECTION('',(0.,0.,1.));
#2831 = ORIENTED_EDGE('',*,*,#2779,.F.);
#2832 = ORIENTED_EDGE('',*,*,#2629,.F.);
#2833 = CYLINDRICAL_SURFACE('',#2834,3.E-02);
#2834 = AXIS2_PLACEMENT_3D('',#2835,#2836,#2837);
#2835 = CARTESIAN_POINT('',(0.5,0.37,3.E-02));
#2836 = DIRECTION('',(1.,0.,0.));
#2837 = DIRECTION('',(-0.,1.,0.));
#2838 = ADVANCED_FACE('',(#2839),#2858,.T.);
#2839 = FACE_BOUND('',#2840,.T.);
#2840 = EDGE_LOOP('',(#2841,#2842,#2843,#2852));
#2841 = ORIENTED_EDGE('',*,*,#2646,.T.);
#2842 = ORIENTED_EDGE('',*,*,#2803,.T.);
#2843 = ORIENTED_EDGE('',*,*,#2844,.F.);
#2844 = EDGE_CURVE('',#2845,#2796,#2847,.T.);
#2845 = VERTEX_POINT('',#2846);
#2846 = CARTESIAN_POINT('',(0.8,0.4,0.77));
#2847 = CIRCLE('',#2848,3.E-02);
#2848 = AXIS2_PLACEMENT_3D('',#2849,#2850,#2851);
#2849 = CARTESIAN_POINT('',(0.8,0.37,0.77));
#2850 = DIRECTION('',(1.,0.,-0.));
#2851 = DIRECTION('',(0.,0.,1.));
#2852 = ORIENTED_EDGE('',*,*,#2853,.F.);
#2853 = EDGE_CURVE('',#2639,#2845,#2854,.T.);
#2854 = LINE('',#2855,#2856);
#2855 = CARTESIAN_POINT('',(0.5,0.4,0.77));
#2856 = VECTOR('',#2857,1.);
#2857 = DIRECTION('',(1.,0.,0.));
#2858 = CYLINDRICAL_SURFACE('',#2859,3.E-02);
#2859 = AXIS2_PLACEMENT_3D('',#2860,#2861,#2862);
#2860 = CARTESIAN_POINT('',(0.5,0.37,0.77));
#2861 = DIRECTION('',(1.,0.,0.));
#2862 = DIRECTION('',(-0.,1.,0.));
#2863 = ADVANCED_FACE('',(#2864),#2875,.T.);
#2864 = FACE_BOUND('',#2865,.T.);
#2865 = EDGE_LOOP('',(#2866,#2872,#2873,#2874));
#2866 = ORIENTED_EDGE('',*,*,#2867,.F.);
#2867 = EDGE_CURVE('',#2818,#2845,#2868,.T.);
#2868 = LINE('',#2869,#2870);
#2869 = CARTESIAN_POINT('',(0.8,0.4,0.));
#2870 = VECTOR('',#2871,1.);
#2871 = DIRECTION('',(0.,0.,1.));
#2872 = ORIENTED_EDGE('',*,*,#2817,.F.);
#2873 = ORIENTED_EDGE('',*,*,#2638,.T.);
#2874 = ORIENTED_EDGE('',*,*,#2853,.T.);
#2875 = PLANE('',#2876);
#2876 = AXIS2_PLACEMENT_3D('',#2877,#2878,#2879);
#2877 = CARTESIAN_POINT('',(0.5,0.4,0.));
#2878 = DIRECTION('',(0.,1.,0.));
#2879 = DIRECTION('',(0.,-0.,1.));
#2880 = ADVANCED_FACE('',(#2881),#2891,.T.);
#2881 = FACE_BOUND('',#2882,.T.);
#2882 = EDGE_LOOP('',(#2883,#2884,#2885,#2886,#2887,#2888,#2889,#2890));
#2883 = ORIENTED_EDGE('',*,*,#2688,.F.);
#2884 = ORIENTED_EDGE('',*,*,#2728,.T.);
#2885 = ORIENTED_EDGE('',*,*,#2771,.T.);
#2886 = ORIENTED_EDGE('',*,*,#2825,.F.);
#2887 = ORIENTED_EDGE('',*,*,#2867,.T.);
#2888 = ORIENTED_EDGE('',*,*,#2844,.T.);
#2889 = ORIENTED_EDGE('',*,*,#2795,.F.);
#2890 = ORIENTED_EDGE('',*,*,#2745,.F.);
#2891 = PLANE('',#2892);
#2892 = AXIS2_PLACEMENT_3D('',#2893,#2894,#2895);
#2893 = CARTESIAN_POINT('',(0.8,-0.4,0.));
#2894 = DIRECTION('',(1.,0.,0.));
#2895 = DIRECTION('',(0.,0.,1.));
#2896 = ( GEOMETRIC_REPRESENTATION_CONTEXT(3) 
GLOBAL_UNCERTAINTY_ASSIGNED_CONTEXT((#2900)) 
GLOBAL_UNIT_ASSIGNED_CONTEXT((#2897,#2898,#2899)) REPRESENTATION_CONTEXT
('Context #1','3D Context with UNIT and UNCERTAINTY') );
#2897 = ( LENGTH_UNIT() NAMED_UNIT(*) SI_UNIT(.MILLI.,.METRE.) );
#2898 = ( NAMED_UNIT(*) PLANE_ANGLE_UNIT() SI_UNIT($,.RADIAN.) );
#2899 = ( NAMED_UNIT(*) SI_UNIT($,.STERADIAN.) SOLID_ANGLE_UNIT() );
#2900 = UNCERTAINTY_MEASURE_WITH_UNIT(LENGTH_MEASURE(1.E-07),#2897,
  'distance_accuracy_value','confusion accuracy');
#2901 = CONTEXT_DEPENDENT_SHAPE_REPRESENTATION(#2902,#2904);
#2902 = ( REPRESENTATION_RELATIONSHIP('','',#2041,#10) 
REPRESENTATION_RELATIONSHIP_WITH_TRANSFORMATION(#2903) 
SHAPE_REPRESENTATION_RELATIONSHIP() );
#2903 = ITEM_DEFINED_TRANSFORMATION('','',#11,#19);
#2904 = PRODUCT_DEFINITION_SHAPE('Placement','Placement of an item',
  #2905);
#2905 = NEXT_ASSEMBLY_USAGE_OCCURRENCE('2','C1','',#5,#2036,$);
#2906 = PRODUCT_RELATED_PRODUCT_CATEGORY('part',$,(#2038));
#2907 = SHAPE_DEFINITION_REPRESENTATION(#2908,#2914);
#2908 = PRODUCT_DEFINITION_SHAPE('','',#2909);
#2909 = PRODUCT_DEFINITION('design','',#2910,#2913);
#2910 = PRODUCT_DEFINITION_FORMATION('','',#2911);
#2911 = PRODUCT('magnetic-limit-switch_PCB','magnetic-limit-switch_PCB',
  '',(#2912));
#2912 = PRODUCT_CONTEXT('',#2,'mechanical');
#2913 = PRODUCT_DEFINITION_CONTEXT('part definition',#2,'design');
#2914 = ADVANCED_BREP_SHAPE_REPRESENTATION('',(#11,#2915),#3182);
#2915 = MANIFOLD_SOLID_BREP('',#2916);
#2916 = CLOSED_SHELL('',(#2917,#2957,#2988,#3019,#3041,#3074,#3107,#3140
    ,#3161));
#2917 = ADVANCED_FACE('',(#2918),#2952,.T.);
#2918 = FACE_BOUND('',#2919,.T.);
#2919 = EDGE_LOOP('',(#2920,#2930,#2938,#2946));
#2920 = ORIENTED_EDGE('',*,*,#2921,.T.);
#2921 = EDGE_CURVE('',#2922,#2924,#2926,.T.);
#2922 = VERTEX_POINT('',#2923);
#2923 = CARTESIAN_POINT('',(48.,-47.,0.));
#2924 = VERTEX_POINT('',#2925);
#2925 = CARTESIAN_POINT('',(48.,-47.,1.48));
#2926 = LINE('',#2927,#2928);
#2927 = CARTESIAN_POINT('',(48.,-47.,0.));
#2928 = VECTOR('',#2929,1.);
#2929 = DIRECTION('',(0.,0.,1.));
#2930 = ORIENTED_EDGE('',*,*,#2931,.T.);
#2931 = EDGE_CURVE('',#2924,#2932,#2934,.T.);
#2932 = VERTEX_POINT('',#2933);
#2933 = CARTESIAN_POINT('',(32.,-47.,1.48));
#2934 = LINE('',#2935,#2936);
#2935 = CARTESIAN_POINT('',(48.,-47.,1.48));
#2936 = VECTOR('',#2937,1.);
#2937 = DIRECTION('',(-1.,0.,0.));
#2938 = ORIENTED_EDGE('',*,*,#2939,.F.);
#2939 = EDGE_CURVE('',#2940,#2932,#2942,.T.);
#2940 = VERTEX_POINT('',#2941);
#2941 = CARTESIAN_POINT('',(32.,-47.,0.));
#2942 = LINE('',#2943,#2944);
#2943 = CARTESIAN_POINT('',(32.,-47.,0.));
#2944 = VECTOR('',#2945,1.);
#2945 = DIRECTION('',(0.,0.,1.));
#2946 = ORIENTED_EDGE('',*,*,#2947,.F.);
#2947 = EDGE_CURVE('',#2922,#2940,#2948,.T.);
#2948 = LINE('',#2949,#2950);
#2949 = CARTESIAN_POINT('',(48.,-47.,0.));
#2950 = VECTOR('',#2951,1.);
#2951 = DIRECTION('',(-1.,0.,0.));
#2952 = PLANE('',#2953);
#2953 = AXIS2_PLACEMENT_3D('',#2954,#2955,#2956);
#2954 = CARTESIAN_POINT('',(48.,-47.,0.));
#2955 = DIRECTION('',(0.,-1.,0.));
#2956 = DIRECTION('',(-1.,0.,0.));
#2957 = ADVANCED_FACE('',(#2958),#2983,.T.);
#2958 = FACE_BOUND('',#2959,.T.);
#2959 = EDGE_LOOP('',(#2960,#2961,#2969,#2977));
#2960 = ORIENTED_EDGE('',*,*,#2939,.T.);
#2961 = ORIENTED_EDGE('',*,*,#2962,.T.);
#2962 = EDGE_CURVE('',#2932,#2963,#2965,.T.);
#2963 = VERTEX_POINT('',#2964);
#2964 = CARTESIAN_POINT('',(32.,-27.,1.48));
#2965 = LINE('',#2966,#2967);
#2966 = CARTESIAN_POINT('',(32.,-47.,1.48));
#2967 = VECTOR('',#2968,1.);
#2968 = DIRECTION('',(0.,1.,0.));
#2969 = ORIENTED_EDGE('',*,*,#2970,.F.);
#2970 = EDGE_CURVE('',#2971,#2963,#2973,.T.);
#2971 = VERTEX_POINT('',#2972);
#2972 = CARTESIAN_POINT('',(32.,-27.,0.));
#2973 = LINE('',#2974,#2975);
#2974 = CARTESIAN_POINT('',(32.,-27.,0.));
#2975 = VECTOR('',#2976,1.);
#2976 = DIRECTION('',(0.,0.,1.));
#2977 = ORIENTED_EDGE('',*,*,#2978,.F.);
#2978 = EDGE_CURVE('',#2940,#2971,#2979,.T.);
#2979 = LINE('',#2980,#2981);
#2980 = CARTESIAN_POINT('',(32.,-47.,0.));
#2981 = VECTOR('',#2982,1.);
#2982 = DIRECTION('',(0.,1.,0.));
#2983 = PLANE('',#2984);
#2984 = AXIS2_PLACEMENT_3D('',#2985,#2986,#2987);
#2985 = CARTESIAN_POINT('',(32.,-47.,0.));
#2986 = DIRECTION('',(-1.,0.,0.));
#2987 = DIRECTION('',(0.,1.,0.));
#2988 = ADVANCED_FACE('',(#2989),#3014,.T.);
#2989 = FACE_BOUND('',#2990,.T.);
#2990 = EDGE_LOOP('',(#2991,#2992,#3000,#3008));
#2991 = ORIENTED_EDGE('',*,*,#2970,.T.);
#2992 = ORIENTED_EDGE('',*,*,#2993,.T.);
#2993 = EDGE_CURVE('',#2963,#2994,#2996,.T.);
#2994 = VERTEX_POINT('',#2995);
#2995 = CARTESIAN_POINT('',(48.,-27.,1.48));
#2996 = LINE('',#2997,#2998);
#2997 = CARTESIAN_POINT('',(32.,-27.,1.48));
#2998 = VECTOR('',#2999,1.);
#2999 = DIRECTION('',(1.,0.,0.));
#3000 = ORIENTED_EDGE('',*,*,#3001,.F.);
#3001 = EDGE_CURVE('',#3002,#2994,#3004,.T.);
#3002 = VERTEX_POINT('',#3003);
#3003 = CARTESIAN_POINT('',(48.,-27.,0.));
#3004 = LINE('',#3005,#3006);
#3005 = CARTESIAN_POINT('',(48.,-27.,0.));
#3006 = VECTOR('',#3007,1.);
#3007 = DIRECTION('',(0.,0.,1.));
#3008 = ORIENTED_EDGE('',*,*,#3009,.F.);
#3009 = EDGE_CURVE('',#2971,#3002,#3010,.T.);
#3010 = LINE('',#3011,#3012);
#3011 = CARTESIAN_POINT('',(32.,-27.,0.));
#3012 = VECTOR('',#3013,1.);
#3013 = DIRECTION('',(1.,0.,0.));
#3014 = PLANE('',#3015);
#3015 = AXIS2_PLACEMENT_3D('',#3016,#3017,#3018);
#3016 = CARTESIAN_POINT('',(32.,-27.,0.));
#3017 = DIRECTION('',(0.,1.,0.));
#3018 = DIRECTION('',(1.,0.,0.));
#3019 = ADVANCED_FACE('',(#3020),#3036,.T.);
#3020 = FACE_BOUND('',#3021,.T.);
#3021 = EDGE_LOOP('',(#3022,#3023,#3029,#3030));
#3022 = ORIENTED_EDGE('',*,*,#3001,.T.);
#3023 = ORIENTED_EDGE('',*,*,#3024,.T.);
#3024 = EDGE_CURVE('',#2994,#2924,#3025,.T.);
#3025 = LINE('',#3026,#3027);
#3026 = CARTESIAN_POINT('',(48.,-27.,1.48));
#3027 = VECTOR('',#3028,1.);
#3028 = DIRECTION('',(0.,-1.,0.));
#3029 = ORIENTED_EDGE('',*,*,#2921,.F.);
#3030 = ORIENTED_EDGE('',*,*,#3031,.F.);
#3031 = EDGE_CURVE('',#3002,#2922,#3032,.T.);
#3032 = LINE('',#3033,#3034);
#3033 = CARTESIAN_POINT('',(48.,-27.,0.));
#3034 = VECTOR('',#3035,1.);
#3035 = DIRECTION('',(0.,-1.,0.));
#3036 = PLANE('',#3037);
#3037 = AXIS2_PLACEMENT_3D('',#3038,#3039,#3040);
#3038 = CARTESIAN_POINT('',(48.,-27.,0.));
#3039 = DIRECTION('',(1.,0.,-0.));
#3040 = DIRECTION('',(0.,-1.,0.));
#3041 = ADVANCED_FACE('',(#3042),#3069,.F.);
#3042 = FACE_BOUND('',#3043,.T.);
#3043 = EDGE_LOOP('',(#3044,#3054,#3061,#3062));
#3044 = ORIENTED_EDGE('',*,*,#3045,.T.);
#3045 = EDGE_CURVE('',#3046,#3048,#3050,.T.);
#3046 = VERTEX_POINT('',#3047);
#3047 = CARTESIAN_POINT('',(38.,-44.,0.));
#3048 = VERTEX_POINT('',#3049);
#3049 = CARTESIAN_POINT('',(38.,-44.,1.48));
#3050 = LINE('',#3051,#3052);
#3051 = CARTESIAN_POINT('',(38.,-44.,0.));
#3052 = VECTOR('',#3053,1.);
#3053 = DIRECTION('',(0.,0.,1.));
#3054 = ORIENTED_EDGE('',*,*,#3055,.T.);
#3055 = EDGE_CURVE('',#3048,#3048,#3056,.T.);
#3056 = CIRCLE('',#3057,1.);
#3057 = AXIS2_PLACEMENT_3D('',#3058,#3059,#3060);
#3058 = CARTESIAN_POINT('',(37.,-44.,1.48));
#3059 = DIRECTION('',(0.,0.,1.));
#3060 = DIRECTION('',(1.,0.,-0.));
#3061 = ORIENTED_EDGE('',*,*,#3045,.F.);
#3062 = ORIENTED_EDGE('',*,*,#3063,.F.);
#3063 = EDGE_CURVE('',#3046,#3046,#3064,.T.);
#3064 = CIRCLE('',#3065,1.);
#3065 = AXIS2_PLACEMENT_3D('',#3066,#3067,#3068);
#3066 = CARTESIAN_POINT('',(37.,-44.,0.));
#3067 = DIRECTION('',(0.,0.,1.));
#3068 = DIRECTION('',(1.,0.,-0.));
#3069 = CYLINDRICAL_SURFACE('',#3070,1.);
#3070 = AXIS2_PLACEMENT_3D('',#3071,#3072,#3073);
#3071 = CARTESIAN_POINT('',(37.,-44.,0.));
#3072 = DIRECTION('',(-0.,-0.,-1.));
#3073 = DIRECTION('',(1.,0.,-0.));
#3074 = ADVANCED_FACE('',(#3075),#3102,.F.);
#3075 = FACE_BOUND('',#3076,.T.);
#3076 = EDGE_LOOP('',(#3077,#3087,#3094,#3095));
#3077 = ORIENTED_EDGE('',*,*,#3078,.T.);
#3078 = EDGE_CURVE('',#3079,#3081,#3083,.T.);
#3079 = VERTEX_POINT('',#3080);
#3080 = CARTESIAN_POINT('',(41.,-44.,0.));
#3081 = VERTEX_POINT('',#3082);
#3082 = CARTESIAN_POINT('',(41.,-44.,1.48));
#3083 = LINE('',#3084,#3085);
#3084 = CARTESIAN_POINT('',(41.,-44.,0.));
#3085 = VECTOR('',#3086,1.);
#3086 = DIRECTION('',(0.,0.,1.));
#3087 = ORIENTED_EDGE('',*,*,#3088,.T.);
#3088 = EDGE_CURVE('',#3081,#3081,#3089,.T.);
#3089 = CIRCLE('',#3090,1.);
#3090 = AXIS2_PLACEMENT_3D('',#3091,#3092,#3093);
#3091 = CARTESIAN_POINT('',(40.,-44.,1.48));
#3092 = DIRECTION('',(0.,0.,1.));
#3093 = DIRECTION('',(1.,0.,-0.));
#3094 = ORIENTED_EDGE('',*,*,#3078,.F.);
#3095 = ORIENTED_EDGE('',*,*,#3096,.F.);
#3096 = EDGE_CURVE('',#3079,#3079,#3097,.T.);
#3097 = CIRCLE('',#3098,1.);
#3098 = AXIS2_PLACEMENT_3D('',#3099,#3100,#3101);
#3099 = CARTESIAN_POINT('',(40.,-44.,0.));
#3100 = DIRECTION('',(0.,0.,1.));
#3101 = DIRECTION('',(1.,0.,-0.));
#3102 = CYLINDRICAL_SURFACE('',#3103,1.);
#3103 = AXIS2_PLACEMENT_3D('',#3104,#3105,#3106);
#3104 = CARTESIAN_POINT('',(40.,-44.,0.));
#3105 = DIRECTION('',(-0.,-0.,-1.));
#3106 = DIRECTION('',(1.,0.,-0.));
#3107 = ADVANCED_FACE('',(#3108),#3135,.F.);
#3108 = FACE_BOUND('',#3109,.T.);
#3109 = EDGE_LOOP('',(#3110,#3120,#3127,#3128));
#3110 = ORIENTED_EDGE('',*,*,#3111,.T.);
#3111 = EDGE_CURVE('',#3112,#3114,#3116,.T.);
#3112 = VERTEX_POINT('',#3113);
#3113 = CARTESIAN_POINT('',(44.,-44.,0.));
#3114 = VERTEX_POINT('',#3115);
#3115 = CARTESIAN_POINT('',(44.,-44.,1.48));
#3116 = LINE('',#3117,#3118);
#3117 = CARTESIAN_POINT('',(44.,-44.,0.));
#3118 = VECTOR('',#3119,1.);
#3119 = DIRECTION('',(0.,0.,1.));
#3120 = ORIENTED_EDGE('',*,*,#3121,.T.);
#3121 = EDGE_CURVE('',#3114,#3114,#3122,.T.);
#3122 = CIRCLE('',#3123,1.);
#3123 = AXIS2_PLACEMENT_3D('',#3124,#3125,#3126);
#3124 = CARTESIAN_POINT('',(43.,-44.,1.48));
#3125 = DIRECTION('',(0.,0.,1.));
#3126 = DIRECTION('',(1.,0.,-0.));
#3127 = ORIENTED_EDGE('',*,*,#3111,.F.);
#3128 = ORIENTED_EDGE('',*,*,#3129,.F.);
#3129 = EDGE_CURVE('',#3112,#3112,#3130,.T.);
#3130 = CIRCLE('',#3131,1.);
#3131 = AXIS2_PLACEMENT_3D('',#3132,#3133,#3134);
#3132 = CARTESIAN_POINT('',(43.,-44.,0.));
#3133 = DIRECTION('',(0.,0.,1.));
#3134 = DIRECTION('',(1.,0.,-0.));
#3135 = CYLINDRICAL_SURFACE('',#3136,1.);
#3136 = AXIS2_PLACEMENT_3D('',#3137,#3138,#3139);
#3137 = CARTESIAN_POINT('',(43.,-44.,0.));
#3138 = DIRECTION('',(-0.,-0.,-1.));
#3139 = DIRECTION('',(1.,0.,-0.));
#3140 = ADVANCED_FACE('',(#3141,#3147,#3150,#3153),#3156,.F.);
#3141 = FACE_BOUND('',#3142,.T.);
#3142 = EDGE_LOOP('',(#3143,#3144,#3145,#3146));
#3143 = ORIENTED_EDGE('',*,*,#2947,.T.);
#3144 = ORIENTED_EDGE('',*,*,#2978,.T.);
#3145 = ORIENTED_EDGE('',*,*,#3009,.T.);
#3146 = ORIENTED_EDGE('',*,*,#3031,.T.);
#3147 = FACE_BOUND('',#3148,.T.);
#3148 = EDGE_LOOP('',(#3149));
#3149 = ORIENTED_EDGE('',*,*,#3063,.T.);
#3150 = FACE_BOUND('',#3151,.T.);
#3151 = EDGE_LOOP('',(#3152));
#3152 = ORIENTED_EDGE('',*,*,#3096,.T.);
#3153 = FACE_BOUND('',#3154,.T.);
#3154 = EDGE_LOOP('',(#3155));
#3155 = ORIENTED_EDGE('',*,*,#3129,.T.);
#3156 = PLANE('',#3157);
#3157 = AXIS2_PLACEMENT_3D('',#3158,#3159,#3160);
#3158 = CARTESIAN_POINT('',(0.,0.,0.));
#3159 = DIRECTION('',(0.,0.,1.));
#3160 = DIRECTION('',(1.,0.,-0.));
#3161 = ADVANCED_FACE('',(#3162,#3168,#3171,#3174),#3177,.T.);
#3162 = FACE_BOUND('',#3163,.F.);
#3163 = EDGE_LOOP('',(#3164,#3165,#3166,#3167));
#3164 = ORIENTED_EDGE('',*,*,#2931,.T.);
#3165 = ORIENTED_EDGE('',*,*,#2962,.T.);
#3166 = ORIENTED_EDGE('',*,*,#2993,.T.);
#3167 = ORIENTED_EDGE('',*,*,#3024,.T.);
#3168 = FACE_BOUND('',#3169,.F.);
#3169 = EDGE_LOOP('',(#3170));
#3170 = ORIENTED_EDGE('',*,*,#3055,.T.);
#3171 = FACE_BOUND('',#3172,.F.);
#3172 = EDGE_LOOP('',(#3173));
#3173 = ORIENTED_EDGE('',*,*,#3088,.T.);
#3174 = FACE_BOUND('',#3175,.F.);
#3175 = EDGE_LOOP('',(#3176));
#3176 = ORIENTED_EDGE('',*,*,#3121,.T.);
#3177 = PLANE('',#3178);
#3178 = AXIS2_PLACEMENT_3D('',#3179,#3180,#3181);
#3179 = CARTESIAN_POINT('',(0.,0.,1.48));
#3180 = DIRECTION('',(0.,0.,1.));
#3181 = DIRECTION('',(1.,0.,-0.));
#3182 = ( GEOMETRIC_REPRESENTATION_CONTEXT(3) 
GLOBAL_UNCERTAINTY_ASSIGNED_CONTEXT((#3186)) 
GLOBAL_UNIT_ASSIGNED_CONTEXT((#3183,#3184,#3185)) REPRESENTATION_CONTEXT
('Context #1','3D Context with UNIT and UNCERTAINTY') );
#3183 = ( LENGTH_UNIT() NAMED_UNIT(*) SI_UNIT(.MILLI.,.METRE.) );
#3184 = ( NAMED_UNIT(*) PLANE_ANGLE_UNIT() SI_UNIT($,.RADIAN.) );
#3185 = ( NAMED_UNIT(*) SI_UNIT($,.STERADIAN.) SOLID_ANGLE_UNIT() );
#3186 = UNCERTAINTY_MEASURE_WITH_UNIT(LENGTH_MEASURE(1.E-07),#3183,
  'distance_accuracy_value','confusion accuracy');
#3187 = CONTEXT_DEPENDENT_SHAPE_REPRESENTATION(#3188,#3190);
#3188 = ( REPRESENTATION_RELATIONSHIP('','',#2914,#10) 
REPRESENTATION_RELATIONSHIP_WITH_TRANSFORMATION(#3189) 
SHAPE_REPRESENTATION_RELATIONSHIP() );
#3189 = ITEM_DEFINED_TRANSFORMATION('','',#11,#23);
#3190 = PRODUCT_DEFINITION_SHAPE('Placement','Placement of an item',
  #3191);
#3191 = NEXT_ASSEMBLY_USAGE_OCCURRENCE('3','=>[0:1:1:4]','',#5,#2909,$);
#3192 = PRODUCT_RELATED_PRODUCT_CATEGORY('part',$,(#2911));
#3193 = MECHANICAL_DESIGN_GEOMETRIC_PRESENTATION_REPRESENTATION('',(
    #3194),#3182);
#3194 = STYLED_ITEM('color',(#3195),#2915);
#3195 = PRESENTATION_STYLE_ASSIGNMENT((#3196));
#3196 = SURFACE_STYLE_USAGE(.BOTH.,#3197);
#3197 = SURFACE_SIDE_STYLE('',(#3198));
#3198 = SURFACE_STYLE_FILL_AREA(#3199);
#3199 = FILL_AREA_STYLE('',(#3200));
#3200 = FILL_AREA_STYLE_COLOUR('',#3201);
#3201 = COLOUR_RGB('',0.204454873135,0.204454873135,0.204454873135);
#3202 = MECHANICAL_DESIGN_GEOMETRIC_PRESENTATION_REPRESENTATION('',(
    #3203,#3213,#3222,#3231,#3240,#3249,#3258,#3267,#3276,#3285,#3294,
    #3303,#3312,#3321,#3330,#3340,#3349,#3358,#3367,#3376,#3385,#3394,
    #3403,#3412,#3421,#3430,#3439,#3448,#3457,#3466,#3475,#3484,#3493,
    #3502,#3511,#3520,#3529,#3538,#3547,#3556,#3565,#3574,#3583,#3592,
    #3601,#3610,#3619,#3628,#3637,#3646,#3655,#3664,#3673,#3682,#3691,
    #3700,#3709,#3718,#3727,#3736,#3745,#3754,#3763,#3772,#3781,#3790,
    #3799,#3808,#3817),#2023);
#3203 = STYLED_ITEM('color',(#3204),#43);
#3204 = PRESENTATION_STYLE_ASSIGNMENT((#3205,#3211));
#3205 = SURFACE_STYLE_USAGE(.BOTH.,#3206);
#3206 = SURFACE_SIDE_STYLE('',(#3207));
#3207 = SURFACE_STYLE_FILL_AREA(#3208);
#3208 = FILL_AREA_STYLE('',(#3209));
#3209 = FILL_AREA_STYLE_COLOUR('',#3210);
#3210 = COLOUR_RGB('',0.147999998088,0.145000001626,0.145000001626);
#3211 = CURVE_STYLE('',#3212,POSITIVE_LENGTH_MEASURE(0.1),#3210);
#3212 = DRAUGHTING_PRE_DEFINED_CURVE_FONT('continuous');
#3213 = STYLED_ITEM('color',(#3214),#81);
#3214 = PRESENTATION_STYLE_ASSIGNMENT((#3215,#3220));
#3215 = SURFACE_STYLE_USAGE(.BOTH.,#3216);
#3216 = SURFACE_SIDE_STYLE('',(#3217));
#3217 = SURFACE_STYLE_FILL_AREA(#3218);
#3218 = FILL_AREA_STYLE('',(#3219));
#3219 = FILL_AREA_STYLE_COLOUR('',#3210);
#3220 = CURVE_STYLE('',#3221,POSITIVE_LENGTH_MEASURE(0.1),#3210);
#3221 = DRAUGHTING_PRE_DEFINED_CURVE_FONT('continuous');
#3222 = STYLED_ITEM('color',(#3223),#144);
#3223 = PRESENTATION_STYLE_ASSIGNMENT((#3224,#3229));
#3224 = SURFACE_STYLE_USAGE(.BOTH.,#3225);
#3225 = SURFACE_SIDE_STYLE('',(#3226));
#3226 = SURFACE_STYLE_FILL_AREA(#3227);
#3227 = FILL_AREA_STYLE('',(#3228));
#3228 = FILL_AREA_STYLE_COLOUR('',#3210);
#3229 = CURVE_STYLE('',#3230,POSITIVE_LENGTH_MEASURE(0.1),#3210);
#3230 = DRAUGHTING_PRE_DEFINED_CURVE_FONT('continuous');
#3231 = STYLED_ITEM('color',(#3232),#167);
#3232 = PRESENTATION_STYLE_ASSIGNMENT((#3233,#3238));
#3233 = SURFACE_STYLE_USAGE(.BOTH.,#3234);
#3234 = SURFACE_SIDE_STYLE('',(#3235));
#3235 = SURFACE_STYLE_FILL_AREA(#3236);
#3236 = FILL_AREA_STYLE('',(#3237));
#3237 = FILL_AREA_STYLE_COLOUR('',#3210);
#3238 = CURVE_STYLE('',#3239,POSITIVE_LENGTH_MEASURE(0.1),#3210);
#3239 = DRAUGHTING_PRE_DEFINED_CURVE_FONT('continuous');
#3240 = STYLED_ITEM('color',(#3241),#196);
#3241 = PRESENTATION_STYLE_ASSIGNMENT((#3242,#3247));
#3242 = SURFACE_STYLE_USAGE(.BOTH.,#3243);
#3243 = SURFACE_SIDE_STYLE('',(#3244));
#3244 = SURFACE_STYLE_FILL_AREA(#3245);
#3245 = FILL_AREA_STYLE('',(#3246));
#3246 = FILL_AREA_STYLE_COLOUR('',#3210);
#3247 = CURVE_STYLE('',#3248,POSITIVE_LENGTH_MEASURE(0.1),#3210);
#3248 = DRAUGHTING_PRE_DEFINED_CURVE_FONT('continuous');
#3249 = STYLED_ITEM('color',(#3250),#219);
#3250 = PRESENTATION_STYLE_ASSIGNMENT((#3251,#3256));
#3251 = SURFACE_STYLE_USAGE(.BOTH.,#3252);
#3252 = SURFACE_SIDE_STYLE('',(#3253));
#3253 = SURFACE_STYLE_FILL_AREA(#3254);
#3254 = FILL_AREA_STYLE('',(#3255));
#3255 = FILL_AREA_STYLE_COLOUR('',#3210);
#3256 = CURVE_STYLE('',#3257,POSITIVE_LENGTH_MEASURE(0.1),#3210);
#3257 = DRAUGHTING_PRE_DEFINED_CURVE_FONT('continuous');
#3258 = STYLED_ITEM('color',(#3259),#274);
#3259 = PRESENTATION_STYLE_ASSIGNMENT((#3260,#3265));
#3260 = SURFACE_STYLE_USAGE(.BOTH.,#3261);
#3261 = SURFACE_SIDE_STYLE('',(#3262));
#3262 = SURFACE_STYLE_FILL_AREA(#3263);
#3263 = FILL_AREA_STYLE('',(#3264));
#3264 = FILL_AREA_STYLE_COLOUR('',#3210);
#3265 = CURVE_STYLE('',#3266,POSITIVE_LENGTH_MEASURE(0.1),#3210);
#3266 = DRAUGHTING_PRE_DEFINED_CURVE_FONT('continuous');
#3267 = STYLED_ITEM('color',(#3268),#313);
#3268 = PRESENTATION_STYLE_ASSIGNMENT((#3269,#3274));
#3269 = SURFACE_STYLE_USAGE(.BOTH.,#3270);
#3270 = SURFACE_SIDE_STYLE('',(#3271));
#3271 = SURFACE_STYLE_FILL_AREA(#3272);
#3272 = FILL_AREA_STYLE('',(#3273));
#3273 = FILL_AREA_STYLE_COLOUR('',#3210);
#3274 = CURVE_STYLE('',#3275,POSITIVE_LENGTH_MEASURE(0.1),#3210);
#3275 = DRAUGHTING_PRE_DEFINED_CURVE_FONT('continuous');
#3276 = STYLED_ITEM('color',(#3277),#336);
#3277 = PRESENTATION_STYLE_ASSIGNMENT((#3278,#3283));
#3278 = SURFACE_STYLE_USAGE(.BOTH.,#3279);
#3279 = SURFACE_SIDE_STYLE('',(#3280));
#3280 = SURFACE_STYLE_FILL_AREA(#3281);
#3281 = FILL_AREA_STYLE('',(#3282));
#3282 = FILL_AREA_STYLE_COLOUR('',#3210);
#3283 = CURVE_STYLE('',#3284,POSITIVE_LENGTH_MEASURE(0.1),#3210);
#3284 = DRAUGHTING_PRE_DEFINED_CURVE_FONT('continuous');
#3285 = STYLED_ITEM('color',(#3286),#359);
#3286 = PRESENTATION_STYLE_ASSIGNMENT((#3287,#3292));
#3287 = SURFACE_STYLE_USAGE(.BOTH.,#3288);
#3288 = SURFACE_SIDE_STYLE('',(#3289));
#3289 = SURFACE_STYLE_FILL_AREA(#3290);
#3290 = FILL_AREA_STYLE('',(#3291));
#3291 = FILL_AREA_STYLE_COLOUR('',#3210);
#3292 = CURVE_STYLE('',#3293,POSITIVE_LENGTH_MEASURE(0.1),#3210);
#3293 = DRAUGHTING_PRE_DEFINED_CURVE_FONT('continuous');
#3294 = STYLED_ITEM('color',(#3295),#376);
#3295 = PRESENTATION_STYLE_ASSIGNMENT((#3296,#3301));
#3296 = SURFACE_STYLE_USAGE(.BOTH.,#3297);
#3297 = SURFACE_SIDE_STYLE('',(#3298));
#3298 = SURFACE_STYLE_FILL_AREA(#3299);
#3299 = FILL_AREA_STYLE('',(#3300));
#3300 = FILL_AREA_STYLE_COLOUR('',#3210);
#3301 = CURVE_STYLE('',#3302,POSITIVE_LENGTH_MEASURE(0.1),#3210);
#3302 = DRAUGHTING_PRE_DEFINED_CURVE_FONT('continuous');
#3303 = STYLED_ITEM('color',(#3304),#399);
#3304 = PRESENTATION_STYLE_ASSIGNMENT((#3305,#3310));
#3305 = SURFACE_STYLE_USAGE(.BOTH.,#3306);
#3306 = SURFACE_SIDE_STYLE('',(#3307));
#3307 = SURFACE_STYLE_FILL_AREA(#3308);
#3308 = FILL_AREA_STYLE('',(#3309));
#3309 = FILL_AREA_STYLE_COLOUR('',#3210);
#3310 = CURVE_STYLE('',#3311,POSITIVE_LENGTH_MEASURE(0.1),#3210);
#3311 = DRAUGHTING_PRE_DEFINED_CURVE_FONT('continuous');
#3312 = STYLED_ITEM('color',(#3313),#487);
#3313 = PRESENTATION_STYLE_ASSIGNMENT((#3314,#3319));
#3314 = SURFACE_STYLE_USAGE(.BOTH.,#3315);
#3315 = SURFACE_SIDE_STYLE('',(#3316));
#3316 = SURFACE_STYLE_FILL_AREA(#3317);
#3317 = FILL_AREA_STYLE('',(#3318));
#3318 = FILL_AREA_STYLE_COLOUR('',#3210);
#3319 = CURVE_STYLE('',#3320,POSITIVE_LENGTH_MEASURE(0.1),#3210);
#3320 = DRAUGHTING_PRE_DEFINED_CURVE_FONT('continuous');
#3321 = STYLED_ITEM('color',(#3322),#503);
#3322 = PRESENTATION_STYLE_ASSIGNMENT((#3323,#3328));
#3323 = SURFACE_STYLE_USAGE(.BOTH.,#3324);
#3324 = SURFACE_SIDE_STYLE('',(#3325));
#3325 = SURFACE_STYLE_FILL_AREA(#3326);
#3326 = FILL_AREA_STYLE('',(#3327));
#3327 = FILL_AREA_STYLE_COLOUR('',#3210);
#3328 = CURVE_STYLE('',#3329,POSITIVE_LENGTH_MEASURE(0.1),#3210);
#3329 = DRAUGHTING_PRE_DEFINED_CURVE_FONT('continuous');
#3330 = STYLED_ITEM('color',(#3331),#533);
#3331 = PRESENTATION_STYLE_ASSIGNMENT((#3332,#3338));
#3332 = SURFACE_STYLE_USAGE(.BOTH.,#3333);
#3333 = SURFACE_SIDE_STYLE('',(#3334));
#3334 = SURFACE_STYLE_FILL_AREA(#3335);
#3335 = FILL_AREA_STYLE('',(#3336));
#3336 = FILL_AREA_STYLE_COLOUR('',#3337);
#3337 = COLOUR_RGB('',0.823999987314,0.819999987296,0.781000009244);
#3338 = CURVE_STYLE('',#3339,POSITIVE_LENGTH_MEASURE(0.1),#3337);
#3339 = DRAUGHTING_PRE_DEFINED_CURVE_FONT('continuous');
#3340 = STYLED_ITEM('color',(#3341),#566);
#3341 = PRESENTATION_STYLE_ASSIGNMENT((#3342,#3347));
#3342 = SURFACE_STYLE_USAGE(.BOTH.,#3343);
#3343 = SURFACE_SIDE_STYLE('',(#3344));
#3344 = SURFACE_STYLE_FILL_AREA(#3345);
#3345 = FILL_AREA_STYLE('',(#3346));
#3346 = FILL_AREA_STYLE_COLOUR('',#3210);
#3347 = CURVE_STYLE('',#3348,POSITIVE_LENGTH_MEASURE(0.1),#3210);
#3348 = DRAUGHTING_PRE_DEFINED_CURVE_FONT('continuous');
#3349 = STYLED_ITEM('color',(#3350),#597);
#3350 = PRESENTATION_STYLE_ASSIGNMENT((#3351,#3356));
#3351 = SURFACE_STYLE_USAGE(.BOTH.,#3352);
#3352 = SURFACE_SIDE_STYLE('',(#3353));
#3353 = SURFACE_STYLE_FILL_AREA(#3354);
#3354 = FILL_AREA_STYLE('',(#3355));
#3355 = FILL_AREA_STYLE_COLOUR('',#3337);
#3356 = CURVE_STYLE('',#3357,POSITIVE_LENGTH_MEASURE(0.1),#3337);
#3357 = DRAUGHTING_PRE_DEFINED_CURVE_FONT('continuous');
#3358 = STYLED_ITEM('color',(#3359),#630);
#3359 = PRESENTATION_STYLE_ASSIGNMENT((#3360,#3365));
#3360 = SURFACE_STYLE_USAGE(.BOTH.,#3361);
#3361 = SURFACE_SIDE_STYLE('',(#3362));
#3362 = SURFACE_STYLE_FILL_AREA(#3363);
#3363 = FILL_AREA_STYLE('',(#3364));
#3364 = FILL_AREA_STYLE_COLOUR('',#3210);
#3365 = CURVE_STYLE('',#3366,POSITIVE_LENGTH_MEASURE(0.1),#3210);
#3366 = DRAUGHTING_PRE_DEFINED_CURVE_FONT('continuous');
#3367 = STYLED_ITEM('color',(#3368),#647);
#3368 = PRESENTATION_STYLE_ASSIGNMENT((#3369,#3374));
#3369 = SURFACE_STYLE_USAGE(.BOTH.,#3370);
#3370 = SURFACE_SIDE_STYLE('',(#3371));
#3371 = SURFACE_STYLE_FILL_AREA(#3372);
#3372 = FILL_AREA_STYLE('',(#3373));
#3373 = FILL_AREA_STYLE_COLOUR('',#3210);
#3374 = CURVE_STYLE('',#3375,POSITIVE_LENGTH_MEASURE(0.1),#3210);
#3375 = DRAUGHTING_PRE_DEFINED_CURVE_FONT('continuous');
#3376 = STYLED_ITEM('color',(#3377),#664);
#3377 = PRESENTATION_STYLE_ASSIGNMENT((#3378,#3383));
#3378 = SURFACE_STYLE_USAGE(.BOTH.,#3379);
#3379 = SURFACE_SIDE_STYLE('',(#3380));
#3380 = SURFACE_STYLE_FILL_AREA(#3381);
#3381 = FILL_AREA_STYLE('',(#3382));
#3382 = FILL_AREA_STYLE_COLOUR('',#3337);
#3383 = CURVE_STYLE('',#3384,POSITIVE_LENGTH_MEASURE(0.1),#3337);
#3384 = DRAUGHTING_PRE_DEFINED_CURVE_FONT('continuous');
#3385 = STYLED_ITEM('color',(#3386),#697);
#3386 = PRESENTATION_STYLE_ASSIGNMENT((#3387,#3392));
#3387 = SURFACE_STYLE_USAGE(.BOTH.,#3388);
#3388 = SURFACE_SIDE_STYLE('',(#3389));
#3389 = SURFACE_STYLE_FILL_AREA(#3390);
#3390 = FILL_AREA_STYLE('',(#3391));
#3391 = FILL_AREA_STYLE_COLOUR('',#3210);
#3392 = CURVE_STYLE('',#3393,POSITIVE_LENGTH_MEASURE(0.1),#3210);
#3393 = DRAUGHTING_PRE_DEFINED_CURVE_FONT('continuous');
#3394 = STYLED_ITEM('color',(#3395),#727);
#3395 = PRESENTATION_STYLE_ASSIGNMENT((#3396,#3401));
#3396 = SURFACE_STYLE_USAGE(.BOTH.,#3397);
#3397 = SURFACE_SIDE_STYLE('',(#3398));
#3398 = SURFACE_STYLE_FILL_AREA(#3399);
#3399 = FILL_AREA_STYLE('',(#3400));
#3400 = FILL_AREA_STYLE_COLOUR('',#3210);
#3401 = CURVE_STYLE('',#3402,POSITIVE_LENGTH_MEASURE(0.1),#3210);
#3402 = DRAUGHTING_PRE_DEFINED_CURVE_FONT('continuous');
#3403 = STYLED_ITEM('color',(#3404),#750);
#3404 = PRESENTATION_STYLE_ASSIGNMENT((#3405,#3410));
#3405 = SURFACE_STYLE_USAGE(.BOTH.,#3406);
#3406 = SURFACE_SIDE_STYLE('',(#3407));
#3407 = SURFACE_STYLE_FILL_AREA(#3408);
#3408 = FILL_AREA_STYLE('',(#3409));
#3409 = FILL_AREA_STYLE_COLOUR('',#3210);
#3410 = CURVE_STYLE('',#3411,POSITIVE_LENGTH_MEASURE(0.1),#3210);
#3411 = DRAUGHTING_PRE_DEFINED_CURVE_FONT('continuous');
#3412 = STYLED_ITEM('color',(#3413),#773);
#3413 = PRESENTATION_STYLE_ASSIGNMENT((#3414,#3419));
#3414 = SURFACE_STYLE_USAGE(.BOTH.,#3415);
#3415 = SURFACE_SIDE_STYLE('',(#3416));
#3416 = SURFACE_STYLE_FILL_AREA(#3417);
#3417 = FILL_AREA_STYLE('',(#3418));
#3418 = FILL_AREA_STYLE_COLOUR('',#3210);
#3419 = CURVE_STYLE('',#3420,POSITIVE_LENGTH_MEASURE(0.1),#3210);
#3420 = DRAUGHTING_PRE_DEFINED_CURVE_FONT('continuous');
#3421 = STYLED_ITEM('color',(#3422),#790);
#3422 = PRESENTATION_STYLE_ASSIGNMENT((#3423,#3428));
#3423 = SURFACE_STYLE_USAGE(.BOTH.,#3424);
#3424 = SURFACE_SIDE_STYLE('',(#3425));
#3425 = SURFACE_STYLE_FILL_AREA(#3426);
#3426 = FILL_AREA_STYLE('',(#3427));
#3427 = FILL_AREA_STYLE_COLOUR('',#3337);
#3428 = CURVE_STYLE('',#3429,POSITIVE_LENGTH_MEASURE(0.1),#3337);
#3429 = DRAUGHTING_PRE_DEFINED_CURVE_FONT('continuous');
#3430 = STYLED_ITEM('color',(#3431),#819);
#3431 = PRESENTATION_STYLE_ASSIGNMENT((#3432,#3437));
#3432 = SURFACE_STYLE_USAGE(.BOTH.,#3433);
#3433 = SURFACE_SIDE_STYLE('',(#3434));
#3434 = SURFACE_STYLE_FILL_AREA(#3435);
#3435 = FILL_AREA_STYLE('',(#3436));
#3436 = FILL_AREA_STYLE_COLOUR('',#3210);
#3437 = CURVE_STYLE('',#3438,POSITIVE_LENGTH_MEASURE(0.1),#3210);
#3438 = DRAUGHTING_PRE_DEFINED_CURVE_FONT('continuous');
#3439 = STYLED_ITEM('color',(#3440),#873);
#3440 = PRESENTATION_STYLE_ASSIGNMENT((#3441,#3446));
#3441 = SURFACE_STYLE_USAGE(.BOTH.,#3442);
#3442 = SURFACE_SIDE_STYLE('',(#3443));
#3443 = SURFACE_STYLE_FILL_AREA(#3444);
#3444 = FILL_AREA_STYLE('',(#3445));
#3445 = FILL_AREA_STYLE_COLOUR('',#3210);
#3446 = CURVE_STYLE('',#3447,POSITIVE_LENGTH_MEASURE(0.1),#3210);
#3447 = DRAUGHTING_PRE_DEFINED_CURVE_FONT('continuous');
#3448 = STYLED_ITEM('color',(#3449),#896);
#3449 = PRESENTATION_STYLE_ASSIGNMENT((#3450,#3455));
#3450 = SURFACE_STYLE_USAGE(.BOTH.,#3451);
#3451 = SURFACE_SIDE_STYLE('',(#3452));
#3452 = SURFACE_STYLE_FILL_AREA(#3453);
#3453 = FILL_AREA_STYLE('',(#3454));
#3454 = FILL_AREA_STYLE_COLOUR('',#3210);
#3455 = CURVE_STYLE('',#3456,POSITIVE_LENGTH_MEASURE(0.1),#3210);
#3456 = DRAUGHTING_PRE_DEFINED_CURVE_FONT('continuous');
#3457 = STYLED_ITEM('color',(#3458),#919);
#3458 = PRESENTATION_STYLE_ASSIGNMENT((#3459,#3464));
#3459 = SURFACE_STYLE_USAGE(.BOTH.,#3460);
#3460 = SURFACE_SIDE_STYLE('',(#3461));
#3461 = SURFACE_STYLE_FILL_AREA(#3462);
#3462 = FILL_AREA_STYLE('',(#3463));
#3463 = FILL_AREA_STYLE_COLOUR('',#3210);
#3464 = CURVE_STYLE('',#3465,POSITIVE_LENGTH_MEASURE(0.1),#3210);
#3465 = DRAUGHTING_PRE_DEFINED_CURVE_FONT('continuous');
#3466 = STYLED_ITEM('color',(#3467),#942);
#3467 = PRESENTATION_STYLE_ASSIGNMENT((#3468,#3473));
#3468 = SURFACE_STYLE_USAGE(.BOTH.,#3469);
#3469 = SURFACE_SIDE_STYLE('',(#3470));
#3470 = SURFACE_STYLE_FILL_AREA(#3471);
#3471 = FILL_AREA_STYLE('',(#3472));
#3472 = FILL_AREA_STYLE_COLOUR('',#3210);
#3473 = CURVE_STYLE('',#3474,POSITIVE_LENGTH_MEASURE(0.1),#3210);
#3474 = DRAUGHTING_PRE_DEFINED_CURVE_FONT('continuous');
#3475 = STYLED_ITEM('color',(#3476),#981);
#3476 = PRESENTATION_STYLE_ASSIGNMENT((#3477,#3482));
#3477 = SURFACE_STYLE_USAGE(.BOTH.,#3478);
#3478 = SURFACE_SIDE_STYLE('',(#3479));
#3479 = SURFACE_STYLE_FILL_AREA(#3480);
#3480 = FILL_AREA_STYLE('',(#3481));
#3481 = FILL_AREA_STYLE_COLOUR('',#3337);
#3482 = CURVE_STYLE('',#3483,POSITIVE_LENGTH_MEASURE(0.1),#3337);
#3483 = DRAUGHTING_PRE_DEFINED_CURVE_FONT('continuous');
#3484 = STYLED_ITEM('color',(#3485),#1003);
#3485 = PRESENTATION_STYLE_ASSIGNMENT((#3486,#3491));
#3486 = SURFACE_STYLE_USAGE(.BOTH.,#3487);
#3487 = SURFACE_SIDE_STYLE('',(#3488));
#3488 = SURFACE_STYLE_FILL_AREA(#3489);
#3489 = FILL_AREA_STYLE('',(#3490));
#3490 = FILL_AREA_STYLE_COLOUR('',#3210);
#3491 = CURVE_STYLE('',#3492,POSITIVE_LENGTH_MEASURE(0.1),#3210);
#3492 = DRAUGHTING_PRE_DEFINED_CURVE_FONT('continuous');
#3493 = STYLED_ITEM('color',(#3494),#1047);
#3494 = PRESENTATION_STYLE_ASSIGNMENT((#3495,#3500));
#3495 = SURFACE_STYLE_USAGE(.BOTH.,#3496);
#3496 = SURFACE_SIDE_STYLE('',(#3497));
#3497 = SURFACE_STYLE_FILL_AREA(#3498);
#3498 = FILL_AREA_STYLE('',(#3499));
#3499 = FILL_AREA_STYLE_COLOUR('',#3337);
#3500 = CURVE_STYLE('',#3501,POSITIVE_LENGTH_MEASURE(0.1),#3337);
#3501 = DRAUGHTING_PRE_DEFINED_CURVE_FONT('continuous');
#3502 = STYLED_ITEM('color',(#3503),#1122);
#3503 = PRESENTATION_STYLE_ASSIGNMENT((#3504,#3509));
#3504 = SURFACE_STYLE_USAGE(.BOTH.,#3505);
#3505 = SURFACE_SIDE_STYLE('',(#3506));
#3506 = SURFACE_STYLE_FILL_AREA(#3507);
#3507 = FILL_AREA_STYLE('',(#3508));
#3508 = FILL_AREA_STYLE_COLOUR('',#3337);
#3509 = CURVE_STYLE('',#3510,POSITIVE_LENGTH_MEASURE(0.1),#3337);
#3510 = DRAUGHTING_PRE_DEFINED_CURVE_FONT('continuous');
#3511 = STYLED_ITEM('color',(#3512),#1146);
#3512 = PRESENTATION_STYLE_ASSIGNMENT((#3513,#3518));
#3513 = SURFACE_STYLE_USAGE(.BOTH.,#3514);
#3514 = SURFACE_SIDE_STYLE('',(#3515));
#3515 = SURFACE_STYLE_FILL_AREA(#3516);
#3516 = FILL_AREA_STYLE('',(#3517));
#3517 = FILL_AREA_STYLE_COLOUR('',#3337);
#3518 = CURVE_STYLE('',#3519,POSITIVE_LENGTH_MEASURE(0.1),#3337);
#3519 = DRAUGHTING_PRE_DEFINED_CURVE_FONT('continuous');
#3520 = STYLED_ITEM('color',(#3521),#1214);
#3521 = PRESENTATION_STYLE_ASSIGNMENT((#3522,#3527));
#3522 = SURFACE_STYLE_USAGE(.BOTH.,#3523);
#3523 = SURFACE_SIDE_STYLE('',(#3524));
#3524 = SURFACE_STYLE_FILL_AREA(#3525);
#3525 = FILL_AREA_STYLE('',(#3526));
#3526 = FILL_AREA_STYLE_COLOUR('',#3210);
#3527 = CURVE_STYLE('',#3528,POSITIVE_LENGTH_MEASURE(0.1),#3210);
#3528 = DRAUGHTING_PRE_DEFINED_CURVE_FONT('continuous');
#3529 = STYLED_ITEM('color',(#3530),#1231);
#3530 = PRESENTATION_STYLE_ASSIGNMENT((#3531,#3536));
#3531 = SURFACE_STYLE_USAGE(.BOTH.,#3532);
#3532 = SURFACE_SIDE_STYLE('',(#3533));
#3533 = SURFACE_STYLE_FILL_AREA(#3534);
#3534 = FILL_AREA_STYLE('',(#3535));
#3535 = FILL_AREA_STYLE_COLOUR('',#3337);
#3536 = CURVE_STYLE('',#3537,POSITIVE_LENGTH_MEASURE(0.1),#3337);
#3537 = DRAUGHTING_PRE_DEFINED_CURVE_FONT('continuous');
#3538 = STYLED_ITEM('color',(#3539),#1306);
#3539 = PRESENTATION_STYLE_ASSIGNMENT((#3540,#3545));
#3540 = SURFACE_STYLE_USAGE(.BOTH.,#3541);
#3541 = SURFACE_SIDE_STYLE('',(#3542));
#3542 = SURFACE_STYLE_FILL_AREA(#3543);
#3543 = FILL_AREA_STYLE('',(#3544));
#3544 = FILL_AREA_STYLE_COLOUR('',#3337);
#3545 = CURVE_STYLE('',#3546,POSITIVE_LENGTH_MEASURE(0.1),#3337);
#3546 = DRAUGHTING_PRE_DEFINED_CURVE_FONT('continuous');
#3547 = STYLED_ITEM('color',(#3548),#1330);
#3548 = PRESENTATION_STYLE_ASSIGNMENT((#3549,#3554));
#3549 = SURFACE_STYLE_USAGE(.BOTH.,#3550);
#3550 = SURFACE_SIDE_STYLE('',(#3551));
#3551 = SURFACE_STYLE_FILL_AREA(#3552);
#3552 = FILL_AREA_STYLE('',(#3553));
#3553 = FILL_AREA_STYLE_COLOUR('',#3337);
#3554 = CURVE_STYLE('',#3555,POSITIVE_LENGTH_MEASURE(0.1),#3337);
#3555 = DRAUGHTING_PRE_DEFINED_CURVE_FONT('continuous');
#3556 = STYLED_ITEM('color',(#3557),#1398);
#3557 = PRESENTATION_STYLE_ASSIGNMENT((#3558,#3563));
#3558 = SURFACE_STYLE_USAGE(.BOTH.,#3559);
#3559 = SURFACE_SIDE_STYLE('',(#3560));
#3560 = SURFACE_STYLE_FILL_AREA(#3561);
#3561 = FILL_AREA_STYLE('',(#3562));
#3562 = FILL_AREA_STYLE_COLOUR('',#3337);
#3563 = CURVE_STYLE('',#3564,POSITIVE_LENGTH_MEASURE(0.1),#3337);
#3564 = DRAUGHTING_PRE_DEFINED_CURVE_FONT('continuous');
#3565 = STYLED_ITEM('color',(#3566),#1473);
#3566 = PRESENTATION_STYLE_ASSIGNMENT((#3567,#3572));
#3567 = SURFACE_STYLE_USAGE(.BOTH.,#3568);
#3568 = SURFACE_SIDE_STYLE('',(#3569));
#3569 = SURFACE_STYLE_FILL_AREA(#3570);
#3570 = FILL_AREA_STYLE('',(#3571));
#3571 = FILL_AREA_STYLE_COLOUR('',#3337);
#3572 = CURVE_STYLE('',#3573,POSITIVE_LENGTH_MEASURE(0.1),#3337);
#3573 = DRAUGHTING_PRE_DEFINED_CURVE_FONT('continuous');
#3574 = STYLED_ITEM('color',(#3575),#1497);
#3575 = PRESENTATION_STYLE_ASSIGNMENT((#3576,#3581));
#3576 = SURFACE_STYLE_USAGE(.BOTH.,#3577);
#3577 = SURFACE_SIDE_STYLE('',(#3578));
#3578 = SURFACE_STYLE_FILL_AREA(#3579);
#3579 = FILL_AREA_STYLE('',(#3580));
#3580 = FILL_AREA_STYLE_COLOUR('',#3337);
#3581 = CURVE_STYLE('',#3582,POSITIVE_LENGTH_MEASURE(0.1),#3337);
#3582 = DRAUGHTING_PRE_DEFINED_CURVE_FONT('continuous');
#3583 = STYLED_ITEM('color',(#3584),#1565);
#3584 = PRESENTATION_STYLE_ASSIGNMENT((#3585,#3590));
#3585 = SURFACE_STYLE_USAGE(.BOTH.,#3586);
#3586 = SURFACE_SIDE_STYLE('',(#3587));
#3587 = SURFACE_STYLE_FILL_AREA(#3588);
#3588 = FILL_AREA_STYLE('',(#3589));
#3589 = FILL_AREA_STYLE_COLOUR('',#3337);
#3590 = CURVE_STYLE('',#3591,POSITIVE_LENGTH_MEASURE(0.1),#3337);
#3591 = DRAUGHTING_PRE_DEFINED_CURVE_FONT('continuous');
#3592 = STYLED_ITEM('color',(#3593),#1582);
#3593 = PRESENTATION_STYLE_ASSIGNMENT((#3594,#3599));
#3594 = SURFACE_STYLE_USAGE(.BOTH.,#3595);
#3595 = SURFACE_SIDE_STYLE('',(#3596));
#3596 = SURFACE_STYLE_FILL_AREA(#3597);
#3597 = FILL_AREA_STYLE('',(#3598));
#3598 = FILL_AREA_STYLE_COLOUR('',#3337);
#3599 = CURVE_STYLE('',#3600,POSITIVE_LENGTH_MEASURE(0.1),#3337);
#3600 = DRAUGHTING_PRE_DEFINED_CURVE_FONT('continuous');
#3601 = STYLED_ITEM('color',(#3602),#1599);
#3602 = PRESENTATION_STYLE_ASSIGNMENT((#3603,#3608));
#3603 = SURFACE_STYLE_USAGE(.BOTH.,#3604);
#3604 = SURFACE_SIDE_STYLE('',(#3605));
#3605 = SURFACE_STYLE_FILL_AREA(#3606);
#3606 = FILL_AREA_STYLE('',(#3607));
#3607 = FILL_AREA_STYLE_COLOUR('',#3210);
#3608 = CURVE_STYLE('',#3609,POSITIVE_LENGTH_MEASURE(0.1),#3210);
#3609 = DRAUGHTING_PRE_DEFINED_CURVE_FONT('continuous');
#3610 = STYLED_ITEM('color',(#3611),#1645);
#3611 = PRESENTATION_STYLE_ASSIGNMENT((#3612,#3617));
#3612 = SURFACE_STYLE_USAGE(.BOTH.,#3613);
#3613 = SURFACE_SIDE_STYLE('',(#3614));
#3614 = SURFACE_STYLE_FILL_AREA(#3615);
#3615 = FILL_AREA_STYLE('',(#3616));
#3616 = FILL_AREA_STYLE_COLOUR('',#3210);
#3617 = CURVE_STYLE('',#3618,POSITIVE_LENGTH_MEASURE(0.1),#3210);
#3618 = DRAUGHTING_PRE_DEFINED_CURVE_FONT('continuous');
#3619 = STYLED_ITEM('color',(#3620),#1661);
#3620 = PRESENTATION_STYLE_ASSIGNMENT((#3621,#3626));
#3621 = SURFACE_STYLE_USAGE(.BOTH.,#3622);
#3622 = SURFACE_SIDE_STYLE('',(#3623));
#3623 = SURFACE_STYLE_FILL_AREA(#3624);
#3624 = FILL_AREA_STYLE('',(#3625));
#3625 = FILL_AREA_STYLE_COLOUR('',#3210);
#3626 = CURVE_STYLE('',#3627,POSITIVE_LENGTH_MEASURE(0.1),#3210);
#3627 = DRAUGHTING_PRE_DEFINED_CURVE_FONT('continuous');
#3628 = STYLED_ITEM('color',(#3629),#1677);
#3629 = PRESENTATION_STYLE_ASSIGNMENT((#3630,#3635));
#3630 = SURFACE_STYLE_USAGE(.BOTH.,#3631);
#3631 = SURFACE_SIDE_STYLE('',(#3632));
#3632 = SURFACE_STYLE_FILL_AREA(#3633);
#3633 = FILL_AREA_STYLE('',(#3634));
#3634 = FILL_AREA_STYLE_COLOUR('',#3337);
#3635 = CURVE_STYLE('',#3636,POSITIVE_LENGTH_MEASURE(0.1),#3337);
#3636 = DRAUGHTING_PRE_DEFINED_CURVE_FONT('continuous');
#3637 = STYLED_ITEM('color',(#3638),#1694);
#3638 = PRESENTATION_STYLE_ASSIGNMENT((#3639,#3644));
#3639 = SURFACE_STYLE_USAGE(.BOTH.,#3640);
#3640 = SURFACE_SIDE_STYLE('',(#3641));
#3641 = SURFACE_STYLE_FILL_AREA(#3642);
#3642 = FILL_AREA_STYLE('',(#3643));
#3643 = FILL_AREA_STYLE_COLOUR('',#3210);
#3644 = CURVE_STYLE('',#3645,POSITIVE_LENGTH_MEASURE(0.1),#3210);
#3645 = DRAUGHTING_PRE_DEFINED_CURVE_FONT('continuous');
#3646 = STYLED_ITEM('color',(#3647),#1706);
#3647 = PRESENTATION_STYLE_ASSIGNMENT((#3648,#3653));
#3648 = SURFACE_STYLE_USAGE(.BOTH.,#3649);
#3649 = SURFACE_SIDE_STYLE('',(#3650));
#3650 = SURFACE_STYLE_FILL_AREA(#3651);
#3651 = FILL_AREA_STYLE('',(#3652));
#3652 = FILL_AREA_STYLE_COLOUR('',#3337);
#3653 = CURVE_STYLE('',#3654,POSITIVE_LENGTH_MEASURE(0.1),#3337);
#3654 = DRAUGHTING_PRE_DEFINED_CURVE_FONT('continuous');
#3655 = STYLED_ITEM('color',(#3656),#1723);
#3656 = PRESENTATION_STYLE_ASSIGNMENT((#3657,#3662));
#3657 = SURFACE_STYLE_USAGE(.BOTH.,#3658);
#3658 = SURFACE_SIDE_STYLE('',(#3659));
#3659 = SURFACE_STYLE_FILL_AREA(#3660);
#3660 = FILL_AREA_STYLE('',(#3661));
#3661 = FILL_AREA_STYLE_COLOUR('',#3337);
#3662 = CURVE_STYLE('',#3663,POSITIVE_LENGTH_MEASURE(0.1),#3337);
#3663 = DRAUGHTING_PRE_DEFINED_CURVE_FONT('continuous');
#3664 = STYLED_ITEM('color',(#3665),#1740);
#3665 = PRESENTATION_STYLE_ASSIGNMENT((#3666,#3671));
#3666 = SURFACE_STYLE_USAGE(.BOTH.,#3667);
#3667 = SURFACE_SIDE_STYLE('',(#3668));
#3668 = SURFACE_STYLE_FILL_AREA(#3669);
#3669 = FILL_AREA_STYLE('',(#3670));
#3670 = FILL_AREA_STYLE_COLOUR('',#3337);
#3671 = CURVE_STYLE('',#3672,POSITIVE_LENGTH_MEASURE(0.1),#3337);
#3672 = DRAUGHTING_PRE_DEFINED_CURVE_FONT('continuous');
#3673 = STYLED_ITEM('color',(#3674),#1757);
#3674 = PRESENTATION_STYLE_ASSIGNMENT((#3675,#3680));
#3675 = SURFACE_STYLE_USAGE(.BOTH.,#3676);
#3676 = SURFACE_SIDE_STYLE('',(#3677));
#3677 = SURFACE_STYLE_FILL_AREA(#3678);
#3678 = FILL_AREA_STYLE('',(#3679));
#3679 = FILL_AREA_STYLE_COLOUR('',#3337);
#3680 = CURVE_STYLE('',#3681,POSITIVE_LENGTH_MEASURE(0.1),#3337);
#3681 = DRAUGHTING_PRE_DEFINED_CURVE_FONT('continuous');
#3682 = STYLED_ITEM('color',(#3683),#1774);
#3683 = PRESENTATION_STYLE_ASSIGNMENT((#3684,#3689));
#3684 = SURFACE_STYLE_USAGE(.BOTH.,#3685);
#3685 = SURFACE_SIDE_STYLE('',(#3686));
#3686 = SURFACE_STYLE_FILL_AREA(#3687);
#3687 = FILL_AREA_STYLE('',(#3688));
#3688 = FILL_AREA_STYLE_COLOUR('',#3337);
#3689 = CURVE_STYLE('',#3690,POSITIVE_LENGTH_MEASURE(0.1),#3337);
#3690 = DRAUGHTING_PRE_DEFINED_CURVE_FONT('continuous');
#3691 = STYLED_ITEM('color',(#3692),#1791);
#3692 = PRESENTATION_STYLE_ASSIGNMENT((#3693,#3698));
#3693 = SURFACE_STYLE_USAGE(.BOTH.,#3694);
#3694 = SURFACE_SIDE_STYLE('',(#3695));
#3695 = SURFACE_STYLE_FILL_AREA(#3696);
#3696 = FILL_AREA_STYLE('',(#3697));
#3697 = FILL_AREA_STYLE_COLOUR('',#3337);
#3698 = CURVE_STYLE('',#3699,POSITIVE_LENGTH_MEASURE(0.1),#3337);
#3699 = DRAUGHTING_PRE_DEFINED_CURVE_FONT('continuous');
#3700 = STYLED_ITEM('color',(#3701),#1808);
#3701 = PRESENTATION_STYLE_ASSIGNMENT((#3702,#3707));
#3702 = SURFACE_STYLE_USAGE(.BOTH.,#3703);
#3703 = SURFACE_SIDE_STYLE('',(#3704));
#3704 = SURFACE_STYLE_FILL_AREA(#3705);
#3705 = FILL_AREA_STYLE('',(#3706));
#3706 = FILL_AREA_STYLE_COLOUR('',#3337);
#3707 = CURVE_STYLE('',#3708,POSITIVE_LENGTH_MEASURE(0.1),#3337);
#3708 = DRAUGHTING_PRE_DEFINED_CURVE_FONT('continuous');
#3709 = STYLED_ITEM('color',(#3710),#1820);
#3710 = PRESENTATION_STYLE_ASSIGNMENT((#3711,#3716));
#3711 = SURFACE_STYLE_USAGE(.BOTH.,#3712);
#3712 = SURFACE_SIDE_STYLE('',(#3713));
#3713 = SURFACE_STYLE_FILL_AREA(#3714);
#3714 = FILL_AREA_STYLE('',(#3715));
#3715 = FILL_AREA_STYLE_COLOUR('',#3337);
#3716 = CURVE_STYLE('',#3717,POSITIVE_LENGTH_MEASURE(0.1),#3337);
#3717 = DRAUGHTING_PRE_DEFINED_CURVE_FONT('continuous');
#3718 = STYLED_ITEM('color',(#3719),#1837);
#3719 = PRESENTATION_STYLE_ASSIGNMENT((#3720,#3725));
#3720 = SURFACE_STYLE_USAGE(.BOTH.,#3721);
#3721 = SURFACE_SIDE_STYLE('',(#3722));
#3722 = SURFACE_STYLE_FILL_AREA(#3723);
#3723 = FILL_AREA_STYLE('',(#3724));
#3724 = FILL_AREA_STYLE_COLOUR('',#3337);
#3725 = CURVE_STYLE('',#3726,POSITIVE_LENGTH_MEASURE(0.1),#3337);
#3726 = DRAUGHTING_PRE_DEFINED_CURVE_FONT('continuous');
#3727 = STYLED_ITEM('color',(#3728),#1854);
#3728 = PRESENTATION_STYLE_ASSIGNMENT((#3729,#3734));
#3729 = SURFACE_STYLE_USAGE(.BOTH.,#3730);
#3730 = SURFACE_SIDE_STYLE('',(#3731));
#3731 = SURFACE_STYLE_FILL_AREA(#3732);
#3732 = FILL_AREA_STYLE('',(#3733));
#3733 = FILL_AREA_STYLE_COLOUR('',#3337);
#3734 = CURVE_STYLE('',#3735,POSITIVE_LENGTH_MEASURE(0.1),#3337);
#3735 = DRAUGHTING_PRE_DEFINED_CURVE_FONT('continuous');
#3736 = STYLED_ITEM('color',(#3737),#1871);
#3737 = PRESENTATION_STYLE_ASSIGNMENT((#3738,#3743));
#3738 = SURFACE_STYLE_USAGE(.BOTH.,#3739);
#3739 = SURFACE_SIDE_STYLE('',(#3740));
#3740 = SURFACE_STYLE_FILL_AREA(#3741);
#3741 = FILL_AREA_STYLE('',(#3742));
#3742 = FILL_AREA_STYLE_COLOUR('',#3337);
#3743 = CURVE_STYLE('',#3744,POSITIVE_LENGTH_MEASURE(0.1),#3337);
#3744 = DRAUGHTING_PRE_DEFINED_CURVE_FONT('continuous');
#3745 = STYLED_ITEM('color',(#3746),#1888);
#3746 = PRESENTATION_STYLE_ASSIGNMENT((#3747,#3752));
#3747 = SURFACE_STYLE_USAGE(.BOTH.,#3748);
#3748 = SURFACE_SIDE_STYLE('',(#3749));
#3749 = SURFACE_STYLE_FILL_AREA(#3750);
#3750 = FILL_AREA_STYLE('',(#3751));
#3751 = FILL_AREA_STYLE_COLOUR('',#3337);
#3752 = CURVE_STYLE('',#3753,POSITIVE_LENGTH_MEASURE(0.1),#3337);
#3753 = DRAUGHTING_PRE_DEFINED_CURVE_FONT('continuous');
#3754 = STYLED_ITEM('color',(#3755),#1905);
#3755 = PRESENTATION_STYLE_ASSIGNMENT((#3756,#3761));
#3756 = SURFACE_STYLE_USAGE(.BOTH.,#3757);
#3757 = SURFACE_SIDE_STYLE('',(#3758));
#3758 = SURFACE_STYLE_FILL_AREA(#3759);
#3759 = FILL_AREA_STYLE('',(#3760));
#3760 = FILL_AREA_STYLE_COLOUR('',#3337);
#3761 = CURVE_STYLE('',#3762,POSITIVE_LENGTH_MEASURE(0.1),#3337);
#3762 = DRAUGHTING_PRE_DEFINED_CURVE_FONT('continuous');
#3763 = STYLED_ITEM('color',(#3764),#1917);
#3764 = PRESENTATION_STYLE_ASSIGNMENT((#3765,#3770));
#3765 = SURFACE_STYLE_USAGE(.BOTH.,#3766);
#3766 = SURFACE_SIDE_STYLE('',(#3767));
#3767 = SURFACE_STYLE_FILL_AREA(#3768);
#3768 = FILL_AREA_STYLE('',(#3769));
#3769 = FILL_AREA_STYLE_COLOUR('',#3337);
#3770 = CURVE_STYLE('',#3771,POSITIVE_LENGTH_MEASURE(0.1),#3337);
#3771 = DRAUGHTING_PRE_DEFINED_CURVE_FONT('continuous');
#3772 = STYLED_ITEM('color',(#3773),#1934);
#3773 = PRESENTATION_STYLE_ASSIGNMENT((#3774,#3779));
#3774 = SURFACE_STYLE_USAGE(.BOTH.,#3775);
#3775 = SURFACE_SIDE_STYLE('',(#3776));
#3776 = SURFACE_STYLE_FILL_AREA(#3777);
#3777 = FILL_AREA_STYLE('',(#3778));
#3778 = FILL_AREA_STYLE_COLOUR('',#3337);
#3779 = CURVE_STYLE('',#3780,POSITIVE_LENGTH_MEASURE(0.1),#3337);
#3780 = DRAUGHTING_PRE_DEFINED_CURVE_FONT('continuous');
#3781 = STYLED_ITEM('color',(#3782),#1951);
#3782 = PRESENTATION_STYLE_ASSIGNMENT((#3783,#3788));
#3783 = SURFACE_STYLE_USAGE(.BOTH.,#3784);
#3784 = SURFACE_SIDE_STYLE('',(#3785));
#3785 = SURFACE_STYLE_FILL_AREA(#3786);
#3786 = FILL_AREA_STYLE('',(#3787));
#3787 = FILL_AREA_STYLE_COLOUR('',#3337);
#3788 = CURVE_STYLE('',#3789,POSITIVE_LENGTH_MEASURE(0.1),#3337);
#3789 = DRAUGHTING_PRE_DEFINED_CURVE_FONT('continuous');
#3790 = STYLED_ITEM('color',(#3791),#1968);
#3791 = PRESENTATION_STYLE_ASSIGNMENT((#3792,#3797));
#3792 = SURFACE_STYLE_USAGE(.BOTH.,#3793);
#3793 = SURFACE_SIDE_STYLE('',(#3794));
#3794 = SURFACE_STYLE_FILL_AREA(#3795);
#3795 = FILL_AREA_STYLE('',(#3796));
#3796 = FILL_AREA_STYLE_COLOUR('',#3337);
#3797 = CURVE_STYLE('',#3798,POSITIVE_LENGTH_MEASURE(0.1),#3337);
#3798 = DRAUGHTING_PRE_DEFINED_CURVE_FONT('continuous');
#3799 = STYLED_ITEM('color',(#3800),#1985);
#3800 = PRESENTATION_STYLE_ASSIGNMENT((#3801,#3806));
#3801 = SURFACE_STYLE_USAGE(.BOTH.,#3802);
#3802 = SURFACE_SIDE_STYLE('',(#3803));
#3803 = SURFACE_STYLE_FILL_AREA(#3804);
#3804 = FILL_AREA_STYLE('',(#3805));
#3805 = FILL_AREA_STYLE_COLOUR('',#3337);
#3806 = CURVE_STYLE('',#3807,POSITIVE_LENGTH_MEASURE(0.1),#3337);
#3807 = DRAUGHTING_PRE_DEFINED_CURVE_FONT('continuous');
#3808 = STYLED_ITEM('color',(#3809),#2002);
#3809 = PRESENTATION_STYLE_ASSIGNMENT((#3810,#3815));
#3810 = SURFACE_STYLE_USAGE(.BOTH.,#3811);
#3811 = SURFACE_SIDE_STYLE('',(#3812));
#3812 = SURFACE_STYLE_FILL_AREA(#3813);
#3813 = FILL_AREA_STYLE('',(#3814));
#3814 = FILL_AREA_STYLE_COLOUR('',#3337);
#3815 = CURVE_STYLE('',#3816,POSITIVE_LENGTH_MEASURE(0.1),#3337);
#3816 = DRAUGHTING_PRE_DEFINED_CURVE_FONT('continuous');
#3817 = STYLED_ITEM('color',(#3818),#2014);
#3818 = PRESENTATION_STYLE_ASSIGNMENT((#3819,#3825));
#3819 = SURFACE_STYLE_USAGE(.BOTH.,#3820);
#3820 = SURFACE_SIDE_STYLE('',(#3821));
#3821 = SURFACE_STYLE_FILL_AREA(#3822);
#3822 = FILL_AREA_STYLE('',(#3823));
#3823 = FILL_AREA_STYLE_COLOUR('',#3824);
#3824 = COLOUR_RGB('',0.690999998585,0.664000007176,0.597999987832);
#3825 = CURVE_STYLE('',#3826,POSITIVE_LENGTH_MEASURE(0.1),#3824);
#3826 = DRAUGHTING_PRE_DEFINED_CURVE_FONT('continuous');
#3827 = MECHANICAL_DESIGN_GEOMETRIC_PRESENTATION_REPRESENTATION('',(
    #3828,#3835,#3842,#3849,#3856,#3863,#3870,#3877,#3884,#3891,#3898,
    #3906,#3913,#3920,#3927,#3934,#3941,#3948,#3955,#3962,#3969,#3976,
    #3983,#3990,#3997,#4004,#4011,#4018),#2896);
#3828 = STYLED_ITEM('color',(#3829),#2044);
#3829 = PRESENTATION_STYLE_ASSIGNMENT((#3830));
#3830 = SURFACE_STYLE_USAGE(.BOTH.,#3831);
#3831 = SURFACE_SIDE_STYLE('',(#3832));
#3832 = SURFACE_STYLE_FILL_AREA(#3833);
#3833 = FILL_AREA_STYLE('',(#3834));
#3834 = FILL_AREA_STYLE_COLOUR('',#3337);
#3835 = STYLED_ITEM('color',(#3836),#2120);
#3836 = PRESENTATION_STYLE_ASSIGNMENT((#3837));
#3837 = SURFACE_STYLE_USAGE(.BOTH.,#3838);
#3838 = SURFACE_SIDE_STYLE('',(#3839));
#3839 = SURFACE_STYLE_FILL_AREA(#3840);
#3840 = FILL_AREA_STYLE('',(#3841));
#3841 = FILL_AREA_STYLE_COLOUR('',#3337);
#3842 = STYLED_ITEM('color',(#3843),#2151);
#3843 = PRESENTATION_STYLE_ASSIGNMENT((#3844));
#3844 = SURFACE_STYLE_USAGE(.BOTH.,#3845);
#3845 = SURFACE_SIDE_STYLE('',(#3846));
#3846 = SURFACE_STYLE_FILL_AREA(#3847);
#3847 = FILL_AREA_STYLE('',(#3848));
#3848 = FILL_AREA_STYLE_COLOUR('',#3337);
#3849 = STYLED_ITEM('color',(#3850),#2176);
#3850 = PRESENTATION_STYLE_ASSIGNMENT((#3851));
#3851 = SURFACE_STYLE_USAGE(.BOTH.,#3852);
#3852 = SURFACE_SIDE_STYLE('',(#3853));
#3853 = SURFACE_STYLE_FILL_AREA(#3854);
#3854 = FILL_AREA_STYLE('',(#3855));
#3855 = FILL_AREA_STYLE_COLOUR('',#3337);
#3856 = STYLED_ITEM('color',(#3857),#2201);
#3857 = PRESENTATION_STYLE_ASSIGNMENT((#3858));
#3858 = SURFACE_STYLE_USAGE(.BOTH.,#3859);
#3859 = SURFACE_SIDE_STYLE('',(#3860));
#3860 = SURFACE_STYLE_FILL_AREA(#3861);
#3861 = FILL_AREA_STYLE('',(#3862));
#3862 = FILL_AREA_STYLE_COLOUR('',#3337);
#3863 = STYLED_ITEM('color',(#3864),#2225);
#3864 = PRESENTATION_STYLE_ASSIGNMENT((#3865));
#3865 = SURFACE_STYLE_USAGE(.BOTH.,#3866);
#3866 = SURFACE_SIDE_STYLE('',(#3867));
#3867 = SURFACE_STYLE_FILL_AREA(#3868);
#3868 = FILL_AREA_STYLE('',(#3869));
#3869 = FILL_AREA_STYLE_COLOUR('',#3337);
#3870 = STYLED_ITEM('color',(#3871),#2249);
#3871 = PRESENTATION_STYLE_ASSIGNMENT((#3872));
#3872 = SURFACE_STYLE_USAGE(.BOTH.,#3873);
#3873 = SURFACE_SIDE_STYLE('',(#3874));
#3874 = SURFACE_STYLE_FILL_AREA(#3875);
#3875 = FILL_AREA_STYLE('',(#3876));
#3876 = FILL_AREA_STYLE_COLOUR('',#3337);
#3877 = STYLED_ITEM('color',(#3878),#2274);
#3878 = PRESENTATION_STYLE_ASSIGNMENT((#3879));
#3879 = SURFACE_STYLE_USAGE(.BOTH.,#3880);
#3880 = SURFACE_SIDE_STYLE('',(#3881));
#3881 = SURFACE_STYLE_FILL_AREA(#3882);
#3882 = FILL_AREA_STYLE('',(#3883));
#3883 = FILL_AREA_STYLE_COLOUR('',#3337);
#3884 = STYLED_ITEM('color',(#3885),#2299);
#3885 = PRESENTATION_STYLE_ASSIGNMENT((#3886));
#3886 = SURFACE_STYLE_USAGE(.BOTH.,#3887);
#3887 = SURFACE_SIDE_STYLE('',(#3888));
#3888 = SURFACE_STYLE_FILL_AREA(#3889);
#3889 = FILL_AREA_STYLE('',(#3890));
#3890 = FILL_AREA_STYLE_COLOUR('',#3337);
#3891 = STYLED_ITEM('color',(#3892),#2316);
#3892 = PRESENTATION_STYLE_ASSIGNMENT((#3893));
#3893 = SURFACE_STYLE_USAGE(.BOTH.,#3894);
#3894 = SURFACE_SIDE_STYLE('',(#3895));
#3895 = SURFACE_STYLE_FILL_AREA(#3896);
#3896 = FILL_AREA_STYLE('',(#3897));
#3897 = FILL_AREA_STYLE_COLOUR('',#3337);
#3898 = STYLED_ITEM('color',(#3899),#2402);
#3899 = PRESENTATION_STYLE_ASSIGNMENT((#3900));
#3900 = SURFACE_STYLE_USAGE(.BOTH.,#3901);
#3901 = SURFACE_SIDE_STYLE('',(#3902));
#3902 = SURFACE_STYLE_FILL_AREA(#3903);
#3903 = FILL_AREA_STYLE('',(#3904));
#3904 = FILL_AREA_STYLE_COLOUR('',#3905);
#3905 = COLOUR_RGB('',0.379000005575,0.270000008848,0.214999999939);
#3906 = STYLED_ITEM('color',(#3907),#2434);
#3907 = PRESENTATION_STYLE_ASSIGNMENT((#3908));
#3908 = SURFACE_STYLE_USAGE(.BOTH.,#3909);
#3909 = SURFACE_SIDE_STYLE('',(#3910));
#3910 = SURFACE_STYLE_FILL_AREA(#3911);
#3911 = FILL_AREA_STYLE('',(#3912));
#3912 = FILL_AREA_STYLE_COLOUR('',#3905);
#3913 = STYLED_ITEM('color',(#3914),#2458);
#3914 = PRESENTATION_STYLE_ASSIGNMENT((#3915));
#3915 = SURFACE_STYLE_USAGE(.BOTH.,#3916);
#3916 = SURFACE_SIDE_STYLE('',(#3917));
#3917 = SURFACE_STYLE_FILL_AREA(#3918);
#3918 = FILL_AREA_STYLE('',(#3919));
#3919 = FILL_AREA_STYLE_COLOUR('',#3905);
#3920 = STYLED_ITEM('color',(#3921),#2483);
#3921 = PRESENTATION_STYLE_ASSIGNMENT((#3922));
#3922 = SURFACE_STYLE_USAGE(.BOTH.,#3923);
#3923 = SURFACE_SIDE_STYLE('',(#3924));
#3924 = SURFACE_STYLE_FILL_AREA(#3925);
#3925 = FILL_AREA_STYLE('',(#3926));
#3926 = FILL_AREA_STYLE_COLOUR('',#3905);
#3927 = STYLED_ITEM('color',(#3928),#2507);
#3928 = PRESENTATION_STYLE_ASSIGNMENT((#3929));
#3929 = SURFACE_STYLE_USAGE(.BOTH.,#3930);
#3930 = SURFACE_SIDE_STYLE('',(#3931));
#3931 = SURFACE_STYLE_FILL_AREA(#3932);
#3932 = FILL_AREA_STYLE('',(#3933));
#3933 = FILL_AREA_STYLE_COLOUR('',#3905);
#3934 = STYLED_ITEM('color',(#3935),#2532);
#3935 = PRESENTATION_STYLE_ASSIGNMENT((#3936));
#3936 = SURFACE_STYLE_USAGE(.BOTH.,#3937);
#3937 = SURFACE_SIDE_STYLE('',(#3938));
#3938 = SURFACE_STYLE_FILL_AREA(#3939);
#3939 = FILL_AREA_STYLE('',(#3940));
#3940 = FILL_AREA_STYLE_COLOUR('',#3905);
#3941 = STYLED_ITEM('color',(#3942),#2556);
#3942 = PRESENTATION_STYLE_ASSIGNMENT((#3943));
#3943 = SURFACE_STYLE_USAGE(.BOTH.,#3944);
#3944 = SURFACE_SIDE_STYLE('',(#3945));
#3945 = SURFACE_STYLE_FILL_AREA(#3946);
#3946 = FILL_AREA_STYLE('',(#3947));
#3947 = FILL_AREA_STYLE_COLOUR('',#3905);
#3948 = STYLED_ITEM('color',(#3949),#2581);
#3949 = PRESENTATION_STYLE_ASSIGNMENT((#3950));
#3950 = SURFACE_STYLE_USAGE(.BOTH.,#3951);
#3951 = SURFACE_SIDE_STYLE('',(#3952));
#3952 = SURFACE_STYLE_FILL_AREA(#3953);
#3953 = FILL_AREA_STYLE('',(#3954));
#3954 = FILL_AREA_STYLE_COLOUR('',#3905);
#3955 = STYLED_ITEM('color',(#3956),#2598);
#3956 = PRESENTATION_STYLE_ASSIGNMENT((#3957));
#3957 = SURFACE_STYLE_USAGE(.BOTH.,#3958);
#3958 = SURFACE_SIDE_STYLE('',(#3959));
#3959 = SURFACE_STYLE_FILL_AREA(#3960);
#3960 = FILL_AREA_STYLE('',(#3961));
#3961 = FILL_AREA_STYLE_COLOUR('',#3337);
#3962 = STYLED_ITEM('color',(#3963),#2684);
#3963 = PRESENTATION_STYLE_ASSIGNMENT((#3964));
#3964 = SURFACE_STYLE_USAGE(.BOTH.,#3965);
#3965 = SURFACE_SIDE_STYLE('',(#3966));
#3966 = SURFACE_STYLE_FILL_AREA(#3967);
#3967 = FILL_AREA_STYLE('',(#3968));
#3968 = FILL_AREA_STYLE_COLOUR('',#3337);
#3969 = STYLED_ITEM('color',(#3970),#2715);
#3970 = PRESENTATION_STYLE_ASSIGNMENT((#3971));
#3971 = SURFACE_STYLE_USAGE(.BOTH.,#3972);
#3972 = SURFACE_SIDE_STYLE('',(#3973));
#3973 = SURFACE_STYLE_FILL_AREA(#3974);
#3974 = FILL_AREA_STYLE('',(#3975));
#3975 = FILL_AREA_STYLE_COLOUR('',#3337);
#3976 = STYLED_ITEM('color',(#3977),#2740);
#3977 = PRESENTATION_STYLE_ASSIGNMENT((#3978));
#3978 = SURFACE_STYLE_USAGE(.BOTH.,#3979);
#3979 = SURFACE_SIDE_STYLE('',(#3980));
#3980 = SURFACE_STYLE_FILL_AREA(#3981);
#3981 = FILL_AREA_STYLE('',(#3982));
#3982 = FILL_AREA_STYLE_COLOUR('',#3337);
#3983 = STYLED_ITEM('color',(#3984),#2765);
#3984 = PRESENTATION_STYLE_ASSIGNMENT((#3985));
#3985 = SURFACE_STYLE_USAGE(.BOTH.,#3986);
#3986 = SURFACE_SIDE_STYLE('',(#3987));
#3987 = SURFACE_STYLE_FILL_AREA(#3988);
#3988 = FILL_AREA_STYLE('',(#3989));
#3989 = FILL_AREA_STYLE_COLOUR('',#3337);
#3990 = STYLED_ITEM('color',(#3991),#2789);
#3991 = PRESENTATION_STYLE_ASSIGNMENT((#3992));
#3992 = SURFACE_STYLE_USAGE(.BOTH.,#3993);
#3993 = SURFACE_SIDE_STYLE('',(#3994));
#3994 = SURFACE_STYLE_FILL_AREA(#3995);
#3995 = FILL_AREA_STYLE('',(#3996));
#3996 = FILL_AREA_STYLE_COLOUR('',#3337);
#3997 = STYLED_ITEM('color',(#3998),#2813);
#3998 = PRESENTATION_STYLE_ASSIGNMENT((#3999));
#3999 = SURFACE_STYLE_USAGE(.BOTH.,#4000);
#4000 = SURFACE_SIDE_STYLE('',(#4001));
#4001 = SURFACE_STYLE_FILL_AREA(#4002);
#4002 = FILL_AREA_STYLE('',(#4003));
#4003 = FILL_AREA_STYLE_COLOUR('',#3337);
#4004 = STYLED_ITEM('color',(#4005),#2838);
#4005 = PRESENTATION_STYLE_ASSIGNMENT((#4006));
#4006 = SURFACE_STYLE_USAGE(.BOTH.,#4007);
#4007 = SURFACE_SIDE_STYLE('',(#4008));
#4008 = SURFACE_STYLE_FILL_AREA(#4009);
#4009 = FILL_AREA_STYLE('',(#4010));
#4010 = FILL_AREA_STYLE_COLOUR('',#3337);
#4011 = STYLED_ITEM('color',(#4012),#2863);
#4012 = PRESENTATION_STYLE_ASSIGNMENT((#4013));
#4013 = SURFACE_STYLE_USAGE(.BOTH.,#4014);
#4014 = SURFACE_SIDE_STYLE('',(#4015));
#4015 = SURFACE_STYLE_FILL_AREA(#4016);
#4016 = FILL_AREA_STYLE('',(#4017));
#4017 = FILL_AREA_STYLE_COLOUR('',#3337);
#4018 = STYLED_ITEM('color',(#4019),#2880);
#4019 = PRESENTATION_STYLE_ASSIGNMENT((#4020));
#4020 = SURFACE_STYLE_USAGE(.BOTH.,#4021);
#4021 = SURFACE_SIDE_STYLE('',(#4022));
#4022 = SURFACE_STYLE_FILL_AREA(#4023);
#4023 = FILL_AREA_STYLE('',(#4024));
#4024 = FILL_AREA_STYLE_COLOUR('',#3337);
ENDSEC;
END-ISO-10303-21;
