ISO-10303-21;
HEADER;
FILE_DESCRIPTION(('KiCad electronic assembly'),'2;1');
FILE_NAME('N30-motor-board-RevA.step','2025-05-31T12:20:21',('Pcbnew'),(
    'Kicad'),'Open CASCADE STEP processor 7.8','KiCad to STEP converter'
  ,'Unknown');
FILE_SCHEMA(('AUTOMOTIVE_DESIGN { 1 0 10303 214 1 1 1 1 }'));
ENDSEC;
DATA;
#1 = APPLICATION_PROTOCOL_DEFINITION('international standard',
  'automotive_design',2000,#2);
#2 = APPLICATION_CONTEXT(
  'core data for automotive mechanical design processes');
#3 = SHAPE_DEFINITION_REPRESENTATION(#4,#10);
#4 = PRODUCT_DEFINITION_SHAPE('','',#5);
#5 = PRODUCT_DEFINITION('design','',#6,#9);
#6 = PRODUCT_DEFINITION_FORMATION('','',#7);
#7 = PRODUCT('N30-motor-board-RevA 1','N30-motor-board-RevA 1','',(#8));
#8 = PRODUCT_CONTEXT('',#2,'mechanical');
#9 = PRODUCT_DEFINITION_CONTEXT('part definition',#2,'design');
#10 = SHAPE_REPRESENTATION('',(#11,#15,#19,#23,#27),#31);
#11 = AXIS2_PLACEMENT_3D('',#12,#13,#14);
#12 = CARTESIAN_POINT('',(0.,0.,0.));
#13 = DIRECTION('',(0.,0.,1.));
#14 = DIRECTION('',(1.,0.,-0.));
#15 = AXIS2_PLACEMENT_3D('',#16,#17,#18);
#16 = CARTESIAN_POINT('',(44.875,-27.7,1.565));
#17 = DIRECTION('',(0.,0.,1.));
#18 = DIRECTION('',(-1.,1.224646799147E-16,0.));
#19 = AXIS2_PLACEMENT_3D('',#20,#21,#22);
#20 = CARTESIAN_POINT('',(50.975,-27.7,1.565));
#21 = DIRECTION('',(0.,0.,1.));
#22 = DIRECTION('',(-1.,1.224646799147E-16,0.));
#23 = AXIS2_PLACEMENT_3D('',#24,#25,#26);
#24 = CARTESIAN_POINT('',(47.9,-27.7,1.565));
#25 = DIRECTION('',(0.,0.,1.));
#26 = DIRECTION('',(1.,0.,0.));
#27 = AXIS2_PLACEMENT_3D('',#28,#29,#30);
#28 = CARTESIAN_POINT('',(0.,0.,0.));
#29 = DIRECTION('',(0.,0.,1.));
#30 = DIRECTION('',(1.,0.,-0.));
#31 = ( GEOMETRIC_REPRESENTATION_CONTEXT(3) 
GLOBAL_UNCERTAINTY_ASSIGNED_CONTEXT((#35)) GLOBAL_UNIT_ASSIGNED_CONTEXT(
(#32,#33,#34)) REPRESENTATION_CONTEXT('Context #1',
  '3D Context with UNIT and UNCERTAINTY') );
#32 = ( LENGTH_UNIT() NAMED_UNIT(*) SI_UNIT(.MILLI.,.METRE.) );
#33 = ( NAMED_UNIT(*) PLANE_ANGLE_UNIT() SI_UNIT($,.RADIAN.) );
#34 = ( NAMED_UNIT(*) SI_UNIT($,.STERADIAN.) SOLID_ANGLE_UNIT() );
#35 = UNCERTAINTY_MEASURE_WITH_UNIT(LENGTH_MEASURE(1.E-07),#32,
  'distance_accuracy_value','confusion accuracy');
#36 = PRODUCT_RELATED_PRODUCT_CATEGORY('part',$,(#7));
#37 = SHAPE_DEFINITION_REPRESENTATION(#38,#44);
#38 = PRODUCT_DEFINITION_SHAPE('','',#39);
#39 = PRODUCT_DEFINITION('design','',#40,#43);
#40 = PRODUCT_DEFINITION_FORMATION('','',#41);
#41 = PRODUCT('C_0603_1608Metric','C_0603_1608Metric','',(#42));
#42 = PRODUCT_CONTEXT('',#2,'mechanical');
#43 = PRODUCT_DEFINITION_CONTEXT('part definition',#2,'design');
#44 = ADVANCED_BREP_SHAPE_REPRESENTATION('',(#11,#45),#899);
#45 = MANIFOLD_SOLID_BREP('',#46);
#46 = CLOSED_SHELL('',(#47,#123,#154,#179,#204,#228,#252,#277,#302,#319,
    #405,#437,#461,#486,#510,#535,#559,#584,#601,#687,#718,#743,#768,
    #792,#816,#841,#866,#883));
#47 = ADVANCED_FACE('',(#48),#118,.F.);
#48 = FACE_BOUND('',#49,.F.);
#49 = EDGE_LOOP('',(#50,#60,#69,#77,#86,#94,#103,#111));
#50 = ORIENTED_EDGE('',*,*,#51,.F.);
#51 = EDGE_CURVE('',#52,#54,#56,.T.);
#52 = VERTEX_POINT('',#53);
#53 = CARTESIAN_POINT('',(-0.8,-0.4,3.E-02));
#54 = VERTEX_POINT('',#55);
#55 = CARTESIAN_POINT('',(-0.8,-0.4,0.77));
#56 = LINE('',#57,#58);
#57 = CARTESIAN_POINT('',(-0.8,-0.4,0.));
#58 = VECTOR('',#59,1.);
#59 = DIRECTION('',(0.,0.,1.));
#60 = ORIENTED_EDGE('',*,*,#61,.T.);
#61 = EDGE_CURVE('',#52,#62,#64,.T.);
#62 = VERTEX_POINT('',#63);
#63 = CARTESIAN_POINT('',(-0.8,-0.37,0.));
#64 = CIRCLE('',#65,3.E-02);
#65 = AXIS2_PLACEMENT_3D('',#66,#67,#68);
#66 = CARTESIAN_POINT('',(-0.8,-0.37,3.E-02));
#67 = DIRECTION('',(1.,0.,-0.));
#68 = DIRECTION('',(0.,0.,1.));
#69 = ORIENTED_EDGE('',*,*,#70,.T.);
#70 = EDGE_CURVE('',#62,#71,#73,.T.);
#71 = VERTEX_POINT('',#72);
#72 = CARTESIAN_POINT('',(-0.8,0.37,0.));
#73 = LINE('',#74,#75);
#74 = CARTESIAN_POINT('',(-0.8,-0.4,0.));
#75 = VECTOR('',#76,1.);
#76 = DIRECTION('',(0.,1.,0.));
#77 = ORIENTED_EDGE('',*,*,#78,.F.);
#78 = EDGE_CURVE('',#79,#71,#81,.T.);
#79 = VERTEX_POINT('',#80);
#80 = CARTESIAN_POINT('',(-0.8,0.4,3.E-02));
#81 = CIRCLE('',#82,3.E-02);
#82 = AXIS2_PLACEMENT_3D('',#83,#84,#85);
#83 = CARTESIAN_POINT('',(-0.8,0.37,3.E-02));
#84 = DIRECTION('',(-1.,0.,0.));
#85 = DIRECTION('',(0.,0.,1.));
#86 = ORIENTED_EDGE('',*,*,#87,.T.);
#87 = EDGE_CURVE('',#79,#88,#90,.T.);
#88 = VERTEX_POINT('',#89);
#89 = CARTESIAN_POINT('',(-0.8,0.4,0.77));
#90 = LINE('',#91,#92);
#91 = CARTESIAN_POINT('',(-0.8,0.4,0.));
#92 = VECTOR('',#93,1.);
#93 = DIRECTION('',(0.,0.,1.));
#94 = ORIENTED_EDGE('',*,*,#95,.T.);
#95 = EDGE_CURVE('',#88,#96,#98,.T.);
#96 = VERTEX_POINT('',#97);
#97 = CARTESIAN_POINT('',(-0.8,0.37,0.8));
#98 = CIRCLE('',#99,3.E-02);
#99 = AXIS2_PLACEMENT_3D('',#100,#101,#102);
#100 = CARTESIAN_POINT('',(-0.8,0.37,0.77));
#101 = DIRECTION('',(1.,0.,-0.));
#102 = DIRECTION('',(0.,0.,1.));
#103 = ORIENTED_EDGE('',*,*,#104,.F.);
#104 = EDGE_CURVE('',#105,#96,#107,.T.);
#105 = VERTEX_POINT('',#106);
#106 = CARTESIAN_POINT('',(-0.8,-0.37,0.8));
#107 = LINE('',#108,#109);
#108 = CARTESIAN_POINT('',(-0.8,-0.4,0.8));
#109 = VECTOR('',#110,1.);
#110 = DIRECTION('',(0.,1.,0.));
#111 = ORIENTED_EDGE('',*,*,#112,.F.);
#112 = EDGE_CURVE('',#54,#105,#113,.T.);
#113 = CIRCLE('',#114,3.E-02);
#114 = AXIS2_PLACEMENT_3D('',#115,#116,#117);
#115 = CARTESIAN_POINT('',(-0.8,-0.37,0.77));
#116 = DIRECTION('',(-1.,0.,0.));
#117 = DIRECTION('',(0.,0.,1.));
#118 = PLANE('',#119);
#119 = AXIS2_PLACEMENT_3D('',#120,#121,#122);
#120 = CARTESIAN_POINT('',(-0.8,-0.4,0.));
#121 = DIRECTION('',(1.,0.,0.));
#122 = DIRECTION('',(0.,0.,1.));
#123 = ADVANCED_FACE('',(#124),#149,.F.);
#124 = FACE_BOUND('',#125,.F.);
#125 = EDGE_LOOP('',(#126,#136,#142,#143));
#126 = ORIENTED_EDGE('',*,*,#127,.F.);
#127 = EDGE_CURVE('',#128,#130,#132,.T.);
#128 = VERTEX_POINT('',#129);
#129 = CARTESIAN_POINT('',(-0.5,-0.4,3.E-02));
#130 = VERTEX_POINT('',#131);
#131 = CARTESIAN_POINT('',(-0.5,-0.4,0.77));
#132 = LINE('',#133,#134);
#133 = CARTESIAN_POINT('',(-0.5,-0.4,0.));
#134 = VECTOR('',#135,1.);
#135 = DIRECTION('',(0.,0.,1.));
#136 = ORIENTED_EDGE('',*,*,#137,.F.);
#137 = EDGE_CURVE('',#52,#128,#138,.T.);
#138 = LINE('',#139,#140);
#139 = CARTESIAN_POINT('',(-0.8,-0.4,3.E-02));
#140 = VECTOR('',#141,1.);
#141 = DIRECTION('',(1.,0.,0.));
#142 = ORIENTED_EDGE('',*,*,#51,.T.);
#143 = ORIENTED_EDGE('',*,*,#144,.T.);
#144 = EDGE_CURVE('',#54,#130,#145,.T.);
#145 = LINE('',#146,#147);
#146 = CARTESIAN_POINT('',(-0.8,-0.4,0.77));
#147 = VECTOR('',#148,1.);
#148 = DIRECTION('',(1.,0.,0.));
#149 = PLANE('',#150);
#150 = AXIS2_PLACEMENT_3D('',#151,#152,#153);
#151 = CARTESIAN_POINT('',(-0.8,-0.4,0.));
#152 = DIRECTION('',(0.,1.,0.));
#153 = DIRECTION('',(0.,-0.,1.));
#154 = ADVANCED_FACE('',(#155),#174,.T.);
#155 = FACE_BOUND('',#156,.T.);
#156 = EDGE_LOOP('',(#157,#158,#166,#173));
#157 = ORIENTED_EDGE('',*,*,#61,.T.);
#158 = ORIENTED_EDGE('',*,*,#159,.T.);
#159 = EDGE_CURVE('',#62,#160,#162,.T.);
#160 = VERTEX_POINT('',#161);
#161 = CARTESIAN_POINT('',(-0.5,-0.37,0.));
#162 = LINE('',#163,#164);
#163 = CARTESIAN_POINT('',(-0.8,-0.37,0.));
#164 = VECTOR('',#165,1.);
#165 = DIRECTION('',(1.,0.,0.));
#166 = ORIENTED_EDGE('',*,*,#167,.F.);
#167 = EDGE_CURVE('',#128,#160,#168,.T.);
#168 = CIRCLE('',#169,3.E-02);
#169 = AXIS2_PLACEMENT_3D('',#170,#171,#172);
#170 = CARTESIAN_POINT('',(-0.5,-0.37,3.E-02));
#171 = DIRECTION('',(1.,0.,-0.));
#172 = DIRECTION('',(0.,0.,1.));
#173 = ORIENTED_EDGE('',*,*,#137,.F.);
#174 = CYLINDRICAL_SURFACE('',#175,3.E-02);
#175 = AXIS2_PLACEMENT_3D('',#176,#177,#178);
#176 = CARTESIAN_POINT('',(-0.8,-0.37,3.E-02));
#177 = DIRECTION('',(1.,0.,0.));
#178 = DIRECTION('',(0.,-1.,0.));
#179 = ADVANCED_FACE('',(#180),#199,.T.);
#180 = FACE_BOUND('',#181,.T.);
#181 = EDGE_LOOP('',(#182,#183,#192,#198));
#182 = ORIENTED_EDGE('',*,*,#144,.T.);
#183 = ORIENTED_EDGE('',*,*,#184,.T.);
#184 = EDGE_CURVE('',#130,#185,#187,.T.);
#185 = VERTEX_POINT('',#186);
#186 = CARTESIAN_POINT('',(-0.5,-0.37,0.8));
#187 = CIRCLE('',#188,3.E-02);
#188 = AXIS2_PLACEMENT_3D('',#189,#190,#191);
#189 = CARTESIAN_POINT('',(-0.5,-0.37,0.77));
#190 = DIRECTION('',(-1.,0.,0.));
#191 = DIRECTION('',(0.,0.,1.));
#192 = ORIENTED_EDGE('',*,*,#193,.F.);
#193 = EDGE_CURVE('',#105,#185,#194,.T.);
#194 = LINE('',#195,#196);
#195 = CARTESIAN_POINT('',(-0.8,-0.37,0.8));
#196 = VECTOR('',#197,1.);
#197 = DIRECTION('',(1.,0.,0.));
#198 = ORIENTED_EDGE('',*,*,#112,.F.);
#199 = CYLINDRICAL_SURFACE('',#200,3.E-02);
#200 = AXIS2_PLACEMENT_3D('',#201,#202,#203);
#201 = CARTESIAN_POINT('',(-0.8,-0.37,0.77));
#202 = DIRECTION('',(1.,0.,0.));
#203 = DIRECTION('',(0.,-1.,0.));
#204 = ADVANCED_FACE('',(#205),#223,.F.);
#205 = FACE_BOUND('',#206,.F.);
#206 = EDGE_LOOP('',(#207,#208,#209,#217));
#207 = ORIENTED_EDGE('',*,*,#70,.F.);
#208 = ORIENTED_EDGE('',*,*,#159,.T.);
#209 = ORIENTED_EDGE('',*,*,#210,.T.);
#210 = EDGE_CURVE('',#160,#211,#213,.T.);
#211 = VERTEX_POINT('',#212);
#212 = CARTESIAN_POINT('',(-0.5,0.37,0.));
#213 = LINE('',#214,#215);
#214 = CARTESIAN_POINT('',(-0.5,-0.4,0.));
#215 = VECTOR('',#216,1.);
#216 = DIRECTION('',(0.,1.,0.));
#217 = ORIENTED_EDGE('',*,*,#218,.F.);
#218 = EDGE_CURVE('',#71,#211,#219,.T.);
#219 = LINE('',#220,#221);
#220 = CARTESIAN_POINT('',(-0.8,0.37,0.));
#221 = VECTOR('',#222,1.);
#222 = DIRECTION('',(1.,0.,0.));
#223 = PLANE('',#224);
#224 = AXIS2_PLACEMENT_3D('',#225,#226,#227);
#225 = CARTESIAN_POINT('',(-0.8,-0.4,0.));
#226 = DIRECTION('',(0.,0.,1.));
#227 = DIRECTION('',(1.,0.,-0.));
#228 = ADVANCED_FACE('',(#229),#247,.T.);
#229 = FACE_BOUND('',#230,.T.);
#230 = EDGE_LOOP('',(#231,#232,#233,#241));
#231 = ORIENTED_EDGE('',*,*,#104,.F.);
#232 = ORIENTED_EDGE('',*,*,#193,.T.);
#233 = ORIENTED_EDGE('',*,*,#234,.T.);
#234 = EDGE_CURVE('',#185,#235,#237,.T.);
#235 = VERTEX_POINT('',#236);
#236 = CARTESIAN_POINT('',(-0.5,0.37,0.8));
#237 = LINE('',#238,#239);
#238 = CARTESIAN_POINT('',(-0.5,-0.4,0.8));
#239 = VECTOR('',#240,1.);
#240 = DIRECTION('',(0.,1.,0.));
#241 = ORIENTED_EDGE('',*,*,#242,.F.);
#242 = EDGE_CURVE('',#96,#235,#243,.T.);
#243 = LINE('',#244,#245);
#244 = CARTESIAN_POINT('',(-0.8,0.37,0.8));
#245 = VECTOR('',#246,1.);
#246 = DIRECTION('',(1.,0.,0.));
#247 = PLANE('',#248);
#248 = AXIS2_PLACEMENT_3D('',#249,#250,#251);
#249 = CARTESIAN_POINT('',(-0.8,-0.4,0.8));
#250 = DIRECTION('',(0.,0.,1.));
#251 = DIRECTION('',(1.,0.,-0.));
#252 = ADVANCED_FACE('',(#253),#272,.T.);
#253 = FACE_BOUND('',#254,.T.);
#254 = EDGE_LOOP('',(#255,#263,#270,#271));
#255 = ORIENTED_EDGE('',*,*,#256,.T.);
#256 = EDGE_CURVE('',#79,#257,#259,.T.);
#257 = VERTEX_POINT('',#258);
#258 = CARTESIAN_POINT('',(-0.5,0.4,3.E-02));
#259 = LINE('',#260,#261);
#260 = CARTESIAN_POINT('',(-0.8,0.4,3.E-02));
#261 = VECTOR('',#262,1.);
#262 = DIRECTION('',(1.,0.,0.));
#263 = ORIENTED_EDGE('',*,*,#264,.T.);
#264 = EDGE_CURVE('',#257,#211,#265,.T.);
#265 = CIRCLE('',#266,3.E-02);
#266 = AXIS2_PLACEMENT_3D('',#267,#268,#269);
#267 = CARTESIAN_POINT('',(-0.5,0.37,3.E-02));
#268 = DIRECTION('',(-1.,0.,0.));
#269 = DIRECTION('',(0.,0.,1.));
#270 = ORIENTED_EDGE('',*,*,#218,.F.);
#271 = ORIENTED_EDGE('',*,*,#78,.F.);
#272 = CYLINDRICAL_SURFACE('',#273,3.E-02);
#273 = AXIS2_PLACEMENT_3D('',#274,#275,#276);
#274 = CARTESIAN_POINT('',(-0.8,0.37,3.E-02));
#275 = DIRECTION('',(1.,0.,0.));
#276 = DIRECTION('',(-0.,1.,0.));
#277 = ADVANCED_FACE('',(#278),#297,.T.);
#278 = FACE_BOUND('',#279,.T.);
#279 = EDGE_LOOP('',(#280,#281,#282,#291));
#280 = ORIENTED_EDGE('',*,*,#95,.T.);
#281 = ORIENTED_EDGE('',*,*,#242,.T.);
#282 = ORIENTED_EDGE('',*,*,#283,.F.);
#283 = EDGE_CURVE('',#284,#235,#286,.T.);
#284 = VERTEX_POINT('',#285);
#285 = CARTESIAN_POINT('',(-0.5,0.4,0.77));
#286 = CIRCLE('',#287,3.E-02);
#287 = AXIS2_PLACEMENT_3D('',#288,#289,#290);
#288 = CARTESIAN_POINT('',(-0.5,0.37,0.77));
#289 = DIRECTION('',(1.,0.,-0.));
#290 = DIRECTION('',(0.,0.,1.));
#291 = ORIENTED_EDGE('',*,*,#292,.F.);
#292 = EDGE_CURVE('',#88,#284,#293,.T.);
#293 = LINE('',#294,#295);
#294 = CARTESIAN_POINT('',(-0.8,0.4,0.77));
#295 = VECTOR('',#296,1.);
#296 = DIRECTION('',(1.,0.,0.));
#297 = CYLINDRICAL_SURFACE('',#298,3.E-02);
#298 = AXIS2_PLACEMENT_3D('',#299,#300,#301);
#299 = CARTESIAN_POINT('',(-0.8,0.37,0.77));
#300 = DIRECTION('',(1.,0.,0.));
#301 = DIRECTION('',(-0.,1.,0.));
#302 = ADVANCED_FACE('',(#303),#314,.T.);
#303 = FACE_BOUND('',#304,.T.);
#304 = EDGE_LOOP('',(#305,#311,#312,#313));
#305 = ORIENTED_EDGE('',*,*,#306,.F.);
#306 = EDGE_CURVE('',#257,#284,#307,.T.);
#307 = LINE('',#308,#309);
#308 = CARTESIAN_POINT('',(-0.5,0.4,0.));
#309 = VECTOR('',#310,1.);
#310 = DIRECTION('',(0.,0.,1.));
#311 = ORIENTED_EDGE('',*,*,#256,.F.);
#312 = ORIENTED_EDGE('',*,*,#87,.T.);
#313 = ORIENTED_EDGE('',*,*,#292,.T.);
#314 = PLANE('',#315);
#315 = AXIS2_PLACEMENT_3D('',#316,#317,#318);
#316 = CARTESIAN_POINT('',(-0.8,0.4,0.));
#317 = DIRECTION('',(0.,1.,0.));
#318 = DIRECTION('',(0.,-0.,1.));
#319 = ADVANCED_FACE('',(#320,#330),#400,.T.);
#320 = FACE_BOUND('',#321,.T.);
#321 = EDGE_LOOP('',(#322,#323,#324,#325,#326,#327,#328,#329));
#322 = ORIENTED_EDGE('',*,*,#127,.F.);
#323 = ORIENTED_EDGE('',*,*,#167,.T.);
#324 = ORIENTED_EDGE('',*,*,#210,.T.);
#325 = ORIENTED_EDGE('',*,*,#264,.F.);
#326 = ORIENTED_EDGE('',*,*,#306,.T.);
#327 = ORIENTED_EDGE('',*,*,#283,.T.);
#328 = ORIENTED_EDGE('',*,*,#234,.F.);
#329 = ORIENTED_EDGE('',*,*,#184,.F.);
#330 = FACE_BOUND('',#331,.T.);
#331 = EDGE_LOOP('',(#332,#343,#351,#360,#368,#377,#385,#394));
#332 = ORIENTED_EDGE('',*,*,#333,.F.);
#333 = EDGE_CURVE('',#334,#336,#338,.T.);
#334 = VERTEX_POINT('',#335);
#335 = CARTESIAN_POINT('',(-0.5,-0.37,6.E-02));
#336 = VERTEX_POINT('',#337);
#337 = CARTESIAN_POINT('',(-0.5,-0.34,3.E-02));
#338 = CIRCLE('',#339,3.E-02);
#339 = AXIS2_PLACEMENT_3D('',#340,#341,#342);
#340 = CARTESIAN_POINT('',(-0.5,-0.34,6.E-02));
#341 = DIRECTION('',(1.,0.,-0.));
#342 = DIRECTION('',(0.,0.,1.));
#343 = ORIENTED_EDGE('',*,*,#344,.T.);
#344 = EDGE_CURVE('',#334,#345,#347,.T.);
#345 = VERTEX_POINT('',#346);
#346 = CARTESIAN_POINT('',(-0.5,-0.37,0.74));
#347 = LINE('',#348,#349);
#348 = CARTESIAN_POINT('',(-0.5,-0.37,3.E-02));
#349 = VECTOR('',#350,1.);
#350 = DIRECTION('',(0.,0.,1.));
#351 = ORIENTED_EDGE('',*,*,#352,.T.);
#352 = EDGE_CURVE('',#345,#353,#355,.T.);
#353 = VERTEX_POINT('',#354);
#354 = CARTESIAN_POINT('',(-0.5,-0.34,0.77));
#355 = CIRCLE('',#356,3.E-02);
#356 = AXIS2_PLACEMENT_3D('',#357,#358,#359);
#357 = CARTESIAN_POINT('',(-0.5,-0.34,0.74));
#358 = DIRECTION('',(-1.,0.,0.));
#359 = DIRECTION('',(0.,0.,1.));
#360 = ORIENTED_EDGE('',*,*,#361,.T.);
#361 = EDGE_CURVE('',#353,#362,#364,.T.);
#362 = VERTEX_POINT('',#363);
#363 = CARTESIAN_POINT('',(-0.5,0.34,0.77));
#364 = LINE('',#365,#366);
#365 = CARTESIAN_POINT('',(-0.5,-0.37,0.77));
#366 = VECTOR('',#367,1.);
#367 = DIRECTION('',(0.,1.,0.));
#368 = ORIENTED_EDGE('',*,*,#369,.F.);
#369 = EDGE_CURVE('',#370,#362,#372,.T.);
#370 = VERTEX_POINT('',#371);
#371 = CARTESIAN_POINT('',(-0.5,0.37,0.74));
#372 = CIRCLE('',#373,3.E-02);
#373 = AXIS2_PLACEMENT_3D('',#374,#375,#376);
#374 = CARTESIAN_POINT('',(-0.5,0.34,0.74));
#375 = DIRECTION('',(1.,0.,-0.));
#376 = DIRECTION('',(0.,0.,1.));
#377 = ORIENTED_EDGE('',*,*,#378,.F.);
#378 = EDGE_CURVE('',#379,#370,#381,.T.);
#379 = VERTEX_POINT('',#380);
#380 = CARTESIAN_POINT('',(-0.5,0.37,6.E-02));
#381 = LINE('',#382,#383);
#382 = CARTESIAN_POINT('',(-0.5,0.37,3.E-02));
#383 = VECTOR('',#384,1.);
#384 = DIRECTION('',(0.,0.,1.));
#385 = ORIENTED_EDGE('',*,*,#386,.T.);
#386 = EDGE_CURVE('',#379,#387,#389,.T.);
#387 = VERTEX_POINT('',#388);
#388 = CARTESIAN_POINT('',(-0.5,0.34,3.E-02));
#389 = CIRCLE('',#390,3.E-02);
#390 = AXIS2_PLACEMENT_3D('',#391,#392,#393);
#391 = CARTESIAN_POINT('',(-0.5,0.34,6.E-02));
#392 = DIRECTION('',(-1.,0.,0.));
#393 = DIRECTION('',(0.,0.,1.));
#394 = ORIENTED_EDGE('',*,*,#395,.F.);
#395 = EDGE_CURVE('',#336,#387,#396,.T.);
#396 = LINE('',#397,#398);
#397 = CARTESIAN_POINT('',(-0.5,-0.37,3.E-02));
#398 = VECTOR('',#399,1.);
#399 = DIRECTION('',(0.,1.,0.));
#400 = PLANE('',#401);
#401 = AXIS2_PLACEMENT_3D('',#402,#403,#404);
#402 = CARTESIAN_POINT('',(-0.5,-0.4,0.));
#403 = DIRECTION('',(1.,0.,0.));
#404 = DIRECTION('',(0.,0.,1.));
#405 = ADVANCED_FACE('',(#406),#432,.T.);
#406 = FACE_BOUND('',#407,.T.);
#407 = EDGE_LOOP('',(#408,#409,#417,#426));
#408 = ORIENTED_EDGE('',*,*,#333,.T.);
#409 = ORIENTED_EDGE('',*,*,#410,.T.);
#410 = EDGE_CURVE('',#336,#411,#413,.T.);
#411 = VERTEX_POINT('',#412);
#412 = CARTESIAN_POINT('',(0.5,-0.34,3.E-02));
#413 = LINE('',#414,#415);
#414 = CARTESIAN_POINT('',(-0.5,-0.34,3.E-02));
#415 = VECTOR('',#416,1.);
#416 = DIRECTION('',(1.,0.,0.));
#417 = ORIENTED_EDGE('',*,*,#418,.F.);
#418 = EDGE_CURVE('',#419,#411,#421,.T.);
#419 = VERTEX_POINT('',#420);
#420 = CARTESIAN_POINT('',(0.5,-0.37,6.E-02));
#421 = CIRCLE('',#422,3.E-02);
#422 = AXIS2_PLACEMENT_3D('',#423,#424,#425);
#423 = CARTESIAN_POINT('',(0.5,-0.34,6.E-02));
#424 = DIRECTION('',(1.,0.,-0.));
#425 = DIRECTION('',(0.,0.,1.));
#426 = ORIENTED_EDGE('',*,*,#427,.F.);
#427 = EDGE_CURVE('',#334,#419,#428,.T.);
#428 = LINE('',#429,#430);
#429 = CARTESIAN_POINT('',(-0.5,-0.37,6.E-02));
#430 = VECTOR('',#431,1.);
#431 = DIRECTION('',(1.,0.,0.));
#432 = CYLINDRICAL_SURFACE('',#433,3.E-02);
#433 = AXIS2_PLACEMENT_3D('',#434,#435,#436);
#434 = CARTESIAN_POINT('',(-0.5,-0.34,6.E-02));
#435 = DIRECTION('',(1.,0.,0.));
#436 = DIRECTION('',(0.,-1.,0.));
#437 = ADVANCED_FACE('',(#438),#456,.F.);
#438 = FACE_BOUND('',#439,.F.);
#439 = EDGE_LOOP('',(#440,#441,#442,#450));
#440 = ORIENTED_EDGE('',*,*,#395,.F.);
#441 = ORIENTED_EDGE('',*,*,#410,.T.);
#442 = ORIENTED_EDGE('',*,*,#443,.T.);
#443 = EDGE_CURVE('',#411,#444,#446,.T.);
#444 = VERTEX_POINT('',#445);
#445 = CARTESIAN_POINT('',(0.5,0.34,3.E-02));
#446 = LINE('',#447,#448);
#447 = CARTESIAN_POINT('',(0.5,-0.37,3.E-02));
#448 = VECTOR('',#449,1.);
#449 = DIRECTION('',(0.,1.,0.));
#450 = ORIENTED_EDGE('',*,*,#451,.F.);
#451 = EDGE_CURVE('',#387,#444,#452,.T.);
#452 = LINE('',#453,#454);
#453 = CARTESIAN_POINT('',(-0.5,0.34,3.E-02));
#454 = VECTOR('',#455,1.);
#455 = DIRECTION('',(1.,0.,0.));
#456 = PLANE('',#457);
#457 = AXIS2_PLACEMENT_3D('',#458,#459,#460);
#458 = CARTESIAN_POINT('',(-0.5,-0.37,3.E-02));
#459 = DIRECTION('',(0.,0.,1.));
#460 = DIRECTION('',(1.,0.,-0.));
#461 = ADVANCED_FACE('',(#462),#481,.T.);
#462 = FACE_BOUND('',#463,.T.);
#463 = EDGE_LOOP('',(#464,#472,#479,#480));
#464 = ORIENTED_EDGE('',*,*,#465,.T.);
#465 = EDGE_CURVE('',#379,#466,#468,.T.);
#466 = VERTEX_POINT('',#467);
#467 = CARTESIAN_POINT('',(0.5,0.37,6.E-02));
#468 = LINE('',#469,#470);
#469 = CARTESIAN_POINT('',(-0.5,0.37,6.E-02));
#470 = VECTOR('',#471,1.);
#471 = DIRECTION('',(1.,0.,0.));
#472 = ORIENTED_EDGE('',*,*,#473,.T.);
#473 = EDGE_CURVE('',#466,#444,#474,.T.);
#474 = CIRCLE('',#475,3.E-02);
#475 = AXIS2_PLACEMENT_3D('',#476,#477,#478);
#476 = CARTESIAN_POINT('',(0.5,0.34,6.E-02));
#477 = DIRECTION('',(-1.,0.,0.));
#478 = DIRECTION('',(0.,0.,1.));
#479 = ORIENTED_EDGE('',*,*,#451,.F.);
#480 = ORIENTED_EDGE('',*,*,#386,.F.);
#481 = CYLINDRICAL_SURFACE('',#482,3.E-02);
#482 = AXIS2_PLACEMENT_3D('',#483,#484,#485);
#483 = CARTESIAN_POINT('',(-0.5,0.34,6.E-02));
#484 = DIRECTION('',(1.,0.,0.));
#485 = DIRECTION('',(-0.,1.,0.));
#486 = ADVANCED_FACE('',(#487),#505,.T.);
#487 = FACE_BOUND('',#488,.T.);
#488 = EDGE_LOOP('',(#489,#497,#498,#499));
#489 = ORIENTED_EDGE('',*,*,#490,.F.);
#490 = EDGE_CURVE('',#466,#491,#493,.T.);
#491 = VERTEX_POINT('',#492);
#492 = CARTESIAN_POINT('',(0.5,0.37,0.74));
#493 = LINE('',#494,#495);
#494 = CARTESIAN_POINT('',(0.5,0.37,3.E-02));
#495 = VECTOR('',#496,1.);
#496 = DIRECTION('',(0.,0.,1.));
#497 = ORIENTED_EDGE('',*,*,#465,.F.);
#498 = ORIENTED_EDGE('',*,*,#378,.T.);
#499 = ORIENTED_EDGE('',*,*,#500,.T.);
#500 = EDGE_CURVE('',#370,#491,#501,.T.);
#501 = LINE('',#502,#503);
#502 = CARTESIAN_POINT('',(-0.5,0.37,0.74));
#503 = VECTOR('',#504,1.);
#504 = DIRECTION('',(1.,0.,0.));
#505 = PLANE('',#506);
#506 = AXIS2_PLACEMENT_3D('',#507,#508,#509);
#507 = CARTESIAN_POINT('',(-0.5,0.37,3.E-02));
#508 = DIRECTION('',(0.,1.,0.));
#509 = DIRECTION('',(0.,-0.,1.));
#510 = ADVANCED_FACE('',(#511),#530,.T.);
#511 = FACE_BOUND('',#512,.T.);
#512 = EDGE_LOOP('',(#513,#514,#522,#529));
#513 = ORIENTED_EDGE('',*,*,#369,.T.);
#514 = ORIENTED_EDGE('',*,*,#515,.T.);
#515 = EDGE_CURVE('',#362,#516,#518,.T.);
#516 = VERTEX_POINT('',#517);
#517 = CARTESIAN_POINT('',(0.5,0.34,0.77));
#518 = LINE('',#519,#520);
#519 = CARTESIAN_POINT('',(-0.5,0.34,0.77));
#520 = VECTOR('',#521,1.);
#521 = DIRECTION('',(1.,0.,0.));
#522 = ORIENTED_EDGE('',*,*,#523,.F.);
#523 = EDGE_CURVE('',#491,#516,#524,.T.);
#524 = CIRCLE('',#525,3.E-02);
#525 = AXIS2_PLACEMENT_3D('',#526,#527,#528);
#526 = CARTESIAN_POINT('',(0.5,0.34,0.74));
#527 = DIRECTION('',(1.,0.,-0.));
#528 = DIRECTION('',(0.,0.,1.));
#529 = ORIENTED_EDGE('',*,*,#500,.F.);
#530 = CYLINDRICAL_SURFACE('',#531,3.E-02);
#531 = AXIS2_PLACEMENT_3D('',#532,#533,#534);
#532 = CARTESIAN_POINT('',(-0.5,0.34,0.74));
#533 = DIRECTION('',(1.,0.,0.));
#534 = DIRECTION('',(-0.,1.,0.));
#535 = ADVANCED_FACE('',(#536),#554,.T.);
#536 = FACE_BOUND('',#537,.T.);
#537 = EDGE_LOOP('',(#538,#539,#547,#553));
#538 = ORIENTED_EDGE('',*,*,#361,.F.);
#539 = ORIENTED_EDGE('',*,*,#540,.T.);
#540 = EDGE_CURVE('',#353,#541,#543,.T.);
#541 = VERTEX_POINT('',#542);
#542 = CARTESIAN_POINT('',(0.5,-0.34,0.77));
#543 = LINE('',#544,#545);
#544 = CARTESIAN_POINT('',(-0.5,-0.34,0.77));
#545 = VECTOR('',#546,1.);
#546 = DIRECTION('',(1.,0.,0.));
#547 = ORIENTED_EDGE('',*,*,#548,.T.);
#548 = EDGE_CURVE('',#541,#516,#549,.T.);
#549 = LINE('',#550,#551);
#550 = CARTESIAN_POINT('',(0.5,-0.37,0.77));
#551 = VECTOR('',#552,1.);
#552 = DIRECTION('',(0.,1.,0.));
#553 = ORIENTED_EDGE('',*,*,#515,.F.);
#554 = PLANE('',#555);
#555 = AXIS2_PLACEMENT_3D('',#556,#557,#558);
#556 = CARTESIAN_POINT('',(-0.5,-0.37,0.77));
#557 = DIRECTION('',(0.,0.,1.));
#558 = DIRECTION('',(1.,0.,-0.));
#559 = ADVANCED_FACE('',(#560),#579,.T.);
#560 = FACE_BOUND('',#561,.T.);
#561 = EDGE_LOOP('',(#562,#570,#577,#578));
#562 = ORIENTED_EDGE('',*,*,#563,.T.);
#563 = EDGE_CURVE('',#345,#564,#566,.T.);
#564 = VERTEX_POINT('',#565);
#565 = CARTESIAN_POINT('',(0.5,-0.37,0.74));
#566 = LINE('',#567,#568);
#567 = CARTESIAN_POINT('',(-0.5,-0.37,0.74));
#568 = VECTOR('',#569,1.);
#569 = DIRECTION('',(1.,0.,0.));
#570 = ORIENTED_EDGE('',*,*,#571,.T.);
#571 = EDGE_CURVE('',#564,#541,#572,.T.);
#572 = CIRCLE('',#573,3.E-02);
#573 = AXIS2_PLACEMENT_3D('',#574,#575,#576);
#574 = CARTESIAN_POINT('',(0.5,-0.34,0.74));
#575 = DIRECTION('',(-1.,0.,0.));
#576 = DIRECTION('',(0.,0.,1.));
#577 = ORIENTED_EDGE('',*,*,#540,.F.);
#578 = ORIENTED_EDGE('',*,*,#352,.F.);
#579 = CYLINDRICAL_SURFACE('',#580,3.E-02);
#580 = AXIS2_PLACEMENT_3D('',#581,#582,#583);
#581 = CARTESIAN_POINT('',(-0.5,-0.34,0.74));
#582 = DIRECTION('',(1.,0.,0.));
#583 = DIRECTION('',(0.,-1.,0.));
#584 = ADVANCED_FACE('',(#585),#596,.F.);
#585 = FACE_BOUND('',#586,.F.);
#586 = EDGE_LOOP('',(#587,#593,#594,#595));
#587 = ORIENTED_EDGE('',*,*,#588,.F.);
#588 = EDGE_CURVE('',#419,#564,#589,.T.);
#589 = LINE('',#590,#591);
#590 = CARTESIAN_POINT('',(0.5,-0.37,3.E-02));
#591 = VECTOR('',#592,1.);
#592 = DIRECTION('',(0.,0.,1.));
#593 = ORIENTED_EDGE('',*,*,#427,.F.);
#594 = ORIENTED_EDGE('',*,*,#344,.T.);
#595 = ORIENTED_EDGE('',*,*,#563,.T.);
#596 = PLANE('',#597);
#597 = AXIS2_PLACEMENT_3D('',#598,#599,#600);
#598 = CARTESIAN_POINT('',(-0.5,-0.37,3.E-02));
#599 = DIRECTION('',(0.,1.,0.));
#600 = DIRECTION('',(0.,-0.,1.));
#601 = ADVANCED_FACE('',(#602,#672),#682,.F.);
#602 = FACE_BOUND('',#603,.F.);
#603 = EDGE_LOOP('',(#604,#614,#623,#631,#640,#648,#657,#665));
#604 = ORIENTED_EDGE('',*,*,#605,.F.);
#605 = EDGE_CURVE('',#606,#608,#610,.T.);
#606 = VERTEX_POINT('',#607);
#607 = CARTESIAN_POINT('',(0.5,-0.4,3.E-02));
#608 = VERTEX_POINT('',#609);
#609 = CARTESIAN_POINT('',(0.5,-0.4,0.77));
#610 = LINE('',#611,#612);
#611 = CARTESIAN_POINT('',(0.5,-0.4,0.));
#612 = VECTOR('',#613,1.);
#613 = DIRECTION('',(0.,0.,1.));
#614 = ORIENTED_EDGE('',*,*,#615,.T.);
#615 = EDGE_CURVE('',#606,#616,#618,.T.);
#616 = VERTEX_POINT('',#617);
#617 = CARTESIAN_POINT('',(0.5,-0.37,0.));
#618 = CIRCLE('',#619,3.E-02);
#619 = AXIS2_PLACEMENT_3D('',#620,#621,#622);
#620 = CARTESIAN_POINT('',(0.5,-0.37,3.E-02));
#621 = DIRECTION('',(1.,0.,-0.));
#622 = DIRECTION('',(0.,0.,1.));
#623 = ORIENTED_EDGE('',*,*,#624,.T.);
#624 = EDGE_CURVE('',#616,#625,#627,.T.);
#625 = VERTEX_POINT('',#626);
#626 = CARTESIAN_POINT('',(0.5,0.37,0.));
#627 = LINE('',#628,#629);
#628 = CARTESIAN_POINT('',(0.5,-0.4,0.));
#629 = VECTOR('',#630,1.);
#630 = DIRECTION('',(0.,1.,0.));
#631 = ORIENTED_EDGE('',*,*,#632,.F.);
#632 = EDGE_CURVE('',#633,#625,#635,.T.);
#633 = VERTEX_POINT('',#634);
#634 = CARTESIAN_POINT('',(0.5,0.4,3.E-02));
#635 = CIRCLE('',#636,3.E-02);
#636 = AXIS2_PLACEMENT_3D('',#637,#638,#639);
#637 = CARTESIAN_POINT('',(0.5,0.37,3.E-02));
#638 = DIRECTION('',(-1.,0.,0.));
#639 = DIRECTION('',(0.,0.,1.));
#640 = ORIENTED_EDGE('',*,*,#641,.T.);
#641 = EDGE_CURVE('',#633,#642,#644,.T.);
#642 = VERTEX_POINT('',#643);
#643 = CARTESIAN_POINT('',(0.5,0.4,0.77));
#644 = LINE('',#645,#646);
#645 = CARTESIAN_POINT('',(0.5,0.4,0.));
#646 = VECTOR('',#647,1.);
#647 = DIRECTION('',(0.,0.,1.));
#648 = ORIENTED_EDGE('',*,*,#649,.T.);
#649 = EDGE_CURVE('',#642,#650,#652,.T.);
#650 = VERTEX_POINT('',#651);
#651 = CARTESIAN_POINT('',(0.5,0.37,0.8));
#652 = CIRCLE('',#653,3.E-02);
#653 = AXIS2_PLACEMENT_3D('',#654,#655,#656);
#654 = CARTESIAN_POINT('',(0.5,0.37,0.77));
#655 = DIRECTION('',(1.,0.,-0.));
#656 = DIRECTION('',(0.,0.,1.));
#657 = ORIENTED_EDGE('',*,*,#658,.F.);
#658 = EDGE_CURVE('',#659,#650,#661,.T.);
#659 = VERTEX_POINT('',#660);
#660 = CARTESIAN_POINT('',(0.5,-0.37,0.8));
#661 = LINE('',#662,#663);
#662 = CARTESIAN_POINT('',(0.5,-0.4,0.8));
#663 = VECTOR('',#664,1.);
#664 = DIRECTION('',(0.,1.,0.));
#665 = ORIENTED_EDGE('',*,*,#666,.F.);
#666 = EDGE_CURVE('',#608,#659,#667,.T.);
#667 = CIRCLE('',#668,3.E-02);
#668 = AXIS2_PLACEMENT_3D('',#669,#670,#671);
#669 = CARTESIAN_POINT('',(0.5,-0.37,0.77));
#670 = DIRECTION('',(-1.,0.,0.));
#671 = DIRECTION('',(0.,0.,1.));
#672 = FACE_BOUND('',#673,.F.);
#673 = EDGE_LOOP('',(#674,#675,#676,#677,#678,#679,#680,#681));
#674 = ORIENTED_EDGE('',*,*,#418,.F.);
#675 = ORIENTED_EDGE('',*,*,#588,.T.);
#676 = ORIENTED_EDGE('',*,*,#571,.T.);
#677 = ORIENTED_EDGE('',*,*,#548,.T.);
#678 = ORIENTED_EDGE('',*,*,#523,.F.);
#679 = ORIENTED_EDGE('',*,*,#490,.F.);
#680 = ORIENTED_EDGE('',*,*,#473,.T.);
#681 = ORIENTED_EDGE('',*,*,#443,.F.);
#682 = PLANE('',#683);
#683 = AXIS2_PLACEMENT_3D('',#684,#685,#686);
#684 = CARTESIAN_POINT('',(0.5,-0.4,0.));
#685 = DIRECTION('',(1.,0.,0.));
#686 = DIRECTION('',(0.,0.,1.));
#687 = ADVANCED_FACE('',(#688),#713,.F.);
#688 = FACE_BOUND('',#689,.F.);
#689 = EDGE_LOOP('',(#690,#700,#706,#707));
#690 = ORIENTED_EDGE('',*,*,#691,.F.);
#691 = EDGE_CURVE('',#692,#694,#696,.T.);
#692 = VERTEX_POINT('',#693);
#693 = CARTESIAN_POINT('',(0.8,-0.4,3.E-02));
#694 = VERTEX_POINT('',#695);
#695 = CARTESIAN_POINT('',(0.8,-0.4,0.77));
#696 = LINE('',#697,#698);
#697 = CARTESIAN_POINT('',(0.8,-0.4,0.));
#698 = VECTOR('',#699,1.);
#699 = DIRECTION('',(0.,0.,1.));
#700 = ORIENTED_EDGE('',*,*,#701,.F.);
#701 = EDGE_CURVE('',#606,#692,#702,.T.);
#702 = LINE('',#703,#704);
#703 = CARTESIAN_POINT('',(0.5,-0.4,3.E-02));
#704 = VECTOR('',#705,1.);
#705 = DIRECTION('',(1.,0.,0.));
#706 = ORIENTED_EDGE('',*,*,#605,.T.);
#707 = ORIENTED_EDGE('',*,*,#708,.T.);
#708 = EDGE_CURVE('',#608,#694,#709,.T.);
#709 = LINE('',#710,#711);
#710 = CARTESIAN_POINT('',(0.5,-0.4,0.77));
#711 = VECTOR('',#712,1.);
#712 = DIRECTION('',(1.,0.,0.));
#713 = PLANE('',#714);
#714 = AXIS2_PLACEMENT_3D('',#715,#716,#717);
#715 = CARTESIAN_POINT('',(0.5,-0.4,0.));
#716 = DIRECTION('',(0.,1.,0.));
#717 = DIRECTION('',(0.,-0.,1.));
#718 = ADVANCED_FACE('',(#719),#738,.T.);
#719 = FACE_BOUND('',#720,.T.);
#720 = EDGE_LOOP('',(#721,#722,#730,#737));
#721 = ORIENTED_EDGE('',*,*,#615,.T.);
#722 = ORIENTED_EDGE('',*,*,#723,.T.);
#723 = EDGE_CURVE('',#616,#724,#726,.T.);
#724 = VERTEX_POINT('',#725);
#725 = CARTESIAN_POINT('',(0.8,-0.37,0.));
#726 = LINE('',#727,#728);
#727 = CARTESIAN_POINT('',(0.5,-0.37,0.));
#728 = VECTOR('',#729,1.);
#729 = DIRECTION('',(1.,0.,0.));
#730 = ORIENTED_EDGE('',*,*,#731,.F.);
#731 = EDGE_CURVE('',#692,#724,#732,.T.);
#732 = CIRCLE('',#733,3.E-02);
#733 = AXIS2_PLACEMENT_3D('',#734,#735,#736);
#734 = CARTESIAN_POINT('',(0.8,-0.37,3.E-02));
#735 = DIRECTION('',(1.,0.,-0.));
#736 = DIRECTION('',(0.,0.,1.));
#737 = ORIENTED_EDGE('',*,*,#701,.F.);
#738 = CYLINDRICAL_SURFACE('',#739,3.E-02);
#739 = AXIS2_PLACEMENT_3D('',#740,#741,#742);
#740 = CARTESIAN_POINT('',(0.5,-0.37,3.E-02));
#741 = DIRECTION('',(1.,0.,0.));
#742 = DIRECTION('',(0.,-1.,0.));
#743 = ADVANCED_FACE('',(#744),#763,.T.);
#744 = FACE_BOUND('',#745,.T.);
#745 = EDGE_LOOP('',(#746,#747,#756,#762));
#746 = ORIENTED_EDGE('',*,*,#708,.T.);
#747 = ORIENTED_EDGE('',*,*,#748,.T.);
#748 = EDGE_CURVE('',#694,#749,#751,.T.);
#749 = VERTEX_POINT('',#750);
#750 = CARTESIAN_POINT('',(0.8,-0.37,0.8));
#751 = CIRCLE('',#752,3.E-02);
#752 = AXIS2_PLACEMENT_3D('',#753,#754,#755);
#753 = CARTESIAN_POINT('',(0.8,-0.37,0.77));
#754 = DIRECTION('',(-1.,0.,0.));
#755 = DIRECTION('',(0.,0.,1.));
#756 = ORIENTED_EDGE('',*,*,#757,.F.);
#757 = EDGE_CURVE('',#659,#749,#758,.T.);
#758 = LINE('',#759,#760);
#759 = CARTESIAN_POINT('',(0.5,-0.37,0.8));
#760 = VECTOR('',#761,1.);
#761 = DIRECTION('',(1.,0.,0.));
#762 = ORIENTED_EDGE('',*,*,#666,.F.);
#763 = CYLINDRICAL_SURFACE('',#764,3.E-02);
#764 = AXIS2_PLACEMENT_3D('',#765,#766,#767);
#765 = CARTESIAN_POINT('',(0.5,-0.37,0.77));
#766 = DIRECTION('',(1.,0.,0.));
#767 = DIRECTION('',(0.,-1.,0.));
#768 = ADVANCED_FACE('',(#769),#787,.F.);
#769 = FACE_BOUND('',#770,.F.);
#770 = EDGE_LOOP('',(#771,#772,#773,#781));
#771 = ORIENTED_EDGE('',*,*,#624,.F.);
#772 = ORIENTED_EDGE('',*,*,#723,.T.);
#773 = ORIENTED_EDGE('',*,*,#774,.T.);
#774 = EDGE_CURVE('',#724,#775,#777,.T.);
#775 = VERTEX_POINT('',#776);
#776 = CARTESIAN_POINT('',(0.8,0.37,0.));
#777 = LINE('',#778,#779);
#778 = CARTESIAN_POINT('',(0.8,-0.4,0.));
#779 = VECTOR('',#780,1.);
#780 = DIRECTION('',(0.,1.,0.));
#781 = ORIENTED_EDGE('',*,*,#782,.F.);
#782 = EDGE_CURVE('',#625,#775,#783,.T.);
#783 = LINE('',#784,#785);
#784 = CARTESIAN_POINT('',(0.5,0.37,0.));
#785 = VECTOR('',#786,1.);
#786 = DIRECTION('',(1.,0.,0.));
#787 = PLANE('',#788);
#788 = AXIS2_PLACEMENT_3D('',#789,#790,#791);
#789 = CARTESIAN_POINT('',(0.5,-0.4,0.));
#790 = DIRECTION('',(0.,0.,1.));
#791 = DIRECTION('',(1.,0.,-0.));
#792 = ADVANCED_FACE('',(#793),#811,.T.);
#793 = FACE_BOUND('',#794,.T.);
#794 = EDGE_LOOP('',(#795,#796,#797,#805));
#795 = ORIENTED_EDGE('',*,*,#658,.F.);
#796 = ORIENTED_EDGE('',*,*,#757,.T.);
#797 = ORIENTED_EDGE('',*,*,#798,.T.);
#798 = EDGE_CURVE('',#749,#799,#801,.T.);
#799 = VERTEX_POINT('',#800);
#800 = CARTESIAN_POINT('',(0.8,0.37,0.8));
#801 = LINE('',#802,#803);
#802 = CARTESIAN_POINT('',(0.8,-0.4,0.8));
#803 = VECTOR('',#804,1.);
#804 = DIRECTION('',(0.,1.,0.));
#805 = ORIENTED_EDGE('',*,*,#806,.F.);
#806 = EDGE_CURVE('',#650,#799,#807,.T.);
#807 = LINE('',#808,#809);
#808 = CARTESIAN_POINT('',(0.5,0.37,0.8));
#809 = VECTOR('',#810,1.);
#810 = DIRECTION('',(1.,0.,0.));
#811 = PLANE('',#812);
#812 = AXIS2_PLACEMENT_3D('',#813,#814,#815);
#813 = CARTESIAN_POINT('',(0.5,-0.4,0.8));
#814 = DIRECTION('',(0.,0.,1.));
#815 = DIRECTION('',(1.,0.,-0.));
#816 = ADVANCED_FACE('',(#817),#836,.T.);
#817 = FACE_BOUND('',#818,.T.);
#818 = EDGE_LOOP('',(#819,#827,#834,#835));
#819 = ORIENTED_EDGE('',*,*,#820,.T.);
#820 = EDGE_CURVE('',#633,#821,#823,.T.);
#821 = VERTEX_POINT('',#822);
#822 = CARTESIAN_POINT('',(0.8,0.4,3.E-02));
#823 = LINE('',#824,#825);
#824 = CARTESIAN_POINT('',(0.5,0.4,3.E-02));
#825 = VECTOR('',#826,1.);
#826 = DIRECTION('',(1.,0.,0.));
#827 = ORIENTED_EDGE('',*,*,#828,.T.);
#828 = EDGE_CURVE('',#821,#775,#829,.T.);
#829 = CIRCLE('',#830,3.E-02);
#830 = AXIS2_PLACEMENT_3D('',#831,#832,#833);
#831 = CARTESIAN_POINT('',(0.8,0.37,3.E-02));
#832 = DIRECTION('',(-1.,0.,0.));
#833 = DIRECTION('',(0.,0.,1.));
#834 = ORIENTED_EDGE('',*,*,#782,.F.);
#835 = ORIENTED_EDGE('',*,*,#632,.F.);
#836 = CYLINDRICAL_SURFACE('',#837,3.E-02);
#837 = AXIS2_PLACEMENT_3D('',#838,#839,#840);
#838 = CARTESIAN_POINT('',(0.5,0.37,3.E-02));
#839 = DIRECTION('',(1.,0.,0.));
#840 = DIRECTION('',(-0.,1.,0.));
#841 = ADVANCED_FACE('',(#842),#861,.T.);
#842 = FACE_BOUND('',#843,.T.);
#843 = EDGE_LOOP('',(#844,#845,#846,#855));
#844 = ORIENTED_EDGE('',*,*,#649,.T.);
#845 = ORIENTED_EDGE('',*,*,#806,.T.);
#846 = ORIENTED_EDGE('',*,*,#847,.F.);
#847 = EDGE_CURVE('',#848,#799,#850,.T.);
#848 = VERTEX_POINT('',#849);
#849 = CARTESIAN_POINT('',(0.8,0.4,0.77));
#850 = CIRCLE('',#851,3.E-02);
#851 = AXIS2_PLACEMENT_3D('',#852,#853,#854);
#852 = CARTESIAN_POINT('',(0.8,0.37,0.77));
#853 = DIRECTION('',(1.,0.,-0.));
#854 = DIRECTION('',(0.,0.,1.));
#855 = ORIENTED_EDGE('',*,*,#856,.F.);
#856 = EDGE_CURVE('',#642,#848,#857,.T.);
#857 = LINE('',#858,#859);
#858 = CARTESIAN_POINT('',(0.5,0.4,0.77));
#859 = VECTOR('',#860,1.);
#860 = DIRECTION('',(1.,0.,0.));
#861 = CYLINDRICAL_SURFACE('',#862,3.E-02);
#862 = AXIS2_PLACEMENT_3D('',#863,#864,#865);
#863 = CARTESIAN_POINT('',(0.5,0.37,0.77));
#864 = DIRECTION('',(1.,0.,0.));
#865 = DIRECTION('',(-0.,1.,0.));
#866 = ADVANCED_FACE('',(#867),#878,.T.);
#867 = FACE_BOUND('',#868,.T.);
#868 = EDGE_LOOP('',(#869,#875,#876,#877));
#869 = ORIENTED_EDGE('',*,*,#870,.F.);
#870 = EDGE_CURVE('',#821,#848,#871,.T.);
#871 = LINE('',#872,#873);
#872 = CARTESIAN_POINT('',(0.8,0.4,0.));
#873 = VECTOR('',#874,1.);
#874 = DIRECTION('',(0.,0.,1.));
#875 = ORIENTED_EDGE('',*,*,#820,.F.);
#876 = ORIENTED_EDGE('',*,*,#641,.T.);
#877 = ORIENTED_EDGE('',*,*,#856,.T.);
#878 = PLANE('',#879);
#879 = AXIS2_PLACEMENT_3D('',#880,#881,#882);
#880 = CARTESIAN_POINT('',(0.5,0.4,0.));
#881 = DIRECTION('',(0.,1.,0.));
#882 = DIRECTION('',(0.,-0.,1.));
#883 = ADVANCED_FACE('',(#884),#894,.T.);
#884 = FACE_BOUND('',#885,.T.);
#885 = EDGE_LOOP('',(#886,#887,#888,#889,#890,#891,#892,#893));
#886 = ORIENTED_EDGE('',*,*,#691,.F.);
#887 = ORIENTED_EDGE('',*,*,#731,.T.);
#888 = ORIENTED_EDGE('',*,*,#774,.T.);
#889 = ORIENTED_EDGE('',*,*,#828,.F.);
#890 = ORIENTED_EDGE('',*,*,#870,.T.);
#891 = ORIENTED_EDGE('',*,*,#847,.T.);
#892 = ORIENTED_EDGE('',*,*,#798,.F.);
#893 = ORIENTED_EDGE('',*,*,#748,.F.);
#894 = PLANE('',#895);
#895 = AXIS2_PLACEMENT_3D('',#896,#897,#898);
#896 = CARTESIAN_POINT('',(0.8,-0.4,0.));
#897 = DIRECTION('',(1.,0.,0.));
#898 = DIRECTION('',(0.,0.,1.));
#899 = ( GEOMETRIC_REPRESENTATION_CONTEXT(3) 
GLOBAL_UNCERTAINTY_ASSIGNED_CONTEXT((#903)) GLOBAL_UNIT_ASSIGNED_CONTEXT
((#900,#901,#902)) REPRESENTATION_CONTEXT('Context #1',
  '3D Context with UNIT and UNCERTAINTY') );
#900 = ( LENGTH_UNIT() NAMED_UNIT(*) SI_UNIT(.MILLI.,.METRE.) );
#901 = ( NAMED_UNIT(*) PLANE_ANGLE_UNIT() SI_UNIT($,.RADIAN.) );
#902 = ( NAMED_UNIT(*) SI_UNIT($,.STERADIAN.) SOLID_ANGLE_UNIT() );
#903 = UNCERTAINTY_MEASURE_WITH_UNIT(LENGTH_MEASURE(1.E-07),#900,
  'distance_accuracy_value','confusion accuracy');
#904 = CONTEXT_DEPENDENT_SHAPE_REPRESENTATION(#905,#907);
#905 = ( REPRESENTATION_RELATIONSHIP('','',#44,#10) 
REPRESENTATION_RELATIONSHIP_WITH_TRANSFORMATION(#906) 
SHAPE_REPRESENTATION_RELATIONSHIP() );
#906 = ITEM_DEFINED_TRANSFORMATION('','',#11,#15);
#907 = PRODUCT_DEFINITION_SHAPE('Placement','Placement of an item',#908
  );
#908 = NEXT_ASSEMBLY_USAGE_OCCURRENCE('1','C2','',#5,#39,$);
#909 = PRODUCT_RELATED_PRODUCT_CATEGORY('part',$,(#41));
#910 = CONTEXT_DEPENDENT_SHAPE_REPRESENTATION(#911,#913);
#911 = ( REPRESENTATION_RELATIONSHIP('','',#44,#10) 
REPRESENTATION_RELATIONSHIP_WITH_TRANSFORMATION(#912) 
SHAPE_REPRESENTATION_RELATIONSHIP() );
#912 = ITEM_DEFINED_TRANSFORMATION('','',#11,#19);
#913 = PRODUCT_DEFINITION_SHAPE('Placement','Placement of an item',#914
  );
#914 = NEXT_ASSEMBLY_USAGE_OCCURRENCE('2','C1','',#5,#39,$);
#915 = SHAPE_DEFINITION_REPRESENTATION(#916,#922);
#916 = PRODUCT_DEFINITION_SHAPE('','',#917);
#917 = PRODUCT_DEFINITION('design','',#918,#921);
#918 = PRODUCT_DEFINITION_FORMATION('','',#919);
#919 = PRODUCT('R_0603_1608Metric','R_0603_1608Metric','',(#920));
#920 = PRODUCT_CONTEXT('',#2,'mechanical');
#921 = PRODUCT_DEFINITION_CONTEXT('part definition',#2,'design');
#922 = ADVANCED_BREP_SHAPE_REPRESENTATION('',(#11,#923),#1713);
#923 = MANIFOLD_SOLID_BREP('',#924);
#924 = CLOSED_SHELL('',(#925,#965,#1048,#1073,#1098,#1165,#1182,#1199,
    #1248,#1265,#1282,#1331,#1348,#1417,#1448,#1472,#1541,#1565,#1582,
    #1599,#1616,#1633,#1650,#1667,#1684,#1701));
#925 = ADVANCED_FACE('',(#926),#960,.F.);
#926 = FACE_BOUND('',#927,.F.);
#927 = EDGE_LOOP('',(#928,#938,#946,#954));
#928 = ORIENTED_EDGE('',*,*,#929,.F.);
#929 = EDGE_CURVE('',#930,#932,#934,.T.);
#930 = VERTEX_POINT('',#931);
#931 = CARTESIAN_POINT('',(-0.8,-0.4,4.5E-02));
#932 = VERTEX_POINT('',#933);
#933 = CARTESIAN_POINT('',(-0.8,-0.4,0.405));
#934 = LINE('',#935,#936);
#935 = CARTESIAN_POINT('',(-0.8,-0.4,0.));
#936 = VECTOR('',#937,1.);
#937 = DIRECTION('',(0.,0.,1.));
#938 = ORIENTED_EDGE('',*,*,#939,.T.);
#939 = EDGE_CURVE('',#930,#940,#942,.T.);
#940 = VERTEX_POINT('',#941);
#941 = CARTESIAN_POINT('',(-0.8,0.4,4.5E-02));
#942 = LINE('',#943,#944);
#943 = CARTESIAN_POINT('',(-0.8,-0.4,4.5E-02));
#944 = VECTOR('',#945,1.);
#945 = DIRECTION('',(0.,1.,0.));
#946 = ORIENTED_EDGE('',*,*,#947,.T.);
#947 = EDGE_CURVE('',#940,#948,#950,.T.);
#948 = VERTEX_POINT('',#949);
#949 = CARTESIAN_POINT('',(-0.8,0.4,0.405));
#950 = LINE('',#951,#952);
#951 = CARTESIAN_POINT('',(-0.8,0.4,0.));
#952 = VECTOR('',#953,1.);
#953 = DIRECTION('',(0.,0.,1.));
#954 = ORIENTED_EDGE('',*,*,#955,.F.);
#955 = EDGE_CURVE('',#932,#948,#956,.T.);
#956 = LINE('',#957,#958);
#957 = CARTESIAN_POINT('',(-0.8,-0.4,0.405));
#958 = VECTOR('',#959,1.);
#959 = DIRECTION('',(0.,1.,0.));
#960 = PLANE('',#961);
#961 = AXIS2_PLACEMENT_3D('',#962,#963,#964);
#962 = CARTESIAN_POINT('',(-0.8,-0.4,0.));
#963 = DIRECTION('',(1.,0.,0.));
#964 = DIRECTION('',(0.,0.,1.));
#965 = ADVANCED_FACE('',(#966),#1043,.F.);
#966 = FACE_BOUND('',#967,.F.);
#967 = EDGE_LOOP('',(#968,#978,#985,#986,#995,#1003,#1012,#1020,#1028,
    #1036));
#968 = ORIENTED_EDGE('',*,*,#969,.F.);
#969 = EDGE_CURVE('',#970,#972,#974,.T.);
#970 = VERTEX_POINT('',#971);
#971 = CARTESIAN_POINT('',(-0.755,-0.4,-2.775557561563E-17));
#972 = VERTEX_POINT('',#973);
#973 = CARTESIAN_POINT('',(-0.545,-0.4,-2.775557561563E-17));
#974 = LINE('',#975,#976);
#975 = CARTESIAN_POINT('',(-0.8,-0.4,0.));
#976 = VECTOR('',#977,1.);
#977 = DIRECTION('',(1.,0.,0.));
#978 = ORIENTED_EDGE('',*,*,#979,.F.);
#979 = EDGE_CURVE('',#930,#970,#980,.T.);
#980 = CIRCLE('',#981,4.5E-02);
#981 = AXIS2_PLACEMENT_3D('',#982,#983,#984);
#982 = CARTESIAN_POINT('',(-0.755,-0.4,4.5E-02));
#983 = DIRECTION('',(0.,-1.,0.));
#984 = DIRECTION('',(0.,0.,1.));
#985 = ORIENTED_EDGE('',*,*,#929,.T.);
#986 = ORIENTED_EDGE('',*,*,#987,.T.);
#987 = EDGE_CURVE('',#932,#988,#990,.T.);
#988 = VERTEX_POINT('',#989);
#989 = CARTESIAN_POINT('',(-0.755,-0.4,0.45));
#990 = CIRCLE('',#991,4.5E-02);
#991 = AXIS2_PLACEMENT_3D('',#992,#993,#994);
#992 = CARTESIAN_POINT('',(-0.755,-0.4,0.405));
#993 = DIRECTION('',(0.,1.,0.));
#994 = DIRECTION('',(0.,-0.,1.));
#995 = ORIENTED_EDGE('',*,*,#996,.T.);
#996 = EDGE_CURVE('',#988,#997,#999,.T.);
#997 = VERTEX_POINT('',#998);
#998 = CARTESIAN_POINT('',(-0.545,-0.4,0.45));
#999 = LINE('',#1000,#1001);
#1000 = CARTESIAN_POINT('',(-0.8,-0.4,0.45));
#1001 = VECTOR('',#1002,1.);
#1002 = DIRECTION('',(1.,0.,0.));
#1003 = ORIENTED_EDGE('',*,*,#1004,.F.);
#1004 = EDGE_CURVE('',#1005,#997,#1007,.T.);
#1005 = VERTEX_POINT('',#1006);
#1006 = CARTESIAN_POINT('',(-0.5,-0.4,0.405));
#1007 = CIRCLE('',#1008,4.5E-02);
#1008 = AXIS2_PLACEMENT_3D('',#1009,#1010,#1011);
#1009 = CARTESIAN_POINT('',(-0.545,-0.4,0.405));
#1010 = DIRECTION('',(0.,-1.,0.));
#1011 = DIRECTION('',(0.,0.,1.));
#1012 = ORIENTED_EDGE('',*,*,#1013,.F.);
#1013 = EDGE_CURVE('',#1014,#1005,#1016,.T.);
#1014 = VERTEX_POINT('',#1015);
#1015 = CARTESIAN_POINT('',(-0.755,-0.4,0.405));
#1016 = LINE('',#1017,#1018);
#1017 = CARTESIAN_POINT('',(-0.755,-0.4,0.405));
#1018 = VECTOR('',#1019,1.);
#1019 = DIRECTION('',(1.,0.,0.));
#1020 = ORIENTED_EDGE('',*,*,#1021,.F.);
#1021 = EDGE_CURVE('',#1022,#1014,#1024,.T.);
#1022 = VERTEX_POINT('',#1023);
#1023 = CARTESIAN_POINT('',(-0.755,-0.4,4.5E-02));
#1024 = LINE('',#1025,#1026);
#1025 = CARTESIAN_POINT('',(-0.755,-0.4,4.5E-02));
#1026 = VECTOR('',#1027,1.);
#1027 = DIRECTION('',(0.,0.,1.));
#1028 = ORIENTED_EDGE('',*,*,#1029,.T.);
#1029 = EDGE_CURVE('',#1022,#1030,#1032,.T.);
#1030 = VERTEX_POINT('',#1031);
#1031 = CARTESIAN_POINT('',(-0.5,-0.4,4.5E-02));
#1032 = LINE('',#1033,#1034);
#1033 = CARTESIAN_POINT('',(-0.755,-0.4,4.5E-02));
#1034 = VECTOR('',#1035,1.);
#1035 = DIRECTION('',(1.,0.,0.));
#1036 = ORIENTED_EDGE('',*,*,#1037,.T.);
#1037 = EDGE_CURVE('',#1030,#972,#1038,.T.);
#1038 = CIRCLE('',#1039,4.5E-02);
#1039 = AXIS2_PLACEMENT_3D('',#1040,#1041,#1042);
#1040 = CARTESIAN_POINT('',(-0.545,-0.4,4.5E-02));
#1041 = DIRECTION('',(0.,1.,0.));
#1042 = DIRECTION('',(0.,-0.,1.));
#1043 = PLANE('',#1044);
#1044 = AXIS2_PLACEMENT_3D('',#1045,#1046,#1047);
#1045 = CARTESIAN_POINT('',(-0.8,-0.4,0.));
#1046 = DIRECTION('',(0.,1.,0.));
#1047 = DIRECTION('',(0.,-0.,1.));
#1048 = ADVANCED_FACE('',(#1049),#1068,.T.);
#1049 = FACE_BOUND('',#1050,.T.);
#1050 = EDGE_LOOP('',(#1051,#1052,#1061,#1067));
#1051 = ORIENTED_EDGE('',*,*,#939,.T.);
#1052 = ORIENTED_EDGE('',*,*,#1053,.T.);
#1053 = EDGE_CURVE('',#940,#1054,#1056,.T.);
#1054 = VERTEX_POINT('',#1055);
#1055 = CARTESIAN_POINT('',(-0.755,0.4,-2.775557561563E-17));
#1056 = CIRCLE('',#1057,4.5E-02);
#1057 = AXIS2_PLACEMENT_3D('',#1058,#1059,#1060);
#1058 = CARTESIAN_POINT('',(-0.755,0.4,4.5E-02));
#1059 = DIRECTION('',(0.,-1.,0.));
#1060 = DIRECTION('',(0.,0.,1.));
#1061 = ORIENTED_EDGE('',*,*,#1062,.F.);
#1062 = EDGE_CURVE('',#970,#1054,#1063,.T.);
#1063 = LINE('',#1064,#1065);
#1064 = CARTESIAN_POINT('',(-0.755,-0.4,-2.775557561563E-17));
#1065 = VECTOR('',#1066,1.);
#1066 = DIRECTION('',(0.,1.,0.));
#1067 = ORIENTED_EDGE('',*,*,#979,.F.);
#1068 = CYLINDRICAL_SURFACE('',#1069,4.5E-02);
#1069 = AXIS2_PLACEMENT_3D('',#1070,#1071,#1072);
#1070 = CARTESIAN_POINT('',(-0.755,-0.4,4.5E-02));
#1071 = DIRECTION('',(0.,1.,0.));
#1072 = DIRECTION('',(-1.,0.,0.));
#1073 = ADVANCED_FACE('',(#1074),#1093,.T.);
#1074 = FACE_BOUND('',#1075,.T.);
#1075 = EDGE_LOOP('',(#1076,#1077,#1085,#1092));
#1076 = ORIENTED_EDGE('',*,*,#987,.T.);
#1077 = ORIENTED_EDGE('',*,*,#1078,.T.);
#1078 = EDGE_CURVE('',#988,#1079,#1081,.T.);
#1079 = VERTEX_POINT('',#1080);
#1080 = CARTESIAN_POINT('',(-0.755,0.4,0.45));
#1081 = LINE('',#1082,#1083);
#1082 = CARTESIAN_POINT('',(-0.755,-0.4,0.45));
#1083 = VECTOR('',#1084,1.);
#1084 = DIRECTION('',(0.,1.,0.));
#1085 = ORIENTED_EDGE('',*,*,#1086,.F.);
#1086 = EDGE_CURVE('',#948,#1079,#1087,.T.);
#1087 = CIRCLE('',#1088,4.5E-02);
#1088 = AXIS2_PLACEMENT_3D('',#1089,#1090,#1091);
#1089 = CARTESIAN_POINT('',(-0.755,0.4,0.405));
#1090 = DIRECTION('',(0.,1.,0.));
#1091 = DIRECTION('',(0.,-0.,1.));
#1092 = ORIENTED_EDGE('',*,*,#955,.F.);
#1093 = CYLINDRICAL_SURFACE('',#1094,4.5E-02);
#1094 = AXIS2_PLACEMENT_3D('',#1095,#1096,#1097);
#1095 = CARTESIAN_POINT('',(-0.755,-0.4,0.405));
#1096 = DIRECTION('',(0.,1.,0.));
#1097 = DIRECTION('',(-1.,0.,0.));
#1098 = ADVANCED_FACE('',(#1099),#1160,.T.);
#1099 = FACE_BOUND('',#1100,.T.);
#1100 = EDGE_LOOP('',(#1101,#1109,#1110,#1111,#1112,#1120,#1129,#1137,
    #1145,#1153));
#1101 = ORIENTED_EDGE('',*,*,#1102,.F.);
#1102 = EDGE_CURVE('',#1054,#1103,#1105,.T.);
#1103 = VERTEX_POINT('',#1104);
#1104 = CARTESIAN_POINT('',(-0.545,0.4,-2.775557561563E-17));
#1105 = LINE('',#1106,#1107);
#1106 = CARTESIAN_POINT('',(-0.8,0.4,0.));
#1107 = VECTOR('',#1108,1.);
#1108 = DIRECTION('',(1.,0.,0.));
#1109 = ORIENTED_EDGE('',*,*,#1053,.F.);
#1110 = ORIENTED_EDGE('',*,*,#947,.T.);
#1111 = ORIENTED_EDGE('',*,*,#1086,.T.);
#1112 = ORIENTED_EDGE('',*,*,#1113,.T.);
#1113 = EDGE_CURVE('',#1079,#1114,#1116,.T.);
#1114 = VERTEX_POINT('',#1115);
#1115 = CARTESIAN_POINT('',(-0.545,0.4,0.45));
#1116 = LINE('',#1117,#1118);
#1117 = CARTESIAN_POINT('',(-0.8,0.4,0.45));
#1118 = VECTOR('',#1119,1.);
#1119 = DIRECTION('',(1.,0.,0.));
#1120 = ORIENTED_EDGE('',*,*,#1121,.F.);
#1121 = EDGE_CURVE('',#1122,#1114,#1124,.T.);
#1122 = VERTEX_POINT('',#1123);
#1123 = CARTESIAN_POINT('',(-0.5,0.4,0.405));
#1124 = CIRCLE('',#1125,4.5E-02);
#1125 = AXIS2_PLACEMENT_3D('',#1126,#1127,#1128);
#1126 = CARTESIAN_POINT('',(-0.545,0.4,0.405));
#1127 = DIRECTION('',(0.,-1.,0.));
#1128 = DIRECTION('',(0.,0.,1.));
#1129 = ORIENTED_EDGE('',*,*,#1130,.F.);
#1130 = EDGE_CURVE('',#1131,#1122,#1133,.T.);
#1131 = VERTEX_POINT('',#1132);
#1132 = CARTESIAN_POINT('',(-0.755,0.4,0.405));
#1133 = LINE('',#1134,#1135);
#1134 = CARTESIAN_POINT('',(-0.755,0.4,0.405));
#1135 = VECTOR('',#1136,1.);
#1136 = DIRECTION('',(1.,0.,0.));
#1137 = ORIENTED_EDGE('',*,*,#1138,.F.);
#1138 = EDGE_CURVE('',#1139,#1131,#1141,.T.);
#1139 = VERTEX_POINT('',#1140);
#1140 = CARTESIAN_POINT('',(-0.755,0.4,4.5E-02));
#1141 = LINE('',#1142,#1143);
#1142 = CARTESIAN_POINT('',(-0.755,0.4,4.5E-02));
#1143 = VECTOR('',#1144,1.);
#1144 = DIRECTION('',(0.,0.,1.));
#1145 = ORIENTED_EDGE('',*,*,#1146,.T.);
#1146 = EDGE_CURVE('',#1139,#1147,#1149,.T.);
#1147 = VERTEX_POINT('',#1148);
#1148 = CARTESIAN_POINT('',(-0.5,0.4,4.5E-02));
#1149 = LINE('',#1150,#1151);
#1150 = CARTESIAN_POINT('',(-0.755,0.4,4.5E-02));
#1151 = VECTOR('',#1152,1.);
#1152 = DIRECTION('',(1.,0.,0.));
#1153 = ORIENTED_EDGE('',*,*,#1154,.T.);
#1154 = EDGE_CURVE('',#1147,#1103,#1155,.T.);
#1155 = CIRCLE('',#1156,4.5E-02);
#1156 = AXIS2_PLACEMENT_3D('',#1157,#1158,#1159);
#1157 = CARTESIAN_POINT('',(-0.545,0.4,4.5E-02));
#1158 = DIRECTION('',(0.,1.,0.));
#1159 = DIRECTION('',(0.,-0.,1.));
#1160 = PLANE('',#1161);
#1161 = AXIS2_PLACEMENT_3D('',#1162,#1163,#1164);
#1162 = CARTESIAN_POINT('',(-0.8,0.4,0.));
#1163 = DIRECTION('',(0.,1.,0.));
#1164 = DIRECTION('',(0.,-0.,1.));
#1165 = ADVANCED_FACE('',(#1166),#1177,.F.);
#1166 = FACE_BOUND('',#1167,.F.);
#1167 = EDGE_LOOP('',(#1168,#1169,#1170,#1171));
#1168 = ORIENTED_EDGE('',*,*,#1102,.F.);
#1169 = ORIENTED_EDGE('',*,*,#1062,.F.);
#1170 = ORIENTED_EDGE('',*,*,#969,.T.);
#1171 = ORIENTED_EDGE('',*,*,#1172,.T.);
#1172 = EDGE_CURVE('',#972,#1103,#1173,.T.);
#1173 = LINE('',#1174,#1175);
#1174 = CARTESIAN_POINT('',(-0.545,-0.4,-2.775557561563E-17));
#1175 = VECTOR('',#1176,1.);
#1176 = DIRECTION('',(0.,1.,0.));
#1177 = PLANE('',#1178);
#1178 = AXIS2_PLACEMENT_3D('',#1179,#1180,#1181);
#1179 = CARTESIAN_POINT('',(-0.8,-0.4,0.));
#1180 = DIRECTION('',(0.,0.,1.));
#1181 = DIRECTION('',(1.,0.,-0.));
#1182 = ADVANCED_FACE('',(#1183),#1194,.T.);
#1183 = FACE_BOUND('',#1184,.T.);
#1184 = EDGE_LOOP('',(#1185,#1186,#1187,#1188));
#1185 = ORIENTED_EDGE('',*,*,#1037,.T.);
#1186 = ORIENTED_EDGE('',*,*,#1172,.T.);
#1187 = ORIENTED_EDGE('',*,*,#1154,.F.);
#1188 = ORIENTED_EDGE('',*,*,#1189,.F.);
#1189 = EDGE_CURVE('',#1030,#1147,#1190,.T.);
#1190 = LINE('',#1191,#1192);
#1191 = CARTESIAN_POINT('',(-0.5,-0.4,4.5E-02));
#1192 = VECTOR('',#1193,1.);
#1193 = DIRECTION('',(0.,1.,0.));
#1194 = CYLINDRICAL_SURFACE('',#1195,4.5E-02);
#1195 = AXIS2_PLACEMENT_3D('',#1196,#1197,#1198);
#1196 = CARTESIAN_POINT('',(-0.545,-0.4,4.5E-02));
#1197 = DIRECTION('',(0.,1.,0.));
#1198 = DIRECTION('',(1.,0.,0.));
#1199 = ADVANCED_FACE('',(#1200),#1243,.F.);
#1200 = FACE_BOUND('',#1201,.F.);
#1201 = EDGE_LOOP('',(#1202,#1203,#1204,#1205,#1213,#1221,#1229,#1237));
#1202 = ORIENTED_EDGE('',*,*,#1029,.F.);
#1203 = ORIENTED_EDGE('',*,*,#1021,.T.);
#1204 = ORIENTED_EDGE('',*,*,#1013,.T.);
#1205 = ORIENTED_EDGE('',*,*,#1206,.T.);
#1206 = EDGE_CURVE('',#1005,#1207,#1209,.T.);
#1207 = VERTEX_POINT('',#1208);
#1208 = CARTESIAN_POINT('',(0.5,-0.4,0.405));
#1209 = LINE('',#1210,#1211);
#1210 = CARTESIAN_POINT('',(-0.5,-0.4,0.405));
#1211 = VECTOR('',#1212,1.);
#1212 = DIRECTION('',(1.,0.,0.));
#1213 = ORIENTED_EDGE('',*,*,#1214,.T.);
#1214 = EDGE_CURVE('',#1207,#1215,#1217,.T.);
#1215 = VERTEX_POINT('',#1216);
#1216 = CARTESIAN_POINT('',(0.755,-0.4,0.405));
#1217 = LINE('',#1218,#1219);
#1218 = CARTESIAN_POINT('',(-0.755,-0.4,0.405));
#1219 = VECTOR('',#1220,1.);
#1220 = DIRECTION('',(1.,0.,0.));
#1221 = ORIENTED_EDGE('',*,*,#1222,.F.);
#1222 = EDGE_CURVE('',#1223,#1215,#1225,.T.);
#1223 = VERTEX_POINT('',#1224);
#1224 = CARTESIAN_POINT('',(0.755,-0.4,4.5E-02));
#1225 = LINE('',#1226,#1227);
#1226 = CARTESIAN_POINT('',(0.755,-0.4,4.5E-02));
#1227 = VECTOR('',#1228,1.);
#1228 = DIRECTION('',(0.,0.,1.));
#1229 = ORIENTED_EDGE('',*,*,#1230,.F.);
#1230 = EDGE_CURVE('',#1231,#1223,#1233,.T.);
#1231 = VERTEX_POINT('',#1232);
#1232 = CARTESIAN_POINT('',(0.5,-0.4,4.5E-02));
#1233 = LINE('',#1234,#1235);
#1234 = CARTESIAN_POINT('',(-0.755,-0.4,4.5E-02));
#1235 = VECTOR('',#1236,1.);
#1236 = DIRECTION('',(1.,0.,0.));
#1237 = ORIENTED_EDGE('',*,*,#1238,.F.);
#1238 = EDGE_CURVE('',#1030,#1231,#1239,.T.);
#1239 = LINE('',#1240,#1241);
#1240 = CARTESIAN_POINT('',(-0.755,-0.4,4.5E-02));
#1241 = VECTOR('',#1242,1.);
#1242 = DIRECTION('',(1.,0.,0.));
#1243 = PLANE('',#1244);
#1244 = AXIS2_PLACEMENT_3D('',#1245,#1246,#1247);
#1245 = CARTESIAN_POINT('',(-0.755,-0.4,4.5E-02));
#1246 = DIRECTION('',(0.,1.,0.));
#1247 = DIRECTION('',(0.,-0.,1.));
#1248 = ADVANCED_FACE('',(#1249),#1260,.T.);
#1249 = FACE_BOUND('',#1250,.T.);
#1250 = EDGE_LOOP('',(#1251,#1252,#1253,#1254));
#1251 = ORIENTED_EDGE('',*,*,#1113,.F.);
#1252 = ORIENTED_EDGE('',*,*,#1078,.F.);
#1253 = ORIENTED_EDGE('',*,*,#996,.T.);
#1254 = ORIENTED_EDGE('',*,*,#1255,.T.);
#1255 = EDGE_CURVE('',#997,#1114,#1256,.T.);
#1256 = LINE('',#1257,#1258);
#1257 = CARTESIAN_POINT('',(-0.545,-0.4,0.45));
#1258 = VECTOR('',#1259,1.);
#1259 = DIRECTION('',(0.,1.,0.));
#1260 = PLANE('',#1261);
#1261 = AXIS2_PLACEMENT_3D('',#1262,#1263,#1264);
#1262 = CARTESIAN_POINT('',(-0.8,-0.4,0.45));
#1263 = DIRECTION('',(0.,0.,1.));
#1264 = DIRECTION('',(1.,0.,-0.));
#1265 = ADVANCED_FACE('',(#1266),#1277,.T.);
#1266 = FACE_BOUND('',#1267,.T.);
#1267 = EDGE_LOOP('',(#1268,#1274,#1275,#1276));
#1268 = ORIENTED_EDGE('',*,*,#1269,.T.);
#1269 = EDGE_CURVE('',#1005,#1122,#1270,.T.);
#1270 = LINE('',#1271,#1272);
#1271 = CARTESIAN_POINT('',(-0.5,-0.4,0.405));
#1272 = VECTOR('',#1273,1.);
#1273 = DIRECTION('',(0.,1.,0.));
#1274 = ORIENTED_EDGE('',*,*,#1121,.T.);
#1275 = ORIENTED_EDGE('',*,*,#1255,.F.);
#1276 = ORIENTED_EDGE('',*,*,#1004,.F.);
#1277 = CYLINDRICAL_SURFACE('',#1278,4.5E-02);
#1278 = AXIS2_PLACEMENT_3D('',#1279,#1280,#1281);
#1279 = CARTESIAN_POINT('',(-0.545,-0.4,0.405));
#1280 = DIRECTION('',(0.,1.,0.));
#1281 = DIRECTION('',(1.,0.,0.));
#1282 = ADVANCED_FACE('',(#1283),#1326,.T.);
#1283 = FACE_BOUND('',#1284,.T.);
#1284 = EDGE_LOOP('',(#1285,#1286,#1287,#1288,#1296,#1304,#1312,#1320));
#1285 = ORIENTED_EDGE('',*,*,#1146,.F.);
#1286 = ORIENTED_EDGE('',*,*,#1138,.T.);
#1287 = ORIENTED_EDGE('',*,*,#1130,.T.);
#1288 = ORIENTED_EDGE('',*,*,#1289,.T.);
#1289 = EDGE_CURVE('',#1122,#1290,#1292,.T.);
#1290 = VERTEX_POINT('',#1291);
#1291 = CARTESIAN_POINT('',(0.5,0.4,0.405));
#1292 = LINE('',#1293,#1294);
#1293 = CARTESIAN_POINT('',(-0.5,0.4,0.405));
#1294 = VECTOR('',#1295,1.);
#1295 = DIRECTION('',(1.,0.,0.));
#1296 = ORIENTED_EDGE('',*,*,#1297,.T.);
#1297 = EDGE_CURVE('',#1290,#1298,#1300,.T.);
#1298 = VERTEX_POINT('',#1299);
#1299 = CARTESIAN_POINT('',(0.755,0.4,0.405));
#1300 = LINE('',#1301,#1302);
#1301 = CARTESIAN_POINT('',(-0.755,0.4,0.405));
#1302 = VECTOR('',#1303,1.);
#1303 = DIRECTION('',(1.,0.,0.));
#1304 = ORIENTED_EDGE('',*,*,#1305,.F.);
#1305 = EDGE_CURVE('',#1306,#1298,#1308,.T.);
#1306 = VERTEX_POINT('',#1307);
#1307 = CARTESIAN_POINT('',(0.755,0.4,4.5E-02));
#1308 = LINE('',#1309,#1310);
#1309 = CARTESIAN_POINT('',(0.755,0.4,4.5E-02));
#1310 = VECTOR('',#1311,1.);
#1311 = DIRECTION('',(0.,0.,1.));
#1312 = ORIENTED_EDGE('',*,*,#1313,.F.);
#1313 = EDGE_CURVE('',#1314,#1306,#1316,.T.);
#1314 = VERTEX_POINT('',#1315);
#1315 = CARTESIAN_POINT('',(0.5,0.4,4.5E-02));
#1316 = LINE('',#1317,#1318);
#1317 = CARTESIAN_POINT('',(-0.755,0.4,4.5E-02));
#1318 = VECTOR('',#1319,1.);
#1319 = DIRECTION('',(1.,0.,0.));
#1320 = ORIENTED_EDGE('',*,*,#1321,.F.);
#1321 = EDGE_CURVE('',#1147,#1314,#1322,.T.);
#1322 = LINE('',#1323,#1324);
#1323 = CARTESIAN_POINT('',(-0.755,0.4,4.5E-02));
#1324 = VECTOR('',#1325,1.);
#1325 = DIRECTION('',(1.,0.,0.));
#1326 = PLANE('',#1327);
#1327 = AXIS2_PLACEMENT_3D('',#1328,#1329,#1330);
#1328 = CARTESIAN_POINT('',(-0.755,0.4,4.5E-02));
#1329 = DIRECTION('',(0.,1.,0.));
#1330 = DIRECTION('',(0.,-0.,1.));
#1331 = ADVANCED_FACE('',(#1332),#1343,.F.);
#1332 = FACE_BOUND('',#1333,.F.);
#1333 = EDGE_LOOP('',(#1334,#1335,#1336,#1342));
#1334 = ORIENTED_EDGE('',*,*,#1189,.F.);
#1335 = ORIENTED_EDGE('',*,*,#1238,.T.);
#1336 = ORIENTED_EDGE('',*,*,#1337,.T.);
#1337 = EDGE_CURVE('',#1231,#1314,#1338,.T.);
#1338 = LINE('',#1339,#1340);
#1339 = CARTESIAN_POINT('',(0.5,-0.4,4.5E-02));
#1340 = VECTOR('',#1341,1.);
#1341 = DIRECTION('',(0.,1.,0.));
#1342 = ORIENTED_EDGE('',*,*,#1321,.F.);
#1343 = PLANE('',#1344);
#1344 = AXIS2_PLACEMENT_3D('',#1345,#1346,#1347);
#1345 = CARTESIAN_POINT('',(-0.755,-0.4,4.5E-02));
#1346 = DIRECTION('',(0.,0.,1.));
#1347 = DIRECTION('',(1.,0.,-0.));
#1348 = ADVANCED_FACE('',(#1349),#1412,.F.);
#1349 = FACE_BOUND('',#1350,.F.);
#1350 = EDGE_LOOP('',(#1351,#1361,#1368,#1369,#1370,#1371,#1380,#1388,
    #1397,#1405));
#1351 = ORIENTED_EDGE('',*,*,#1352,.F.);
#1352 = EDGE_CURVE('',#1353,#1355,#1357,.T.);
#1353 = VERTEX_POINT('',#1354);
#1354 = CARTESIAN_POINT('',(0.545,-0.4,-2.775557561563E-17));
#1355 = VERTEX_POINT('',#1356);
#1356 = CARTESIAN_POINT('',(0.755,-0.4,-2.775557561563E-17));
#1357 = LINE('',#1358,#1359);
#1358 = CARTESIAN_POINT('',(0.5,-0.4,0.));
#1359 = VECTOR('',#1360,1.);
#1360 = DIRECTION('',(1.,0.,0.));
#1361 = ORIENTED_EDGE('',*,*,#1362,.F.);
#1362 = EDGE_CURVE('',#1231,#1353,#1363,.T.);
#1363 = CIRCLE('',#1364,4.5E-02);
#1364 = AXIS2_PLACEMENT_3D('',#1365,#1366,#1367);
#1365 = CARTESIAN_POINT('',(0.545,-0.4,4.5E-02));
#1366 = DIRECTION('',(0.,-1.,0.));
#1367 = DIRECTION('',(0.,0.,1.));
#1368 = ORIENTED_EDGE('',*,*,#1230,.T.);
#1369 = ORIENTED_EDGE('',*,*,#1222,.T.);
#1370 = ORIENTED_EDGE('',*,*,#1214,.F.);
#1371 = ORIENTED_EDGE('',*,*,#1372,.T.);
#1372 = EDGE_CURVE('',#1207,#1373,#1375,.T.);
#1373 = VERTEX_POINT('',#1374);
#1374 = CARTESIAN_POINT('',(0.545,-0.4,0.45));
#1375 = CIRCLE('',#1376,4.5E-02);
#1376 = AXIS2_PLACEMENT_3D('',#1377,#1378,#1379);
#1377 = CARTESIAN_POINT('',(0.545,-0.4,0.405));
#1378 = DIRECTION('',(0.,1.,0.));
#1379 = DIRECTION('',(0.,-0.,1.));
#1380 = ORIENTED_EDGE('',*,*,#1381,.T.);
#1381 = EDGE_CURVE('',#1373,#1382,#1384,.T.);
#1382 = VERTEX_POINT('',#1383);
#1383 = CARTESIAN_POINT('',(0.755,-0.4,0.45));
#1384 = LINE('',#1385,#1386);
#1385 = CARTESIAN_POINT('',(0.5,-0.4,0.45));
#1386 = VECTOR('',#1387,1.);
#1387 = DIRECTION('',(1.,0.,0.));
#1388 = ORIENTED_EDGE('',*,*,#1389,.F.);
#1389 = EDGE_CURVE('',#1390,#1382,#1392,.T.);
#1390 = VERTEX_POINT('',#1391);
#1391 = CARTESIAN_POINT('',(0.8,-0.4,0.405));
#1392 = CIRCLE('',#1393,4.5E-02);
#1393 = AXIS2_PLACEMENT_3D('',#1394,#1395,#1396);
#1394 = CARTESIAN_POINT('',(0.755,-0.4,0.405));
#1395 = DIRECTION('',(0.,-1.,0.));
#1396 = DIRECTION('',(0.,0.,1.));
#1397 = ORIENTED_EDGE('',*,*,#1398,.F.);
#1398 = EDGE_CURVE('',#1399,#1390,#1401,.T.);
#1399 = VERTEX_POINT('',#1400);
#1400 = CARTESIAN_POINT('',(0.8,-0.4,4.5E-02));
#1401 = LINE('',#1402,#1403);
#1402 = CARTESIAN_POINT('',(0.8,-0.4,0.));
#1403 = VECTOR('',#1404,1.);
#1404 = DIRECTION('',(0.,0.,1.));
#1405 = ORIENTED_EDGE('',*,*,#1406,.T.);
#1406 = EDGE_CURVE('',#1399,#1355,#1407,.T.);
#1407 = CIRCLE('',#1408,4.5E-02);
#1408 = AXIS2_PLACEMENT_3D('',#1409,#1410,#1411);
#1409 = CARTESIAN_POINT('',(0.755,-0.4,4.5E-02));
#1410 = DIRECTION('',(0.,1.,0.));
#1411 = DIRECTION('',(0.,-0.,1.));
#1412 = PLANE('',#1413);
#1413 = AXIS2_PLACEMENT_3D('',#1414,#1415,#1416);
#1414 = CARTESIAN_POINT('',(0.5,-0.4,0.));
#1415 = DIRECTION('',(0.,1.,0.));
#1416 = DIRECTION('',(0.,-0.,1.));
#1417 = ADVANCED_FACE('',(#1418),#1443,.F.);
#1418 = FACE_BOUND('',#1419,.F.);
#1419 = EDGE_LOOP('',(#1420,#1421,#1429,#1437));
#1420 = ORIENTED_EDGE('',*,*,#1206,.F.);
#1421 = ORIENTED_EDGE('',*,*,#1422,.T.);
#1422 = EDGE_CURVE('',#1005,#1423,#1425,.T.);
#1423 = VERTEX_POINT('',#1424);
#1424 = CARTESIAN_POINT('',(-0.5,-0.4,0.45));
#1425 = LINE('',#1426,#1427);
#1426 = CARTESIAN_POINT('',(-0.5,-0.4,0.405));
#1427 = VECTOR('',#1428,1.);
#1428 = DIRECTION('',(0.,0.,1.));
#1429 = ORIENTED_EDGE('',*,*,#1430,.T.);
#1430 = EDGE_CURVE('',#1423,#1431,#1433,.T.);
#1431 = VERTEX_POINT('',#1432);
#1432 = CARTESIAN_POINT('',(0.5,-0.4,0.45));
#1433 = LINE('',#1434,#1435);
#1434 = CARTESIAN_POINT('',(-0.5,-0.4,0.45));
#1435 = VECTOR('',#1436,1.);
#1436 = DIRECTION('',(1.,0.,0.));
#1437 = ORIENTED_EDGE('',*,*,#1438,.F.);
#1438 = EDGE_CURVE('',#1207,#1431,#1439,.T.);
#1439 = LINE('',#1440,#1441);
#1440 = CARTESIAN_POINT('',(0.5,-0.4,0.405));
#1441 = VECTOR('',#1442,1.);
#1442 = DIRECTION('',(0.,0.,1.));
#1443 = PLANE('',#1444);
#1444 = AXIS2_PLACEMENT_3D('',#1445,#1446,#1447);
#1445 = CARTESIAN_POINT('',(-0.5,-0.4,0.405));
#1446 = DIRECTION('',(0.,1.,0.));
#1447 = DIRECTION('',(0.,-0.,1.));
#1448 = ADVANCED_FACE('',(#1449),#1467,.F.);
#1449 = FACE_BOUND('',#1450,.F.);
#1450 = EDGE_LOOP('',(#1451,#1452,#1453,#1461));
#1451 = ORIENTED_EDGE('',*,*,#1422,.F.);
#1452 = ORIENTED_EDGE('',*,*,#1269,.T.);
#1453 = ORIENTED_EDGE('',*,*,#1454,.T.);
#1454 = EDGE_CURVE('',#1122,#1455,#1457,.T.);
#1455 = VERTEX_POINT('',#1456);
#1456 = CARTESIAN_POINT('',(-0.5,0.4,0.45));
#1457 = LINE('',#1458,#1459);
#1458 = CARTESIAN_POINT('',(-0.5,0.4,0.405));
#1459 = VECTOR('',#1460,1.);
#1460 = DIRECTION('',(0.,0.,1.));
#1461 = ORIENTED_EDGE('',*,*,#1462,.F.);
#1462 = EDGE_CURVE('',#1423,#1455,#1463,.T.);
#1463 = LINE('',#1464,#1465);
#1464 = CARTESIAN_POINT('',(-0.5,-0.4,0.45));
#1465 = VECTOR('',#1466,1.);
#1466 = DIRECTION('',(0.,1.,0.));
#1467 = PLANE('',#1468);
#1468 = AXIS2_PLACEMENT_3D('',#1469,#1470,#1471);
#1469 = CARTESIAN_POINT('',(-0.5,-0.4,0.405));
#1470 = DIRECTION('',(1.,0.,0.));
#1471 = DIRECTION('',(0.,0.,1.));
#1472 = ADVANCED_FACE('',(#1473),#1536,.T.);
#1473 = FACE_BOUND('',#1474,.T.);
#1474 = EDGE_LOOP('',(#1475,#1485,#1492,#1493,#1494,#1495,#1504,#1512,
    #1521,#1529));
#1475 = ORIENTED_EDGE('',*,*,#1476,.F.);
#1476 = EDGE_CURVE('',#1477,#1479,#1481,.T.);
#1477 = VERTEX_POINT('',#1478);
#1478 = CARTESIAN_POINT('',(0.545,0.4,-2.775557561563E-17));
#1479 = VERTEX_POINT('',#1480);
#1480 = CARTESIAN_POINT('',(0.755,0.4,-2.775557561563E-17));
#1481 = LINE('',#1482,#1483);
#1482 = CARTESIAN_POINT('',(0.5,0.4,0.));
#1483 = VECTOR('',#1484,1.);
#1484 = DIRECTION('',(1.,0.,0.));
#1485 = ORIENTED_EDGE('',*,*,#1486,.F.);
#1486 = EDGE_CURVE('',#1314,#1477,#1487,.T.);
#1487 = CIRCLE('',#1488,4.5E-02);
#1488 = AXIS2_PLACEMENT_3D('',#1489,#1490,#1491);
#1489 = CARTESIAN_POINT('',(0.545,0.4,4.5E-02));
#1490 = DIRECTION('',(0.,-1.,0.));
#1491 = DIRECTION('',(0.,0.,1.));
#1492 = ORIENTED_EDGE('',*,*,#1313,.T.);
#1493 = ORIENTED_EDGE('',*,*,#1305,.T.);
#1494 = ORIENTED_EDGE('',*,*,#1297,.F.);
#1495 = ORIENTED_EDGE('',*,*,#1496,.T.);
#1496 = EDGE_CURVE('',#1290,#1497,#1499,.T.);
#1497 = VERTEX_POINT('',#1498);
#1498 = CARTESIAN_POINT('',(0.545,0.4,0.45));
#1499 = CIRCLE('',#1500,4.5E-02);
#1500 = AXIS2_PLACEMENT_3D('',#1501,#1502,#1503);
#1501 = CARTESIAN_POINT('',(0.545,0.4,0.405));
#1502 = DIRECTION('',(0.,1.,0.));
#1503 = DIRECTION('',(0.,-0.,1.));
#1504 = ORIENTED_EDGE('',*,*,#1505,.T.);
#1505 = EDGE_CURVE('',#1497,#1506,#1508,.T.);
#1506 = VERTEX_POINT('',#1507);
#1507 = CARTESIAN_POINT('',(0.755,0.4,0.45));
#1508 = LINE('',#1509,#1510);
#1509 = CARTESIAN_POINT('',(0.5,0.4,0.45));
#1510 = VECTOR('',#1511,1.);
#1511 = DIRECTION('',(1.,0.,0.));
#1512 = ORIENTED_EDGE('',*,*,#1513,.F.);
#1513 = EDGE_CURVE('',#1514,#1506,#1516,.T.);
#1514 = VERTEX_POINT('',#1515);
#1515 = CARTESIAN_POINT('',(0.8,0.4,0.405));
#1516 = CIRCLE('',#1517,4.5E-02);
#1517 = AXIS2_PLACEMENT_3D('',#1518,#1519,#1520);
#1518 = CARTESIAN_POINT('',(0.755,0.4,0.405));
#1519 = DIRECTION('',(0.,-1.,0.));
#1520 = DIRECTION('',(0.,0.,1.));
#1521 = ORIENTED_EDGE('',*,*,#1522,.F.);
#1522 = EDGE_CURVE('',#1523,#1514,#1525,.T.);
#1523 = VERTEX_POINT('',#1524);
#1524 = CARTESIAN_POINT('',(0.8,0.4,4.5E-02));
#1525 = LINE('',#1526,#1527);
#1526 = CARTESIAN_POINT('',(0.8,0.4,0.));
#1527 = VECTOR('',#1528,1.);
#1528 = DIRECTION('',(0.,0.,1.));
#1529 = ORIENTED_EDGE('',*,*,#1530,.T.);
#1530 = EDGE_CURVE('',#1523,#1479,#1531,.T.);
#1531 = CIRCLE('',#1532,4.5E-02);
#1532 = AXIS2_PLACEMENT_3D('',#1533,#1534,#1535);
#1533 = CARTESIAN_POINT('',(0.755,0.4,4.5E-02));
#1534 = DIRECTION('',(0.,1.,0.));
#1535 = DIRECTION('',(0.,-0.,1.));
#1536 = PLANE('',#1537);
#1537 = AXIS2_PLACEMENT_3D('',#1538,#1539,#1540);
#1538 = CARTESIAN_POINT('',(0.5,0.4,0.));
#1539 = DIRECTION('',(0.,1.,0.));
#1540 = DIRECTION('',(0.,-0.,1.));
#1541 = ADVANCED_FACE('',(#1542),#1560,.T.);
#1542 = FACE_BOUND('',#1543,.T.);
#1543 = EDGE_LOOP('',(#1544,#1545,#1546,#1554));
#1544 = ORIENTED_EDGE('',*,*,#1289,.F.);
#1545 = ORIENTED_EDGE('',*,*,#1454,.T.);
#1546 = ORIENTED_EDGE('',*,*,#1547,.T.);
#1547 = EDGE_CURVE('',#1455,#1548,#1550,.T.);
#1548 = VERTEX_POINT('',#1549);
#1549 = CARTESIAN_POINT('',(0.5,0.4,0.45));
#1550 = LINE('',#1551,#1552);
#1551 = CARTESIAN_POINT('',(-0.5,0.4,0.45));
#1552 = VECTOR('',#1553,1.);
#1553 = DIRECTION('',(1.,0.,0.));
#1554 = ORIENTED_EDGE('',*,*,#1555,.F.);
#1555 = EDGE_CURVE('',#1290,#1548,#1556,.T.);
#1556 = LINE('',#1557,#1558);
#1557 = CARTESIAN_POINT('',(0.5,0.4,0.405));
#1558 = VECTOR('',#1559,1.);
#1559 = DIRECTION('',(0.,0.,1.));
#1560 = PLANE('',#1561);
#1561 = AXIS2_PLACEMENT_3D('',#1562,#1563,#1564);
#1562 = CARTESIAN_POINT('',(-0.5,0.4,0.405));
#1563 = DIRECTION('',(0.,1.,0.));
#1564 = DIRECTION('',(0.,-0.,1.));
#1565 = ADVANCED_FACE('',(#1566),#1577,.T.);
#1566 = FACE_BOUND('',#1567,.T.);
#1567 = EDGE_LOOP('',(#1568,#1569,#1570,#1576));
#1568 = ORIENTED_EDGE('',*,*,#1337,.T.);
#1569 = ORIENTED_EDGE('',*,*,#1486,.T.);
#1570 = ORIENTED_EDGE('',*,*,#1571,.F.);
#1571 = EDGE_CURVE('',#1353,#1477,#1572,.T.);
#1572 = LINE('',#1573,#1574);
#1573 = CARTESIAN_POINT('',(0.545,-0.4,-2.775557561563E-17));
#1574 = VECTOR('',#1575,1.);
#1575 = DIRECTION('',(0.,1.,0.));
#1576 = ORIENTED_EDGE('',*,*,#1362,.F.);
#1577 = CYLINDRICAL_SURFACE('',#1578,4.5E-02);
#1578 = AXIS2_PLACEMENT_3D('',#1579,#1580,#1581);
#1579 = CARTESIAN_POINT('',(0.545,-0.4,4.5E-02));
#1580 = DIRECTION('',(0.,1.,0.));
#1581 = DIRECTION('',(-1.,0.,0.));
#1582 = ADVANCED_FACE('',(#1583),#1594,.F.);
#1583 = FACE_BOUND('',#1584,.F.);
#1584 = EDGE_LOOP('',(#1585,#1586,#1587,#1588));
#1585 = ORIENTED_EDGE('',*,*,#1476,.F.);
#1586 = ORIENTED_EDGE('',*,*,#1571,.F.);
#1587 = ORIENTED_EDGE('',*,*,#1352,.T.);
#1588 = ORIENTED_EDGE('',*,*,#1589,.T.);
#1589 = EDGE_CURVE('',#1355,#1479,#1590,.T.);
#1590 = LINE('',#1591,#1592);
#1591 = CARTESIAN_POINT('',(0.755,-0.4,-2.775557561563E-17));
#1592 = VECTOR('',#1593,1.);
#1593 = DIRECTION('',(0.,1.,0.));
#1594 = PLANE('',#1595);
#1595 = AXIS2_PLACEMENT_3D('',#1596,#1597,#1598);
#1596 = CARTESIAN_POINT('',(0.5,-0.4,0.));
#1597 = DIRECTION('',(0.,0.,1.));
#1598 = DIRECTION('',(1.,0.,-0.));
#1599 = ADVANCED_FACE('',(#1600),#1611,.T.);
#1600 = FACE_BOUND('',#1601,.T.);
#1601 = EDGE_LOOP('',(#1602,#1603,#1604,#1605));
#1602 = ORIENTED_EDGE('',*,*,#1406,.T.);
#1603 = ORIENTED_EDGE('',*,*,#1589,.T.);
#1604 = ORIENTED_EDGE('',*,*,#1530,.F.);
#1605 = ORIENTED_EDGE('',*,*,#1606,.F.);
#1606 = EDGE_CURVE('',#1399,#1523,#1607,.T.);
#1607 = LINE('',#1608,#1609);
#1608 = CARTESIAN_POINT('',(0.8,-0.4,4.5E-02));
#1609 = VECTOR('',#1610,1.);
#1610 = DIRECTION('',(0.,1.,0.));
#1611 = CYLINDRICAL_SURFACE('',#1612,4.5E-02);
#1612 = AXIS2_PLACEMENT_3D('',#1613,#1614,#1615);
#1613 = CARTESIAN_POINT('',(0.755,-0.4,4.5E-02));
#1614 = DIRECTION('',(0.,1.,0.));
#1615 = DIRECTION('',(1.,0.,0.));
#1616 = ADVANCED_FACE('',(#1617),#1628,.T.);
#1617 = FACE_BOUND('',#1618,.T.);
#1618 = EDGE_LOOP('',(#1619,#1620,#1621,#1622));
#1619 = ORIENTED_EDGE('',*,*,#1398,.F.);
#1620 = ORIENTED_EDGE('',*,*,#1606,.T.);
#1621 = ORIENTED_EDGE('',*,*,#1522,.T.);
#1622 = ORIENTED_EDGE('',*,*,#1623,.F.);
#1623 = EDGE_CURVE('',#1390,#1514,#1624,.T.);
#1624 = LINE('',#1625,#1626);
#1625 = CARTESIAN_POINT('',(0.8,-0.4,0.405));
#1626 = VECTOR('',#1627,1.);
#1627 = DIRECTION('',(0.,1.,0.));
#1628 = PLANE('',#1629);
#1629 = AXIS2_PLACEMENT_3D('',#1630,#1631,#1632);
#1630 = CARTESIAN_POINT('',(0.8,-0.4,0.));
#1631 = DIRECTION('',(1.,0.,0.));
#1632 = DIRECTION('',(0.,0.,1.));
#1633 = ADVANCED_FACE('',(#1634),#1645,.T.);
#1634 = FACE_BOUND('',#1635,.T.);
#1635 = EDGE_LOOP('',(#1636,#1637,#1638,#1644));
#1636 = ORIENTED_EDGE('',*,*,#1623,.T.);
#1637 = ORIENTED_EDGE('',*,*,#1513,.T.);
#1638 = ORIENTED_EDGE('',*,*,#1639,.F.);
#1639 = EDGE_CURVE('',#1382,#1506,#1640,.T.);
#1640 = LINE('',#1641,#1642);
#1641 = CARTESIAN_POINT('',(0.755,-0.4,0.45));
#1642 = VECTOR('',#1643,1.);
#1643 = DIRECTION('',(0.,1.,0.));
#1644 = ORIENTED_EDGE('',*,*,#1389,.F.);
#1645 = CYLINDRICAL_SURFACE('',#1646,4.5E-02);
#1646 = AXIS2_PLACEMENT_3D('',#1647,#1648,#1649);
#1647 = CARTESIAN_POINT('',(0.755,-0.4,0.405));
#1648 = DIRECTION('',(0.,1.,0.));
#1649 = DIRECTION('',(1.,0.,0.));
#1650 = ADVANCED_FACE('',(#1651),#1662,.T.);
#1651 = FACE_BOUND('',#1652,.T.);
#1652 = EDGE_LOOP('',(#1653,#1654,#1660,#1661));
#1653 = ORIENTED_EDGE('',*,*,#1505,.F.);
#1654 = ORIENTED_EDGE('',*,*,#1655,.F.);
#1655 = EDGE_CURVE('',#1373,#1497,#1656,.T.);
#1656 = LINE('',#1657,#1658);
#1657 = CARTESIAN_POINT('',(0.545,-0.4,0.45));
#1658 = VECTOR('',#1659,1.);
#1659 = DIRECTION('',(0.,1.,0.));
#1660 = ORIENTED_EDGE('',*,*,#1381,.T.);
#1661 = ORIENTED_EDGE('',*,*,#1639,.T.);
#1662 = PLANE('',#1663);
#1663 = AXIS2_PLACEMENT_3D('',#1664,#1665,#1666);
#1664 = CARTESIAN_POINT('',(0.5,-0.4,0.45));
#1665 = DIRECTION('',(0.,0.,1.));
#1666 = DIRECTION('',(1.,0.,-0.));
#1667 = ADVANCED_FACE('',(#1668),#1679,.T.);
#1668 = FACE_BOUND('',#1669,.T.);
#1669 = EDGE_LOOP('',(#1670,#1671,#1672,#1673));
#1670 = ORIENTED_EDGE('',*,*,#1372,.T.);
#1671 = ORIENTED_EDGE('',*,*,#1655,.T.);
#1672 = ORIENTED_EDGE('',*,*,#1496,.F.);
#1673 = ORIENTED_EDGE('',*,*,#1674,.F.);
#1674 = EDGE_CURVE('',#1207,#1290,#1675,.T.);
#1675 = LINE('',#1676,#1677);
#1676 = CARTESIAN_POINT('',(0.5,-0.4,0.405));
#1677 = VECTOR('',#1678,1.);
#1678 = DIRECTION('',(0.,1.,0.));
#1679 = CYLINDRICAL_SURFACE('',#1680,4.5E-02);
#1680 = AXIS2_PLACEMENT_3D('',#1681,#1682,#1683);
#1681 = CARTESIAN_POINT('',(0.545,-0.4,0.405));
#1682 = DIRECTION('',(0.,1.,0.));
#1683 = DIRECTION('',(-1.,0.,0.));
#1684 = ADVANCED_FACE('',(#1685),#1696,.T.);
#1685 = FACE_BOUND('',#1686,.T.);
#1686 = EDGE_LOOP('',(#1687,#1688,#1689,#1690));
#1687 = ORIENTED_EDGE('',*,*,#1438,.F.);
#1688 = ORIENTED_EDGE('',*,*,#1674,.T.);
#1689 = ORIENTED_EDGE('',*,*,#1555,.T.);
#1690 = ORIENTED_EDGE('',*,*,#1691,.F.);
#1691 = EDGE_CURVE('',#1431,#1548,#1692,.T.);
#1692 = LINE('',#1693,#1694);
#1693 = CARTESIAN_POINT('',(0.5,-0.4,0.45));
#1694 = VECTOR('',#1695,1.);
#1695 = DIRECTION('',(0.,1.,0.));
#1696 = PLANE('',#1697);
#1697 = AXIS2_PLACEMENT_3D('',#1698,#1699,#1700);
#1698 = CARTESIAN_POINT('',(0.5,-0.4,0.405));
#1699 = DIRECTION('',(1.,0.,0.));
#1700 = DIRECTION('',(0.,0.,1.));
#1701 = ADVANCED_FACE('',(#1702),#1708,.T.);
#1702 = FACE_BOUND('',#1703,.T.);
#1703 = EDGE_LOOP('',(#1704,#1705,#1706,#1707));
#1704 = ORIENTED_EDGE('',*,*,#1462,.F.);
#1705 = ORIENTED_EDGE('',*,*,#1430,.T.);
#1706 = ORIENTED_EDGE('',*,*,#1691,.T.);
#1707 = ORIENTED_EDGE('',*,*,#1547,.F.);
#1708 = PLANE('',#1709);
#1709 = AXIS2_PLACEMENT_3D('',#1710,#1711,#1712);
#1710 = CARTESIAN_POINT('',(-0.5,-0.4,0.45));
#1711 = DIRECTION('',(0.,0.,1.));
#1712 = DIRECTION('',(1.,0.,-0.));
#1713 = ( GEOMETRIC_REPRESENTATION_CONTEXT(3) 
GLOBAL_UNCERTAINTY_ASSIGNED_CONTEXT((#1717)) 
GLOBAL_UNIT_ASSIGNED_CONTEXT((#1714,#1715,#1716)) REPRESENTATION_CONTEXT
('Context #1','3D Context with UNIT and UNCERTAINTY') );
#1714 = ( LENGTH_UNIT() NAMED_UNIT(*) SI_UNIT(.MILLI.,.METRE.) );
#1715 = ( NAMED_UNIT(*) PLANE_ANGLE_UNIT() SI_UNIT($,.RADIAN.) );
#1716 = ( NAMED_UNIT(*) SI_UNIT($,.STERADIAN.) SOLID_ANGLE_UNIT() );
#1717 = UNCERTAINTY_MEASURE_WITH_UNIT(LENGTH_MEASURE(1.E-07),#1714,
  'distance_accuracy_value','confusion accuracy');
#1718 = CONTEXT_DEPENDENT_SHAPE_REPRESENTATION(#1719,#1721);
#1719 = ( REPRESENTATION_RELATIONSHIP('','',#922,#10) 
REPRESENTATION_RELATIONSHIP_WITH_TRANSFORMATION(#1720) 
SHAPE_REPRESENTATION_RELATIONSHIP() );
#1720 = ITEM_DEFINED_TRANSFORMATION('','',#11,#23);
#1721 = PRODUCT_DEFINITION_SHAPE('Placement','Placement of an item',
  #1722);
#1722 = NEXT_ASSEMBLY_USAGE_OCCURRENCE('3','R1','',#5,#917,$);
#1723 = PRODUCT_RELATED_PRODUCT_CATEGORY('part',$,(#919));
#1724 = SHAPE_DEFINITION_REPRESENTATION(#1725,#1731);
#1725 = PRODUCT_DEFINITION_SHAPE('','',#1726);
#1726 = PRODUCT_DEFINITION('design','',#1727,#1730);
#1727 = PRODUCT_DEFINITION_FORMATION('','',#1728);
#1728 = PRODUCT('N30-motor-board_PCB','N30-motor-board_PCB','',(#1729));
#1729 = PRODUCT_CONTEXT('',#2,'mechanical');
#1730 = PRODUCT_DEFINITION_CONTEXT('part definition',#2,'design');
#1731 = ADVANCED_BREP_SHAPE_REPRESENTATION('',(#11,#1732),#2738);
#1732 = MANIFOLD_SOLID_BREP('',#1733);
#1733 = CLOSED_SHELL('',(#1734,#1776,#1807,#1838,#2078,#2318,#2335,#2352
    ,#2369,#2386,#2398,#2420,#2437,#2454,#2466,#2483,#2505,#2522,#2539,
    #2551,#2568,#2585,#2607,#2624,#2641,#2653,#2670,#2692,#2709,#2726));
#1734 = ADVANCED_FACE('',(#1735),#1771,.T.);
#1735 = FACE_BOUND('',#1736,.T.);
#1736 = EDGE_LOOP('',(#1737,#1747,#1756,#1764));
#1737 = ORIENTED_EDGE('',*,*,#1738,.T.);
#1738 = EDGE_CURVE('',#1739,#1741,#1743,.T.);
#1739 = VERTEX_POINT('',#1740);
#1740 = CARTESIAN_POINT('',(57.699999,-24.199999,0.));
#1741 = VERTEX_POINT('',#1742);
#1742 = CARTESIAN_POINT('',(57.699999,-24.199999,1.48));
#1743 = LINE('',#1744,#1745);
#1744 = CARTESIAN_POINT('',(57.699999,-24.199999,0.));
#1745 = VECTOR('',#1746,1.);
#1746 = DIRECTION('',(0.,0.,1.));
#1747 = ORIENTED_EDGE('',*,*,#1748,.T.);
#1748 = EDGE_CURVE('',#1741,#1749,#1751,.T.);
#1749 = VERTEX_POINT('',#1750);
#1750 = CARTESIAN_POINT('',(60.7,-27.199999,1.48));
#1751 = CIRCLE('',#1752,3.000001172986);
#1752 = AXIS2_PLACEMENT_3D('',#1753,#1754,#1755);
#1753 = CARTESIAN_POINT('',(57.699998827014,-27.20000017298,1.48));
#1754 = DIRECTION('',(0.,0.,-1.));
#1755 = DIRECTION('',(5.766203154889E-08,1.,0.));
#1756 = ORIENTED_EDGE('',*,*,#1757,.F.);
#1757 = EDGE_CURVE('',#1758,#1749,#1760,.T.);
#1758 = VERTEX_POINT('',#1759);
#1759 = CARTESIAN_POINT('',(60.7,-27.199999,0.));
#1760 = LINE('',#1761,#1762);
#1761 = CARTESIAN_POINT('',(60.7,-27.199999,0.));
#1762 = VECTOR('',#1763,1.);
#1763 = DIRECTION('',(0.,0.,1.));
#1764 = ORIENTED_EDGE('',*,*,#1765,.F.);
#1765 = EDGE_CURVE('',#1739,#1758,#1766,.T.);
#1766 = CIRCLE('',#1767,3.000001172986);
#1767 = AXIS2_PLACEMENT_3D('',#1768,#1769,#1770);
#1768 = CARTESIAN_POINT('',(57.699998827014,-27.20000017298,0.));
#1769 = DIRECTION('',(0.,0.,-1.));
#1770 = DIRECTION('',(5.766203154889E-08,1.,0.));
#1771 = CYLINDRICAL_SURFACE('',#1772,3.000001172986);
#1772 = AXIS2_PLACEMENT_3D('',#1773,#1774,#1775);
#1773 = CARTESIAN_POINT('',(57.699998827014,-27.20000017298,0.));
#1774 = DIRECTION('',(0.,0.,-1.));
#1775 = DIRECTION('',(5.766203154889E-08,1.,0.));
#1776 = ADVANCED_FACE('',(#1777),#1802,.T.);
#1777 = FACE_BOUND('',#1778,.T.);
#1778 = EDGE_LOOP('',(#1779,#1789,#1795,#1796));
#1779 = ORIENTED_EDGE('',*,*,#1780,.T.);
#1780 = EDGE_CURVE('',#1781,#1783,#1785,.T.);
#1781 = VERTEX_POINT('',#1782);
#1782 = CARTESIAN_POINT('',(38.1,-24.2,0.));
#1783 = VERTEX_POINT('',#1784);
#1784 = CARTESIAN_POINT('',(38.1,-24.2,1.48));
#1785 = LINE('',#1786,#1787);
#1786 = CARTESIAN_POINT('',(38.1,-24.2,0.));
#1787 = VECTOR('',#1788,1.);
#1788 = DIRECTION('',(0.,0.,1.));
#1789 = ORIENTED_EDGE('',*,*,#1790,.T.);
#1790 = EDGE_CURVE('',#1783,#1741,#1791,.T.);
#1791 = LINE('',#1792,#1793);
#1792 = CARTESIAN_POINT('',(38.1,-24.2,1.48));
#1793 = VECTOR('',#1794,1.);
#1794 = DIRECTION('',(1.,5.102041081879E-08,0.));
#1795 = ORIENTED_EDGE('',*,*,#1738,.F.);
#1796 = ORIENTED_EDGE('',*,*,#1797,.F.);
#1797 = EDGE_CURVE('',#1781,#1739,#1798,.T.);
#1798 = LINE('',#1799,#1800);
#1799 = CARTESIAN_POINT('',(38.1,-24.2,0.));
#1800 = VECTOR('',#1801,1.);
#1801 = DIRECTION('',(1.,5.102041081879E-08,0.));
#1802 = PLANE('',#1803);
#1803 = AXIS2_PLACEMENT_3D('',#1804,#1805,#1806);
#1804 = CARTESIAN_POINT('',(38.1,-24.2,0.));
#1805 = DIRECTION('',(-5.102041081879E-08,1.,0.));
#1806 = DIRECTION('',(1.,5.102041081879E-08,0.));
#1807 = ADVANCED_FACE('',(#1808),#1833,.T.);
#1808 = FACE_BOUND('',#1809,.T.);
#1809 = EDGE_LOOP('',(#1810,#1811,#1819,#1827));
#1810 = ORIENTED_EDGE('',*,*,#1757,.T.);
#1811 = ORIENTED_EDGE('',*,*,#1812,.T.);
#1812 = EDGE_CURVE('',#1749,#1813,#1815,.T.);
#1813 = VERTEX_POINT('',#1814);
#1814 = CARTESIAN_POINT('',(60.700001,-32.800001,1.48));
#1815 = LINE('',#1816,#1817);
#1816 = CARTESIAN_POINT('',(60.7,-27.199999,1.48));
#1817 = VECTOR('',#1818,1.);
#1818 = DIRECTION('',(1.785713643451E-07,-1.,0.));
#1819 = ORIENTED_EDGE('',*,*,#1820,.F.);
#1820 = EDGE_CURVE('',#1821,#1813,#1823,.T.);
#1821 = VERTEX_POINT('',#1822);
#1822 = CARTESIAN_POINT('',(60.700001,-32.800001,0.));
#1823 = LINE('',#1824,#1825);
#1824 = CARTESIAN_POINT('',(60.700001,-32.800001,0.));
#1825 = VECTOR('',#1826,1.);
#1826 = DIRECTION('',(0.,0.,1.));
#1827 = ORIENTED_EDGE('',*,*,#1828,.F.);
#1828 = EDGE_CURVE('',#1758,#1821,#1829,.T.);
#1829 = LINE('',#1830,#1831);
#1830 = CARTESIAN_POINT('',(60.7,-27.199999,0.));
#1831 = VECTOR('',#1832,1.);
#1832 = DIRECTION('',(1.785713643451E-07,-1.,0.));
#1833 = PLANE('',#1834);
#1834 = AXIS2_PLACEMENT_3D('',#1835,#1836,#1837);
#1835 = CARTESIAN_POINT('',(60.7,-27.199999,0.));
#1836 = DIRECTION('',(1.,1.785713643451E-07,-0.));
#1837 = DIRECTION('',(1.785713643451E-07,-1.,0.));
#1838 = ADVANCED_FACE('',(#1839,#1885,#1921,#1932,#1968,#1979,#1990,
    #2026,#2037),#2073,.F.);
#1839 = FACE_BOUND('',#1840,.F.);
#1840 = EDGE_LOOP('',(#1841,#1842,#1843,#1852,#1860,#1869,#1877,#1884));
#1841 = ORIENTED_EDGE('',*,*,#1765,.F.);
#1842 = ORIENTED_EDGE('',*,*,#1797,.F.);
#1843 = ORIENTED_EDGE('',*,*,#1844,.F.);
#1844 = EDGE_CURVE('',#1845,#1781,#1847,.T.);
#1845 = VERTEX_POINT('',#1846);
#1846 = CARTESIAN_POINT('',(35.099999,-27.199999,0.));
#1847 = CIRCLE('',#1848,2.99999946588);
#1848 = AXIS2_PLACEMENT_3D('',#1849,#1850,#1851);
#1849 = CARTESIAN_POINT('',(38.09999846588,-27.19999946587,0.));
#1850 = DIRECTION('',(0.,0.,-1.));
#1851 = DIRECTION('',(-1.,1.552931464571E-07,0.));
#1852 = ORIENTED_EDGE('',*,*,#1853,.F.);
#1853 = EDGE_CURVE('',#1854,#1845,#1856,.T.);
#1854 = VERTEX_POINT('',#1855);
#1855 = CARTESIAN_POINT('',(35.1,-32.8,0.));
#1856 = LINE('',#1857,#1858);
#1857 = CARTESIAN_POINT('',(35.1,-32.8,0.));
#1858 = VECTOR('',#1859,1.);
#1859 = DIRECTION('',(-1.785713975017E-07,1.,0.));
#1860 = ORIENTED_EDGE('',*,*,#1861,.F.);
#1861 = EDGE_CURVE('',#1862,#1854,#1864,.T.);
#1862 = VERTEX_POINT('',#1863);
#1863 = CARTESIAN_POINT('',(38.1,-35.8,0.));
#1864 = CIRCLE('',#1865,3.000001172987);
#1865 = AXIS2_PLACEMENT_3D('',#1866,#1867,#1868);
#1866 = CARTESIAN_POINT('',(38.100001172987,-32.79999882701,0.));
#1867 = DIRECTION('',(0.,0.,-1.));
#1868 = DIRECTION('',(-3.909953568695E-07,-1.,-0.));
#1869 = ORIENTED_EDGE('',*,*,#1870,.F.);
#1870 = EDGE_CURVE('',#1871,#1862,#1873,.T.);
#1871 = VERTEX_POINT('',#1872);
#1872 = CARTESIAN_POINT('',(57.7,-35.8,0.));
#1873 = LINE('',#1874,#1875);
#1874 = CARTESIAN_POINT('',(57.7,-35.8,0.));
#1875 = VECTOR('',#1876,1.);
#1876 = DIRECTION('',(-1.,0.,0.));
#1877 = ORIENTED_EDGE('',*,*,#1878,.F.);
#1878 = EDGE_CURVE('',#1821,#1871,#1879,.T.);
#1879 = CIRCLE('',#1880,2.99999946588);
#1880 = AXIS2_PLACEMENT_3D('',#1881,#1882,#1883);
#1881 = CARTESIAN_POINT('',(57.70000153412,-32.80000053412,0.));
#1882 = DIRECTION('',(0.,0.,-1.));
#1883 = DIRECTION('',(1.,-1.552931452729E-07,0.));
#1884 = ORIENTED_EDGE('',*,*,#1828,.F.);
#1885 = FACE_BOUND('',#1886,.F.);
#1886 = EDGE_LOOP('',(#1887,#1898,#1906,#1915));
#1887 = ORIENTED_EDGE('',*,*,#1888,.T.);
#1888 = EDGE_CURVE('',#1889,#1891,#1893,.T.);
#1889 = VERTEX_POINT('',#1890);
#1890 = CARTESIAN_POINT('',(40.5,-33.2,0.));
#1891 = VERTEX_POINT('',#1892);
#1892 = CARTESIAN_POINT('',(40.5,-34.,0.));
#1893 = CIRCLE('',#1894,0.4);
#1894 = AXIS2_PLACEMENT_3D('',#1895,#1896,#1897);
#1895 = CARTESIAN_POINT('',(40.5,-33.6,0.));
#1896 = DIRECTION('',(-0.,0.,-1.));
#1897 = DIRECTION('',(-1.7763568394E-14,-1.,0.));
#1898 = ORIENTED_EDGE('',*,*,#1899,.T.);
#1899 = EDGE_CURVE('',#1891,#1900,#1902,.T.);
#1900 = VERTEX_POINT('',#1901);
#1901 = CARTESIAN_POINT('',(39.3,-34.,0.));
#1902 = LINE('',#1903,#1904);
#1903 = CARTESIAN_POINT('',(19.65,-34.,0.));
#1904 = VECTOR('',#1905,1.);
#1905 = DIRECTION('',(-1.,0.,0.));
#1906 = ORIENTED_EDGE('',*,*,#1907,.T.);
#1907 = EDGE_CURVE('',#1900,#1908,#1910,.T.);
#1908 = VERTEX_POINT('',#1909);
#1909 = CARTESIAN_POINT('',(39.3,-33.2,0.));
#1910 = CIRCLE('',#1911,0.4);
#1911 = AXIS2_PLACEMENT_3D('',#1912,#1913,#1914);
#1912 = CARTESIAN_POINT('',(39.3,-33.6,0.));
#1913 = DIRECTION('',(0.,-0.,-1.));
#1914 = DIRECTION('',(1.7763568394E-14,1.,-0.));
#1915 = ORIENTED_EDGE('',*,*,#1916,.T.);
#1916 = EDGE_CURVE('',#1908,#1889,#1917,.T.);
#1917 = LINE('',#1918,#1919);
#1918 = CARTESIAN_POINT('',(20.25,-33.2,0.));
#1919 = VECTOR('',#1920,1.);
#1920 = DIRECTION('',(1.,0.,-0.));
#1921 = FACE_BOUND('',#1922,.F.);
#1922 = EDGE_LOOP('',(#1923));
#1923 = ORIENTED_EDGE('',*,*,#1924,.T.);
#1924 = EDGE_CURVE('',#1925,#1925,#1927,.T.);
#1925 = VERTEX_POINT('',#1926);
#1926 = CARTESIAN_POINT('',(45.9,-30.425,0.));
#1927 = CIRCLE('',#1928,0.425);
#1928 = AXIS2_PLACEMENT_3D('',#1929,#1930,#1931);
#1929 = CARTESIAN_POINT('',(45.9,-30.,0.));
#1930 = DIRECTION('',(-0.,0.,-1.));
#1931 = DIRECTION('',(-1.671865260612E-14,-1.,0.));
#1932 = FACE_BOUND('',#1933,.F.);
#1933 = EDGE_LOOP('',(#1934,#1945,#1953,#1962));
#1934 = ORIENTED_EDGE('',*,*,#1935,.T.);
#1935 = EDGE_CURVE('',#1936,#1938,#1940,.T.);
#1936 = VERTEX_POINT('',#1937);
#1937 = CARTESIAN_POINT('',(56.5,-33.2,0.));
#1938 = VERTEX_POINT('',#1939);
#1939 = CARTESIAN_POINT('',(56.5,-34.,0.));
#1940 = CIRCLE('',#1941,0.4);
#1941 = AXIS2_PLACEMENT_3D('',#1942,#1943,#1944);
#1942 = CARTESIAN_POINT('',(56.5,-33.6,0.));
#1943 = DIRECTION('',(-0.,0.,-1.));
#1944 = DIRECTION('',(-1.7763568394E-14,-1.,0.));
#1945 = ORIENTED_EDGE('',*,*,#1946,.T.);
#1946 = EDGE_CURVE('',#1938,#1947,#1949,.T.);
#1947 = VERTEX_POINT('',#1948);
#1948 = CARTESIAN_POINT('',(55.3,-34.,0.));
#1949 = LINE('',#1950,#1951);
#1950 = CARTESIAN_POINT('',(27.65,-34.,0.));
#1951 = VECTOR('',#1952,1.);
#1952 = DIRECTION('',(-1.,0.,0.));
#1953 = ORIENTED_EDGE('',*,*,#1954,.T.);
#1954 = EDGE_CURVE('',#1947,#1955,#1957,.T.);
#1955 = VERTEX_POINT('',#1956);
#1956 = CARTESIAN_POINT('',(55.3,-33.2,0.));
#1957 = CIRCLE('',#1958,0.4);
#1958 = AXIS2_PLACEMENT_3D('',#1959,#1960,#1961);
#1959 = CARTESIAN_POINT('',(55.3,-33.6,0.));
#1960 = DIRECTION('',(0.,-0.,-1.));
#1961 = DIRECTION('',(1.7763568394E-14,1.,-0.));
#1962 = ORIENTED_EDGE('',*,*,#1963,.T.);
#1963 = EDGE_CURVE('',#1955,#1936,#1964,.T.);
#1964 = LINE('',#1965,#1966);
#1965 = CARTESIAN_POINT('',(28.25,-33.2,0.));
#1966 = VECTOR('',#1967,1.);
#1967 = DIRECTION('',(1.,0.,-0.));
#1968 = FACE_BOUND('',#1969,.F.);
#1969 = EDGE_LOOP('',(#1970));
#1970 = ORIENTED_EDGE('',*,*,#1971,.T.);
#1971 = EDGE_CURVE('',#1972,#1972,#1974,.T.);
#1972 = VERTEX_POINT('',#1973);
#1973 = CARTESIAN_POINT('',(49.9,-30.425,0.));
#1974 = CIRCLE('',#1975,0.425);
#1975 = AXIS2_PLACEMENT_3D('',#1976,#1977,#1978);
#1976 = CARTESIAN_POINT('',(49.9,-30.,0.));
#1977 = DIRECTION('',(-0.,0.,-1.));
#1978 = DIRECTION('',(-1.671865260612E-14,-1.,0.));
#1979 = FACE_BOUND('',#1980,.F.);
#1980 = EDGE_LOOP('',(#1981));
#1981 = ORIENTED_EDGE('',*,*,#1982,.F.);
#1982 = EDGE_CURVE('',#1983,#1983,#1985,.T.);
#1983 = VERTEX_POINT('',#1984);
#1984 = CARTESIAN_POINT('',(42.7,-30.,0.));
#1985 = CIRCLE('',#1986,2.8);
#1986 = AXIS2_PLACEMENT_3D('',#1987,#1988,#1989);
#1987 = CARTESIAN_POINT('',(39.9,-30.,0.));
#1988 = DIRECTION('',(0.,0.,1.));
#1989 = DIRECTION('',(1.,0.,-0.));
#1990 = FACE_BOUND('',#1991,.F.);
#1991 = EDGE_LOOP('',(#1992,#2003,#2011,#2020));
#1992 = ORIENTED_EDGE('',*,*,#1993,.T.);
#1993 = EDGE_CURVE('',#1994,#1996,#1998,.T.);
#1994 = VERTEX_POINT('',#1995);
#1995 = CARTESIAN_POINT('',(40.5,-26.,0.));
#1996 = VERTEX_POINT('',#1997);
#1997 = CARTESIAN_POINT('',(40.5,-26.8,0.));
#1998 = CIRCLE('',#1999,0.4);
#1999 = AXIS2_PLACEMENT_3D('',#2000,#2001,#2002);
#2000 = CARTESIAN_POINT('',(40.5,-26.4,0.));
#2001 = DIRECTION('',(-0.,0.,-1.));
#2002 = DIRECTION('',(-0.,-1.,0.));
#2003 = ORIENTED_EDGE('',*,*,#2004,.T.);
#2004 = EDGE_CURVE('',#1996,#2005,#2007,.T.);
#2005 = VERTEX_POINT('',#2006);
#2006 = CARTESIAN_POINT('',(39.3,-26.8,0.));
#2007 = LINE('',#2008,#2009);
#2008 = CARTESIAN_POINT('',(19.65,-26.8,0.));
#2009 = VECTOR('',#2010,1.);
#2010 = DIRECTION('',(-1.,0.,0.));
#2011 = ORIENTED_EDGE('',*,*,#2012,.T.);
#2012 = EDGE_CURVE('',#2005,#2013,#2015,.T.);
#2013 = VERTEX_POINT('',#2014);
#2014 = CARTESIAN_POINT('',(39.3,-26.,0.));
#2015 = CIRCLE('',#2016,0.4);
#2016 = AXIS2_PLACEMENT_3D('',#2017,#2018,#2019);
#2017 = CARTESIAN_POINT('',(39.3,-26.4,0.));
#2018 = DIRECTION('',(-0.,0.,-1.));
#2019 = DIRECTION('',(0.,1.,0.));
#2020 = ORIENTED_EDGE('',*,*,#2021,.T.);
#2021 = EDGE_CURVE('',#2013,#1994,#2022,.T.);
#2022 = LINE('',#2023,#2024);
#2023 = CARTESIAN_POINT('',(20.25,-26.,0.));
#2024 = VECTOR('',#2025,1.);
#2025 = DIRECTION('',(1.,0.,-0.));
#2026 = FACE_BOUND('',#2027,.F.);
#2027 = EDGE_LOOP('',(#2028));
#2028 = ORIENTED_EDGE('',*,*,#2029,.F.);
#2029 = EDGE_CURVE('',#2030,#2030,#2032,.T.);
#2030 = VERTEX_POINT('',#2031);
#2031 = CARTESIAN_POINT('',(58.7,-30.,0.));
#2032 = CIRCLE('',#2033,2.8);
#2033 = AXIS2_PLACEMENT_3D('',#2034,#2035,#2036);
#2034 = CARTESIAN_POINT('',(55.9,-30.,0.));
#2035 = DIRECTION('',(0.,0.,1.));
#2036 = DIRECTION('',(1.,0.,-0.));
#2037 = FACE_BOUND('',#2038,.F.);
#2038 = EDGE_LOOP('',(#2039,#2050,#2058,#2067));
#2039 = ORIENTED_EDGE('',*,*,#2040,.T.);
#2040 = EDGE_CURVE('',#2041,#2043,#2045,.T.);
#2041 = VERTEX_POINT('',#2042);
#2042 = CARTESIAN_POINT('',(56.5,-26.,0.));
#2043 = VERTEX_POINT('',#2044);
#2044 = CARTESIAN_POINT('',(56.5,-26.8,0.));
#2045 = CIRCLE('',#2046,0.4);
#2046 = AXIS2_PLACEMENT_3D('',#2047,#2048,#2049);
#2047 = CARTESIAN_POINT('',(56.5,-26.4,0.));
#2048 = DIRECTION('',(-0.,0.,-1.));
#2049 = DIRECTION('',(-0.,-1.,0.));
#2050 = ORIENTED_EDGE('',*,*,#2051,.T.);
#2051 = EDGE_CURVE('',#2043,#2052,#2054,.T.);
#2052 = VERTEX_POINT('',#2053);
#2053 = CARTESIAN_POINT('',(55.3,-26.8,0.));
#2054 = LINE('',#2055,#2056);
#2055 = CARTESIAN_POINT('',(27.65,-26.8,0.));
#2056 = VECTOR('',#2057,1.);
#2057 = DIRECTION('',(-1.,0.,0.));
#2058 = ORIENTED_EDGE('',*,*,#2059,.T.);
#2059 = EDGE_CURVE('',#2052,#2060,#2062,.T.);
#2060 = VERTEX_POINT('',#2061);
#2061 = CARTESIAN_POINT('',(55.3,-26.,0.));
#2062 = CIRCLE('',#2063,0.4);
#2063 = AXIS2_PLACEMENT_3D('',#2064,#2065,#2066);
#2064 = CARTESIAN_POINT('',(55.3,-26.4,0.));
#2065 = DIRECTION('',(-0.,0.,-1.));
#2066 = DIRECTION('',(0.,1.,0.));
#2067 = ORIENTED_EDGE('',*,*,#2068,.T.);
#2068 = EDGE_CURVE('',#2060,#2041,#2069,.T.);
#2069 = LINE('',#2070,#2071);
#2070 = CARTESIAN_POINT('',(28.25,-26.,0.));
#2071 = VECTOR('',#2072,1.);
#2072 = DIRECTION('',(1.,0.,-0.));
#2073 = PLANE('',#2074);
#2074 = AXIS2_PLACEMENT_3D('',#2075,#2076,#2077);
#2075 = CARTESIAN_POINT('',(0.,0.,0.));
#2076 = DIRECTION('',(0.,0.,1.));
#2077 = DIRECTION('',(1.,0.,-0.));
#2078 = ADVANCED_FACE('',(#2079,#2125,#2161,#2172,#2208,#2219,#2230,
    #2266,#2277),#2313,.T.);
#2079 = FACE_BOUND('',#2080,.T.);
#2080 = EDGE_LOOP('',(#2081,#2082,#2083,#2092,#2100,#2109,#2117,#2124));
#2081 = ORIENTED_EDGE('',*,*,#1748,.F.);
#2082 = ORIENTED_EDGE('',*,*,#1790,.F.);
#2083 = ORIENTED_EDGE('',*,*,#2084,.F.);
#2084 = EDGE_CURVE('',#2085,#1783,#2087,.T.);
#2085 = VERTEX_POINT('',#2086);
#2086 = CARTESIAN_POINT('',(35.099999,-27.199999,1.48));
#2087 = CIRCLE('',#2088,2.99999946588);
#2088 = AXIS2_PLACEMENT_3D('',#2089,#2090,#2091);
#2089 = CARTESIAN_POINT('',(38.09999846588,-27.19999946587,1.48));
#2090 = DIRECTION('',(0.,0.,-1.));
#2091 = DIRECTION('',(-1.,1.552931464571E-07,0.));
#2092 = ORIENTED_EDGE('',*,*,#2093,.F.);
#2093 = EDGE_CURVE('',#2094,#2085,#2096,.T.);
#2094 = VERTEX_POINT('',#2095);
#2095 = CARTESIAN_POINT('',(35.1,-32.8,1.48));
#2096 = LINE('',#2097,#2098);
#2097 = CARTESIAN_POINT('',(35.1,-32.8,1.48));
#2098 = VECTOR('',#2099,1.);
#2099 = DIRECTION('',(-1.785713975017E-07,1.,0.));
#2100 = ORIENTED_EDGE('',*,*,#2101,.F.);
#2101 = EDGE_CURVE('',#2102,#2094,#2104,.T.);
#2102 = VERTEX_POINT('',#2103);
#2103 = CARTESIAN_POINT('',(38.1,-35.8,1.48));
#2104 = CIRCLE('',#2105,3.000001172987);
#2105 = AXIS2_PLACEMENT_3D('',#2106,#2107,#2108);
#2106 = CARTESIAN_POINT('',(38.100001172987,-32.79999882701,1.48));
#2107 = DIRECTION('',(0.,0.,-1.));
#2108 = DIRECTION('',(-3.909953568695E-07,-1.,-0.));
#2109 = ORIENTED_EDGE('',*,*,#2110,.F.);
#2110 = EDGE_CURVE('',#2111,#2102,#2113,.T.);
#2111 = VERTEX_POINT('',#2112);
#2112 = CARTESIAN_POINT('',(57.7,-35.8,1.48));
#2113 = LINE('',#2114,#2115);
#2114 = CARTESIAN_POINT('',(57.7,-35.8,1.48));
#2115 = VECTOR('',#2116,1.);
#2116 = DIRECTION('',(-1.,0.,0.));
#2117 = ORIENTED_EDGE('',*,*,#2118,.F.);
#2118 = EDGE_CURVE('',#1813,#2111,#2119,.T.);
#2119 = CIRCLE('',#2120,2.99999946588);
#2120 = AXIS2_PLACEMENT_3D('',#2121,#2122,#2123);
#2121 = CARTESIAN_POINT('',(57.70000153412,-32.80000053412,1.48));
#2122 = DIRECTION('',(0.,0.,-1.));
#2123 = DIRECTION('',(1.,-1.552931452729E-07,0.));
#2124 = ORIENTED_EDGE('',*,*,#1812,.F.);
#2125 = FACE_BOUND('',#2126,.T.);
#2126 = EDGE_LOOP('',(#2127,#2138,#2146,#2155));
#2127 = ORIENTED_EDGE('',*,*,#2128,.T.);
#2128 = EDGE_CURVE('',#2129,#2131,#2133,.T.);
#2129 = VERTEX_POINT('',#2130);
#2130 = CARTESIAN_POINT('',(40.5,-33.2,1.48));
#2131 = VERTEX_POINT('',#2132);
#2132 = CARTESIAN_POINT('',(40.5,-34.,1.48));
#2133 = CIRCLE('',#2134,0.4);
#2134 = AXIS2_PLACEMENT_3D('',#2135,#2136,#2137);
#2135 = CARTESIAN_POINT('',(40.5,-33.6,1.48));
#2136 = DIRECTION('',(-0.,0.,-1.));
#2137 = DIRECTION('',(-1.7763568394E-14,-1.,0.));
#2138 = ORIENTED_EDGE('',*,*,#2139,.T.);
#2139 = EDGE_CURVE('',#2131,#2140,#2142,.T.);
#2140 = VERTEX_POINT('',#2141);
#2141 = CARTESIAN_POINT('',(39.3,-34.,1.48));
#2142 = LINE('',#2143,#2144);
#2143 = CARTESIAN_POINT('',(19.65,-34.,1.48));
#2144 = VECTOR('',#2145,1.);
#2145 = DIRECTION('',(-1.,0.,0.));
#2146 = ORIENTED_EDGE('',*,*,#2147,.T.);
#2147 = EDGE_CURVE('',#2140,#2148,#2150,.T.);
#2148 = VERTEX_POINT('',#2149);
#2149 = CARTESIAN_POINT('',(39.3,-33.2,1.48));
#2150 = CIRCLE('',#2151,0.4);
#2151 = AXIS2_PLACEMENT_3D('',#2152,#2153,#2154);
#2152 = CARTESIAN_POINT('',(39.3,-33.6,1.48));
#2153 = DIRECTION('',(0.,-0.,-1.));
#2154 = DIRECTION('',(1.7763568394E-14,1.,-0.));
#2155 = ORIENTED_EDGE('',*,*,#2156,.T.);
#2156 = EDGE_CURVE('',#2148,#2129,#2157,.T.);
#2157 = LINE('',#2158,#2159);
#2158 = CARTESIAN_POINT('',(20.25,-33.2,1.48));
#2159 = VECTOR('',#2160,1.);
#2160 = DIRECTION('',(1.,0.,-0.));
#2161 = FACE_BOUND('',#2162,.T.);
#2162 = EDGE_LOOP('',(#2163));
#2163 = ORIENTED_EDGE('',*,*,#2164,.T.);
#2164 = EDGE_CURVE('',#2165,#2165,#2167,.T.);
#2165 = VERTEX_POINT('',#2166);
#2166 = CARTESIAN_POINT('',(45.9,-30.425,1.48));
#2167 = CIRCLE('',#2168,0.425);
#2168 = AXIS2_PLACEMENT_3D('',#2169,#2170,#2171);
#2169 = CARTESIAN_POINT('',(45.9,-30.,1.48));
#2170 = DIRECTION('',(-0.,0.,-1.));
#2171 = DIRECTION('',(-1.671865260612E-14,-1.,0.));
#2172 = FACE_BOUND('',#2173,.T.);
#2173 = EDGE_LOOP('',(#2174,#2185,#2193,#2202));
#2174 = ORIENTED_EDGE('',*,*,#2175,.T.);
#2175 = EDGE_CURVE('',#2176,#2178,#2180,.T.);
#2176 = VERTEX_POINT('',#2177);
#2177 = CARTESIAN_POINT('',(56.5,-33.2,1.48));
#2178 = VERTEX_POINT('',#2179);
#2179 = CARTESIAN_POINT('',(56.5,-34.,1.48));
#2180 = CIRCLE('',#2181,0.4);
#2181 = AXIS2_PLACEMENT_3D('',#2182,#2183,#2184);
#2182 = CARTESIAN_POINT('',(56.5,-33.6,1.48));
#2183 = DIRECTION('',(-0.,0.,-1.));
#2184 = DIRECTION('',(-1.7763568394E-14,-1.,0.));
#2185 = ORIENTED_EDGE('',*,*,#2186,.T.);
#2186 = EDGE_CURVE('',#2178,#2187,#2189,.T.);
#2187 = VERTEX_POINT('',#2188);
#2188 = CARTESIAN_POINT('',(55.3,-34.,1.48));
#2189 = LINE('',#2190,#2191);
#2190 = CARTESIAN_POINT('',(27.65,-34.,1.48));
#2191 = VECTOR('',#2192,1.);
#2192 = DIRECTION('',(-1.,0.,0.));
#2193 = ORIENTED_EDGE('',*,*,#2194,.T.);
#2194 = EDGE_CURVE('',#2187,#2195,#2197,.T.);
#2195 = VERTEX_POINT('',#2196);
#2196 = CARTESIAN_POINT('',(55.3,-33.2,1.48));
#2197 = CIRCLE('',#2198,0.4);
#2198 = AXIS2_PLACEMENT_3D('',#2199,#2200,#2201);
#2199 = CARTESIAN_POINT('',(55.3,-33.6,1.48));
#2200 = DIRECTION('',(0.,-0.,-1.));
#2201 = DIRECTION('',(1.7763568394E-14,1.,-0.));
#2202 = ORIENTED_EDGE('',*,*,#2203,.T.);
#2203 = EDGE_CURVE('',#2195,#2176,#2204,.T.);
#2204 = LINE('',#2205,#2206);
#2205 = CARTESIAN_POINT('',(28.25,-33.2,1.48));
#2206 = VECTOR('',#2207,1.);
#2207 = DIRECTION('',(1.,0.,-0.));
#2208 = FACE_BOUND('',#2209,.T.);
#2209 = EDGE_LOOP('',(#2210));
#2210 = ORIENTED_EDGE('',*,*,#2211,.T.);
#2211 = EDGE_CURVE('',#2212,#2212,#2214,.T.);
#2212 = VERTEX_POINT('',#2213);
#2213 = CARTESIAN_POINT('',(49.9,-30.425,1.48));
#2214 = CIRCLE('',#2215,0.425);
#2215 = AXIS2_PLACEMENT_3D('',#2216,#2217,#2218);
#2216 = CARTESIAN_POINT('',(49.9,-30.,1.48));
#2217 = DIRECTION('',(-0.,0.,-1.));
#2218 = DIRECTION('',(-1.671865260612E-14,-1.,0.));
#2219 = FACE_BOUND('',#2220,.T.);
#2220 = EDGE_LOOP('',(#2221));
#2221 = ORIENTED_EDGE('',*,*,#2222,.F.);
#2222 = EDGE_CURVE('',#2223,#2223,#2225,.T.);
#2223 = VERTEX_POINT('',#2224);
#2224 = CARTESIAN_POINT('',(42.7,-30.,1.48));
#2225 = CIRCLE('',#2226,2.8);
#2226 = AXIS2_PLACEMENT_3D('',#2227,#2228,#2229);
#2227 = CARTESIAN_POINT('',(39.9,-30.,1.48));
#2228 = DIRECTION('',(0.,0.,1.));
#2229 = DIRECTION('',(1.,0.,-0.));
#2230 = FACE_BOUND('',#2231,.T.);
#2231 = EDGE_LOOP('',(#2232,#2243,#2251,#2260));
#2232 = ORIENTED_EDGE('',*,*,#2233,.T.);
#2233 = EDGE_CURVE('',#2234,#2236,#2238,.T.);
#2234 = VERTEX_POINT('',#2235);
#2235 = CARTESIAN_POINT('',(40.5,-26.,1.48));
#2236 = VERTEX_POINT('',#2237);
#2237 = CARTESIAN_POINT('',(40.5,-26.8,1.48));
#2238 = CIRCLE('',#2239,0.4);
#2239 = AXIS2_PLACEMENT_3D('',#2240,#2241,#2242);
#2240 = CARTESIAN_POINT('',(40.5,-26.4,1.48));
#2241 = DIRECTION('',(-0.,0.,-1.));
#2242 = DIRECTION('',(-0.,-1.,0.));
#2243 = ORIENTED_EDGE('',*,*,#2244,.T.);
#2244 = EDGE_CURVE('',#2236,#2245,#2247,.T.);
#2245 = VERTEX_POINT('',#2246);
#2246 = CARTESIAN_POINT('',(39.3,-26.8,1.48));
#2247 = LINE('',#2248,#2249);
#2248 = CARTESIAN_POINT('',(19.65,-26.8,1.48));
#2249 = VECTOR('',#2250,1.);
#2250 = DIRECTION('',(-1.,0.,0.));
#2251 = ORIENTED_EDGE('',*,*,#2252,.T.);
#2252 = EDGE_CURVE('',#2245,#2253,#2255,.T.);
#2253 = VERTEX_POINT('',#2254);
#2254 = CARTESIAN_POINT('',(39.3,-26.,1.48));
#2255 = CIRCLE('',#2256,0.4);
#2256 = AXIS2_PLACEMENT_3D('',#2257,#2258,#2259);
#2257 = CARTESIAN_POINT('',(39.3,-26.4,1.48));
#2258 = DIRECTION('',(-0.,0.,-1.));
#2259 = DIRECTION('',(0.,1.,0.));
#2260 = ORIENTED_EDGE('',*,*,#2261,.T.);
#2261 = EDGE_CURVE('',#2253,#2234,#2262,.T.);
#2262 = LINE('',#2263,#2264);
#2263 = CARTESIAN_POINT('',(20.25,-26.,1.48));
#2264 = VECTOR('',#2265,1.);
#2265 = DIRECTION('',(1.,0.,-0.));
#2266 = FACE_BOUND('',#2267,.T.);
#2267 = EDGE_LOOP('',(#2268));
#2268 = ORIENTED_EDGE('',*,*,#2269,.F.);
#2269 = EDGE_CURVE('',#2270,#2270,#2272,.T.);
#2270 = VERTEX_POINT('',#2271);
#2271 = CARTESIAN_POINT('',(58.7,-30.,1.48));
#2272 = CIRCLE('',#2273,2.8);
#2273 = AXIS2_PLACEMENT_3D('',#2274,#2275,#2276);
#2274 = CARTESIAN_POINT('',(55.9,-30.,1.48));
#2275 = DIRECTION('',(0.,0.,1.));
#2276 = DIRECTION('',(1.,0.,-0.));
#2277 = FACE_BOUND('',#2278,.T.);
#2278 = EDGE_LOOP('',(#2279,#2290,#2298,#2307));
#2279 = ORIENTED_EDGE('',*,*,#2280,.T.);
#2280 = EDGE_CURVE('',#2281,#2283,#2285,.T.);
#2281 = VERTEX_POINT('',#2282);
#2282 = CARTESIAN_POINT('',(56.5,-26.,1.48));
#2283 = VERTEX_POINT('',#2284);
#2284 = CARTESIAN_POINT('',(56.5,-26.8,1.48));
#2285 = CIRCLE('',#2286,0.4);
#2286 = AXIS2_PLACEMENT_3D('',#2287,#2288,#2289);
#2287 = CARTESIAN_POINT('',(56.5,-26.4,1.48));
#2288 = DIRECTION('',(-0.,0.,-1.));
#2289 = DIRECTION('',(-0.,-1.,0.));
#2290 = ORIENTED_EDGE('',*,*,#2291,.T.);
#2291 = EDGE_CURVE('',#2283,#2292,#2294,.T.);
#2292 = VERTEX_POINT('',#2293);
#2293 = CARTESIAN_POINT('',(55.3,-26.8,1.48));
#2294 = LINE('',#2295,#2296);
#2295 = CARTESIAN_POINT('',(27.65,-26.8,1.48));
#2296 = VECTOR('',#2297,1.);
#2297 = DIRECTION('',(-1.,0.,0.));
#2298 = ORIENTED_EDGE('',*,*,#2299,.T.);
#2299 = EDGE_CURVE('',#2292,#2300,#2302,.T.);
#2300 = VERTEX_POINT('',#2301);
#2301 = CARTESIAN_POINT('',(55.3,-26.,1.48));
#2302 = CIRCLE('',#2303,0.4);
#2303 = AXIS2_PLACEMENT_3D('',#2304,#2305,#2306);
#2304 = CARTESIAN_POINT('',(55.3,-26.4,1.48));
#2305 = DIRECTION('',(-0.,0.,-1.));
#2306 = DIRECTION('',(0.,1.,0.));
#2307 = ORIENTED_EDGE('',*,*,#2308,.T.);
#2308 = EDGE_CURVE('',#2300,#2281,#2309,.T.);
#2309 = LINE('',#2310,#2311);
#2310 = CARTESIAN_POINT('',(28.25,-26.,1.48));
#2311 = VECTOR('',#2312,1.);
#2312 = DIRECTION('',(1.,0.,-0.));
#2313 = PLANE('',#2314);
#2314 = AXIS2_PLACEMENT_3D('',#2315,#2316,#2317);
#2315 = CARTESIAN_POINT('',(0.,0.,1.48));
#2316 = DIRECTION('',(0.,0.,1.));
#2317 = DIRECTION('',(1.,0.,-0.));
#2318 = ADVANCED_FACE('',(#2319),#2330,.T.);
#2319 = FACE_BOUND('',#2320,.T.);
#2320 = EDGE_LOOP('',(#2321,#2327,#2328,#2329));
#2321 = ORIENTED_EDGE('',*,*,#2322,.T.);
#2322 = EDGE_CURVE('',#1845,#2085,#2323,.T.);
#2323 = LINE('',#2324,#2325);
#2324 = CARTESIAN_POINT('',(35.099999,-27.199999,0.));
#2325 = VECTOR('',#2326,1.);
#2326 = DIRECTION('',(0.,0.,1.));
#2327 = ORIENTED_EDGE('',*,*,#2084,.T.);
#2328 = ORIENTED_EDGE('',*,*,#1780,.F.);
#2329 = ORIENTED_EDGE('',*,*,#1844,.F.);
#2330 = CYLINDRICAL_SURFACE('',#2331,2.99999946588);
#2331 = AXIS2_PLACEMENT_3D('',#2332,#2333,#2334);
#2332 = CARTESIAN_POINT('',(38.09999846588,-27.19999946587,0.));
#2333 = DIRECTION('',(0.,0.,-1.));
#2334 = DIRECTION('',(-1.,1.552931464571E-07,0.));
#2335 = ADVANCED_FACE('',(#2336),#2347,.T.);
#2336 = FACE_BOUND('',#2337,.T.);
#2337 = EDGE_LOOP('',(#2338,#2339,#2340,#2346));
#2338 = ORIENTED_EDGE('',*,*,#1820,.T.);
#2339 = ORIENTED_EDGE('',*,*,#2118,.T.);
#2340 = ORIENTED_EDGE('',*,*,#2341,.F.);
#2341 = EDGE_CURVE('',#1871,#2111,#2342,.T.);
#2342 = LINE('',#2343,#2344);
#2343 = CARTESIAN_POINT('',(57.7,-35.8,0.));
#2344 = VECTOR('',#2345,1.);
#2345 = DIRECTION('',(0.,0.,1.));
#2346 = ORIENTED_EDGE('',*,*,#1878,.F.);
#2347 = CYLINDRICAL_SURFACE('',#2348,2.99999946588);
#2348 = AXIS2_PLACEMENT_3D('',#2349,#2350,#2351);
#2349 = CARTESIAN_POINT('',(57.70000153412,-32.80000053412,0.));
#2350 = DIRECTION('',(0.,0.,-1.));
#2351 = DIRECTION('',(1.,-1.552931452729E-07,0.));
#2352 = ADVANCED_FACE('',(#2353),#2364,.T.);
#2353 = FACE_BOUND('',#2354,.T.);
#2354 = EDGE_LOOP('',(#2355,#2361,#2362,#2363));
#2355 = ORIENTED_EDGE('',*,*,#2356,.T.);
#2356 = EDGE_CURVE('',#1854,#2094,#2357,.T.);
#2357 = LINE('',#2358,#2359);
#2358 = CARTESIAN_POINT('',(35.1,-32.8,0.));
#2359 = VECTOR('',#2360,1.);
#2360 = DIRECTION('',(0.,0.,1.));
#2361 = ORIENTED_EDGE('',*,*,#2093,.T.);
#2362 = ORIENTED_EDGE('',*,*,#2322,.F.);
#2363 = ORIENTED_EDGE('',*,*,#1853,.F.);
#2364 = PLANE('',#2365);
#2365 = AXIS2_PLACEMENT_3D('',#2366,#2367,#2368);
#2366 = CARTESIAN_POINT('',(35.1,-32.8,0.));
#2367 = DIRECTION('',(-1.,-1.785713975017E-07,0.));
#2368 = DIRECTION('',(-1.785713975017E-07,1.,0.));
#2369 = ADVANCED_FACE('',(#2370),#2381,.T.);
#2370 = FACE_BOUND('',#2371,.T.);
#2371 = EDGE_LOOP('',(#2372,#2373,#2374,#2380));
#2372 = ORIENTED_EDGE('',*,*,#2341,.T.);
#2373 = ORIENTED_EDGE('',*,*,#2110,.T.);
#2374 = ORIENTED_EDGE('',*,*,#2375,.F.);
#2375 = EDGE_CURVE('',#1862,#2102,#2376,.T.);
#2376 = LINE('',#2377,#2378);
#2377 = CARTESIAN_POINT('',(38.1,-35.8,0.));
#2378 = VECTOR('',#2379,1.);
#2379 = DIRECTION('',(0.,0.,1.));
#2380 = ORIENTED_EDGE('',*,*,#1870,.F.);
#2381 = PLANE('',#2382);
#2382 = AXIS2_PLACEMENT_3D('',#2383,#2384,#2385);
#2383 = CARTESIAN_POINT('',(57.7,-35.8,0.));
#2384 = DIRECTION('',(0.,-1.,0.));
#2385 = DIRECTION('',(-1.,0.,0.));
#2386 = ADVANCED_FACE('',(#2387),#2393,.T.);
#2387 = FACE_BOUND('',#2388,.T.);
#2388 = EDGE_LOOP('',(#2389,#2390,#2391,#2392));
#2389 = ORIENTED_EDGE('',*,*,#2375,.T.);
#2390 = ORIENTED_EDGE('',*,*,#2101,.T.);
#2391 = ORIENTED_EDGE('',*,*,#2356,.F.);
#2392 = ORIENTED_EDGE('',*,*,#1861,.F.);
#2393 = CYLINDRICAL_SURFACE('',#2394,3.000001172987);
#2394 = AXIS2_PLACEMENT_3D('',#2395,#2396,#2397);
#2395 = CARTESIAN_POINT('',(38.100001172987,-32.79999882701,0.));
#2396 = DIRECTION('',(0.,0.,-1.));
#2397 = DIRECTION('',(-3.909953568695E-07,-1.,-0.));
#2398 = ADVANCED_FACE('',(#2399),#2415,.F.);
#2399 = FACE_BOUND('',#2400,.T.);
#2400 = EDGE_LOOP('',(#2401,#2402,#2408,#2409));
#2401 = ORIENTED_EDGE('',*,*,#1888,.T.);
#2402 = ORIENTED_EDGE('',*,*,#2403,.T.);
#2403 = EDGE_CURVE('',#1891,#2131,#2404,.T.);
#2404 = LINE('',#2405,#2406);
#2405 = CARTESIAN_POINT('',(40.5,-34.,-4.6E-02));
#2406 = VECTOR('',#2407,1.);
#2407 = DIRECTION('',(0.,0.,1.));
#2408 = ORIENTED_EDGE('',*,*,#2128,.F.);
#2409 = ORIENTED_EDGE('',*,*,#2410,.F.);
#2410 = EDGE_CURVE('',#1889,#2129,#2411,.T.);
#2411 = LINE('',#2412,#2413);
#2412 = CARTESIAN_POINT('',(40.5,-33.2,-4.6E-02));
#2413 = VECTOR('',#2414,1.);
#2414 = DIRECTION('',(0.,0.,1.));
#2415 = CYLINDRICAL_SURFACE('',#2416,0.4);
#2416 = AXIS2_PLACEMENT_3D('',#2417,#2418,#2419);
#2417 = CARTESIAN_POINT('',(40.5,-33.6,-4.6E-02));
#2418 = DIRECTION('',(-0.,-0.,-1.));
#2419 = DIRECTION('',(-1.7763568394E-14,-1.,0.));
#2420 = ADVANCED_FACE('',(#2421),#2432,.T.);
#2421 = FACE_BOUND('',#2422,.T.);
#2422 = EDGE_LOOP('',(#2423,#2424,#2425,#2426));
#2423 = ORIENTED_EDGE('',*,*,#1916,.T.);
#2424 = ORIENTED_EDGE('',*,*,#2410,.T.);
#2425 = ORIENTED_EDGE('',*,*,#2156,.F.);
#2426 = ORIENTED_EDGE('',*,*,#2427,.F.);
#2427 = EDGE_CURVE('',#1908,#2148,#2428,.T.);
#2428 = LINE('',#2429,#2430);
#2429 = CARTESIAN_POINT('',(39.3,-33.2,-4.6E-02));
#2430 = VECTOR('',#2431,1.);
#2431 = DIRECTION('',(0.,0.,1.));
#2432 = PLANE('',#2433);
#2433 = AXIS2_PLACEMENT_3D('',#2434,#2435,#2436);
#2434 = CARTESIAN_POINT('',(40.5,-33.2,-4.6E-02));
#2435 = DIRECTION('',(0.,-1.,0.));
#2436 = DIRECTION('',(-1.,0.,0.));
#2437 = ADVANCED_FACE('',(#2438),#2449,.F.);
#2438 = FACE_BOUND('',#2439,.T.);
#2439 = EDGE_LOOP('',(#2440,#2441,#2442,#2443));
#2440 = ORIENTED_EDGE('',*,*,#1907,.T.);
#2441 = ORIENTED_EDGE('',*,*,#2427,.T.);
#2442 = ORIENTED_EDGE('',*,*,#2147,.F.);
#2443 = ORIENTED_EDGE('',*,*,#2444,.F.);
#2444 = EDGE_CURVE('',#1900,#2140,#2445,.T.);
#2445 = LINE('',#2446,#2447);
#2446 = CARTESIAN_POINT('',(39.3,-34.,-4.6E-02));
#2447 = VECTOR('',#2448,1.);
#2448 = DIRECTION('',(0.,0.,1.));
#2449 = CYLINDRICAL_SURFACE('',#2450,0.4);
#2450 = AXIS2_PLACEMENT_3D('',#2451,#2452,#2453);
#2451 = CARTESIAN_POINT('',(39.3,-33.6,-4.6E-02));
#2452 = DIRECTION('',(-0.,-0.,-1.));
#2453 = DIRECTION('',(1.7763568394E-14,1.,-0.));
#2454 = ADVANCED_FACE('',(#2455),#2461,.T.);
#2455 = FACE_BOUND('',#2456,.T.);
#2456 = EDGE_LOOP('',(#2457,#2458,#2459,#2460));
#2457 = ORIENTED_EDGE('',*,*,#1899,.T.);
#2458 = ORIENTED_EDGE('',*,*,#2444,.T.);
#2459 = ORIENTED_EDGE('',*,*,#2139,.F.);
#2460 = ORIENTED_EDGE('',*,*,#2403,.F.);
#2461 = PLANE('',#2462);
#2462 = AXIS2_PLACEMENT_3D('',#2463,#2464,#2465);
#2463 = CARTESIAN_POINT('',(39.3,-34.,-4.6E-02));
#2464 = DIRECTION('',(0.,1.,0.));
#2465 = DIRECTION('',(1.,0.,0.));
#2466 = ADVANCED_FACE('',(#2467),#2478,.F.);
#2467 = FACE_BOUND('',#2468,.T.);
#2468 = EDGE_LOOP('',(#2469,#2470,#2476,#2477));
#2469 = ORIENTED_EDGE('',*,*,#1924,.T.);
#2470 = ORIENTED_EDGE('',*,*,#2471,.T.);
#2471 = EDGE_CURVE('',#1925,#2165,#2472,.T.);
#2472 = LINE('',#2473,#2474);
#2473 = CARTESIAN_POINT('',(45.9,-30.425,-4.6E-02));
#2474 = VECTOR('',#2475,1.);
#2475 = DIRECTION('',(0.,0.,1.));
#2476 = ORIENTED_EDGE('',*,*,#2164,.F.);
#2477 = ORIENTED_EDGE('',*,*,#2471,.F.);
#2478 = CYLINDRICAL_SURFACE('',#2479,0.425);
#2479 = AXIS2_PLACEMENT_3D('',#2480,#2481,#2482);
#2480 = CARTESIAN_POINT('',(45.9,-30.,-4.6E-02));
#2481 = DIRECTION('',(-0.,-0.,-1.));
#2482 = DIRECTION('',(-1.671865260612E-14,-1.,0.));
#2483 = ADVANCED_FACE('',(#2484),#2500,.F.);
#2484 = FACE_BOUND('',#2485,.T.);
#2485 = EDGE_LOOP('',(#2486,#2487,#2493,#2494));
#2486 = ORIENTED_EDGE('',*,*,#1935,.T.);
#2487 = ORIENTED_EDGE('',*,*,#2488,.T.);
#2488 = EDGE_CURVE('',#1938,#2178,#2489,.T.);
#2489 = LINE('',#2490,#2491);
#2490 = CARTESIAN_POINT('',(56.5,-34.,-4.6E-02));
#2491 = VECTOR('',#2492,1.);
#2492 = DIRECTION('',(0.,0.,1.));
#2493 = ORIENTED_EDGE('',*,*,#2175,.F.);
#2494 = ORIENTED_EDGE('',*,*,#2495,.F.);
#2495 = EDGE_CURVE('',#1936,#2176,#2496,.T.);
#2496 = LINE('',#2497,#2498);
#2497 = CARTESIAN_POINT('',(56.5,-33.2,-4.6E-02));
#2498 = VECTOR('',#2499,1.);
#2499 = DIRECTION('',(0.,0.,1.));
#2500 = CYLINDRICAL_SURFACE('',#2501,0.4);
#2501 = AXIS2_PLACEMENT_3D('',#2502,#2503,#2504);
#2502 = CARTESIAN_POINT('',(56.5,-33.6,-4.6E-02));
#2503 = DIRECTION('',(-0.,-0.,-1.));
#2504 = DIRECTION('',(-1.7763568394E-14,-1.,0.));
#2505 = ADVANCED_FACE('',(#2506),#2517,.T.);
#2506 = FACE_BOUND('',#2507,.T.);
#2507 = EDGE_LOOP('',(#2508,#2509,#2510,#2511));
#2508 = ORIENTED_EDGE('',*,*,#1963,.T.);
#2509 = ORIENTED_EDGE('',*,*,#2495,.T.);
#2510 = ORIENTED_EDGE('',*,*,#2203,.F.);
#2511 = ORIENTED_EDGE('',*,*,#2512,.F.);
#2512 = EDGE_CURVE('',#1955,#2195,#2513,.T.);
#2513 = LINE('',#2514,#2515);
#2514 = CARTESIAN_POINT('',(55.3,-33.2,-4.6E-02));
#2515 = VECTOR('',#2516,1.);
#2516 = DIRECTION('',(0.,0.,1.));
#2517 = PLANE('',#2518);
#2518 = AXIS2_PLACEMENT_3D('',#2519,#2520,#2521);
#2519 = CARTESIAN_POINT('',(56.5,-33.2,-4.6E-02));
#2520 = DIRECTION('',(0.,-1.,0.));
#2521 = DIRECTION('',(-1.,0.,0.));
#2522 = ADVANCED_FACE('',(#2523),#2534,.F.);
#2523 = FACE_BOUND('',#2524,.T.);
#2524 = EDGE_LOOP('',(#2525,#2526,#2527,#2528));
#2525 = ORIENTED_EDGE('',*,*,#1954,.T.);
#2526 = ORIENTED_EDGE('',*,*,#2512,.T.);
#2527 = ORIENTED_EDGE('',*,*,#2194,.F.);
#2528 = ORIENTED_EDGE('',*,*,#2529,.F.);
#2529 = EDGE_CURVE('',#1947,#2187,#2530,.T.);
#2530 = LINE('',#2531,#2532);
#2531 = CARTESIAN_POINT('',(55.3,-34.,-4.6E-02));
#2532 = VECTOR('',#2533,1.);
#2533 = DIRECTION('',(0.,0.,1.));
#2534 = CYLINDRICAL_SURFACE('',#2535,0.4);
#2535 = AXIS2_PLACEMENT_3D('',#2536,#2537,#2538);
#2536 = CARTESIAN_POINT('',(55.3,-33.6,-4.6E-02));
#2537 = DIRECTION('',(-0.,-0.,-1.));
#2538 = DIRECTION('',(1.7763568394E-14,1.,-0.));
#2539 = ADVANCED_FACE('',(#2540),#2546,.T.);
#2540 = FACE_BOUND('',#2541,.T.);
#2541 = EDGE_LOOP('',(#2542,#2543,#2544,#2545));
#2542 = ORIENTED_EDGE('',*,*,#1946,.T.);
#2543 = ORIENTED_EDGE('',*,*,#2529,.T.);
#2544 = ORIENTED_EDGE('',*,*,#2186,.F.);
#2545 = ORIENTED_EDGE('',*,*,#2488,.F.);
#2546 = PLANE('',#2547);
#2547 = AXIS2_PLACEMENT_3D('',#2548,#2549,#2550);
#2548 = CARTESIAN_POINT('',(55.3,-34.,-4.6E-02));
#2549 = DIRECTION('',(0.,1.,0.));
#2550 = DIRECTION('',(1.,0.,0.));
#2551 = ADVANCED_FACE('',(#2552),#2563,.F.);
#2552 = FACE_BOUND('',#2553,.T.);
#2553 = EDGE_LOOP('',(#2554,#2555,#2561,#2562));
#2554 = ORIENTED_EDGE('',*,*,#1971,.T.);
#2555 = ORIENTED_EDGE('',*,*,#2556,.T.);
#2556 = EDGE_CURVE('',#1972,#2212,#2557,.T.);
#2557 = LINE('',#2558,#2559);
#2558 = CARTESIAN_POINT('',(49.9,-30.425,-4.6E-02));
#2559 = VECTOR('',#2560,1.);
#2560 = DIRECTION('',(0.,0.,1.));
#2561 = ORIENTED_EDGE('',*,*,#2211,.F.);
#2562 = ORIENTED_EDGE('',*,*,#2556,.F.);
#2563 = CYLINDRICAL_SURFACE('',#2564,0.425);
#2564 = AXIS2_PLACEMENT_3D('',#2565,#2566,#2567);
#2565 = CARTESIAN_POINT('',(49.9,-30.,-4.6E-02));
#2566 = DIRECTION('',(-0.,-0.,-1.));
#2567 = DIRECTION('',(-1.671865260612E-14,-1.,0.));
#2568 = ADVANCED_FACE('',(#2569),#2580,.F.);
#2569 = FACE_BOUND('',#2570,.T.);
#2570 = EDGE_LOOP('',(#2571,#2577,#2578,#2579));
#2571 = ORIENTED_EDGE('',*,*,#2572,.T.);
#2572 = EDGE_CURVE('',#1983,#2223,#2573,.T.);
#2573 = LINE('',#2574,#2575);
#2574 = CARTESIAN_POINT('',(42.7,-30.,0.));
#2575 = VECTOR('',#2576,1.);
#2576 = DIRECTION('',(0.,0.,1.));
#2577 = ORIENTED_EDGE('',*,*,#2222,.T.);
#2578 = ORIENTED_EDGE('',*,*,#2572,.F.);
#2579 = ORIENTED_EDGE('',*,*,#1982,.F.);
#2580 = CYLINDRICAL_SURFACE('',#2581,2.8);
#2581 = AXIS2_PLACEMENT_3D('',#2582,#2583,#2584);
#2582 = CARTESIAN_POINT('',(39.9,-30.,0.));
#2583 = DIRECTION('',(-0.,-0.,-1.));
#2584 = DIRECTION('',(1.,0.,-0.));
#2585 = ADVANCED_FACE('',(#2586),#2602,.F.);
#2586 = FACE_BOUND('',#2587,.T.);
#2587 = EDGE_LOOP('',(#2588,#2589,#2595,#2596));
#2588 = ORIENTED_EDGE('',*,*,#1993,.T.);
#2589 = ORIENTED_EDGE('',*,*,#2590,.T.);
#2590 = EDGE_CURVE('',#1996,#2236,#2591,.T.);
#2591 = LINE('',#2592,#2593);
#2592 = CARTESIAN_POINT('',(40.5,-26.8,-4.6E-02));
#2593 = VECTOR('',#2594,1.);
#2594 = DIRECTION('',(0.,0.,1.));
#2595 = ORIENTED_EDGE('',*,*,#2233,.F.);
#2596 = ORIENTED_EDGE('',*,*,#2597,.F.);
#2597 = EDGE_CURVE('',#1994,#2234,#2598,.T.);
#2598 = LINE('',#2599,#2600);
#2599 = CARTESIAN_POINT('',(40.5,-26.,-4.6E-02));
#2600 = VECTOR('',#2601,1.);
#2601 = DIRECTION('',(0.,0.,1.));
#2602 = CYLINDRICAL_SURFACE('',#2603,0.4);
#2603 = AXIS2_PLACEMENT_3D('',#2604,#2605,#2606);
#2604 = CARTESIAN_POINT('',(40.5,-26.4,-4.6E-02));
#2605 = DIRECTION('',(-0.,-0.,-1.));
#2606 = DIRECTION('',(-0.,-1.,0.));
#2607 = ADVANCED_FACE('',(#2608),#2619,.T.);
#2608 = FACE_BOUND('',#2609,.T.);
#2609 = EDGE_LOOP('',(#2610,#2611,#2612,#2613));
#2610 = ORIENTED_EDGE('',*,*,#2021,.T.);
#2611 = ORIENTED_EDGE('',*,*,#2597,.T.);
#2612 = ORIENTED_EDGE('',*,*,#2261,.F.);
#2613 = ORIENTED_EDGE('',*,*,#2614,.F.);
#2614 = EDGE_CURVE('',#2013,#2253,#2615,.T.);
#2615 = LINE('',#2616,#2617);
#2616 = CARTESIAN_POINT('',(39.3,-26.,-4.6E-02));
#2617 = VECTOR('',#2618,1.);
#2618 = DIRECTION('',(0.,0.,1.));
#2619 = PLANE('',#2620);
#2620 = AXIS2_PLACEMENT_3D('',#2621,#2622,#2623);
#2621 = CARTESIAN_POINT('',(40.5,-26.,-4.6E-02));
#2622 = DIRECTION('',(0.,-1.,0.));
#2623 = DIRECTION('',(-1.,0.,0.));
#2624 = ADVANCED_FACE('',(#2625),#2636,.F.);
#2625 = FACE_BOUND('',#2626,.T.);
#2626 = EDGE_LOOP('',(#2627,#2628,#2629,#2630));
#2627 = ORIENTED_EDGE('',*,*,#2012,.T.);
#2628 = ORIENTED_EDGE('',*,*,#2614,.T.);
#2629 = ORIENTED_EDGE('',*,*,#2252,.F.);
#2630 = ORIENTED_EDGE('',*,*,#2631,.F.);
#2631 = EDGE_CURVE('',#2005,#2245,#2632,.T.);
#2632 = LINE('',#2633,#2634);
#2633 = CARTESIAN_POINT('',(39.3,-26.8,-4.6E-02));
#2634 = VECTOR('',#2635,1.);
#2635 = DIRECTION('',(0.,0.,1.));
#2636 = CYLINDRICAL_SURFACE('',#2637,0.4);
#2637 = AXIS2_PLACEMENT_3D('',#2638,#2639,#2640);
#2638 = CARTESIAN_POINT('',(39.3,-26.4,-4.6E-02));
#2639 = DIRECTION('',(-0.,0.,-1.));
#2640 = DIRECTION('',(0.,1.,0.));
#2641 = ADVANCED_FACE('',(#2642),#2648,.T.);
#2642 = FACE_BOUND('',#2643,.T.);
#2643 = EDGE_LOOP('',(#2644,#2645,#2646,#2647));
#2644 = ORIENTED_EDGE('',*,*,#2004,.T.);
#2645 = ORIENTED_EDGE('',*,*,#2631,.T.);
#2646 = ORIENTED_EDGE('',*,*,#2244,.F.);
#2647 = ORIENTED_EDGE('',*,*,#2590,.F.);
#2648 = PLANE('',#2649);
#2649 = AXIS2_PLACEMENT_3D('',#2650,#2651,#2652);
#2650 = CARTESIAN_POINT('',(39.3,-26.8,-4.6E-02));
#2651 = DIRECTION('',(0.,1.,0.));
#2652 = DIRECTION('',(1.,0.,0.));
#2653 = ADVANCED_FACE('',(#2654),#2665,.F.);
#2654 = FACE_BOUND('',#2655,.T.);
#2655 = EDGE_LOOP('',(#2656,#2662,#2663,#2664));
#2656 = ORIENTED_EDGE('',*,*,#2657,.T.);
#2657 = EDGE_CURVE('',#2030,#2270,#2658,.T.);
#2658 = LINE('',#2659,#2660);
#2659 = CARTESIAN_POINT('',(58.7,-30.,0.));
#2660 = VECTOR('',#2661,1.);
#2661 = DIRECTION('',(0.,0.,1.));
#2662 = ORIENTED_EDGE('',*,*,#2269,.T.);
#2663 = ORIENTED_EDGE('',*,*,#2657,.F.);
#2664 = ORIENTED_EDGE('',*,*,#2029,.F.);
#2665 = CYLINDRICAL_SURFACE('',#2666,2.8);
#2666 = AXIS2_PLACEMENT_3D('',#2667,#2668,#2669);
#2667 = CARTESIAN_POINT('',(55.9,-30.,0.));
#2668 = DIRECTION('',(-0.,-0.,-1.));
#2669 = DIRECTION('',(1.,0.,-0.));
#2670 = ADVANCED_FACE('',(#2671),#2687,.F.);
#2671 = FACE_BOUND('',#2672,.T.);
#2672 = EDGE_LOOP('',(#2673,#2674,#2680,#2681));
#2673 = ORIENTED_EDGE('',*,*,#2040,.T.);
#2674 = ORIENTED_EDGE('',*,*,#2675,.T.);
#2675 = EDGE_CURVE('',#2043,#2283,#2676,.T.);
#2676 = LINE('',#2677,#2678);
#2677 = CARTESIAN_POINT('',(56.5,-26.8,-4.6E-02));
#2678 = VECTOR('',#2679,1.);
#2679 = DIRECTION('',(0.,0.,1.));
#2680 = ORIENTED_EDGE('',*,*,#2280,.F.);
#2681 = ORIENTED_EDGE('',*,*,#2682,.F.);
#2682 = EDGE_CURVE('',#2041,#2281,#2683,.T.);
#2683 = LINE('',#2684,#2685);
#2684 = CARTESIAN_POINT('',(56.5,-26.,-4.6E-02));
#2685 = VECTOR('',#2686,1.);
#2686 = DIRECTION('',(0.,0.,1.));
#2687 = CYLINDRICAL_SURFACE('',#2688,0.4);
#2688 = AXIS2_PLACEMENT_3D('',#2689,#2690,#2691);
#2689 = CARTESIAN_POINT('',(56.5,-26.4,-4.6E-02));
#2690 = DIRECTION('',(-0.,-0.,-1.));
#2691 = DIRECTION('',(-0.,-1.,0.));
#2692 = ADVANCED_FACE('',(#2693),#2704,.T.);
#2693 = FACE_BOUND('',#2694,.T.);
#2694 = EDGE_LOOP('',(#2695,#2696,#2697,#2698));
#2695 = ORIENTED_EDGE('',*,*,#2068,.T.);
#2696 = ORIENTED_EDGE('',*,*,#2682,.T.);
#2697 = ORIENTED_EDGE('',*,*,#2308,.F.);
#2698 = ORIENTED_EDGE('',*,*,#2699,.F.);
#2699 = EDGE_CURVE('',#2060,#2300,#2700,.T.);
#2700 = LINE('',#2701,#2702);
#2701 = CARTESIAN_POINT('',(55.3,-26.,-4.6E-02));
#2702 = VECTOR('',#2703,1.);
#2703 = DIRECTION('',(0.,0.,1.));
#2704 = PLANE('',#2705);
#2705 = AXIS2_PLACEMENT_3D('',#2706,#2707,#2708);
#2706 = CARTESIAN_POINT('',(56.5,-26.,-4.6E-02));
#2707 = DIRECTION('',(0.,-1.,0.));
#2708 = DIRECTION('',(-1.,0.,0.));
#2709 = ADVANCED_FACE('',(#2710),#2721,.F.);
#2710 = FACE_BOUND('',#2711,.T.);
#2711 = EDGE_LOOP('',(#2712,#2713,#2714,#2715));
#2712 = ORIENTED_EDGE('',*,*,#2059,.T.);
#2713 = ORIENTED_EDGE('',*,*,#2699,.T.);
#2714 = ORIENTED_EDGE('',*,*,#2299,.F.);
#2715 = ORIENTED_EDGE('',*,*,#2716,.F.);
#2716 = EDGE_CURVE('',#2052,#2292,#2717,.T.);
#2717 = LINE('',#2718,#2719);
#2718 = CARTESIAN_POINT('',(55.3,-26.8,-4.6E-02));
#2719 = VECTOR('',#2720,1.);
#2720 = DIRECTION('',(0.,0.,1.));
#2721 = CYLINDRICAL_SURFACE('',#2722,0.4);
#2722 = AXIS2_PLACEMENT_3D('',#2723,#2724,#2725);
#2723 = CARTESIAN_POINT('',(55.3,-26.4,-4.6E-02));
#2724 = DIRECTION('',(-0.,0.,-1.));
#2725 = DIRECTION('',(0.,1.,0.));
#2726 = ADVANCED_FACE('',(#2727),#2733,.T.);
#2727 = FACE_BOUND('',#2728,.T.);
#2728 = EDGE_LOOP('',(#2729,#2730,#2731,#2732));
#2729 = ORIENTED_EDGE('',*,*,#2051,.T.);
#2730 = ORIENTED_EDGE('',*,*,#2716,.T.);
#2731 = ORIENTED_EDGE('',*,*,#2291,.F.);
#2732 = ORIENTED_EDGE('',*,*,#2675,.F.);
#2733 = PLANE('',#2734);
#2734 = AXIS2_PLACEMENT_3D('',#2735,#2736,#2737);
#2735 = CARTESIAN_POINT('',(55.3,-26.8,-4.6E-02));
#2736 = DIRECTION('',(0.,1.,0.));
#2737 = DIRECTION('',(1.,0.,0.));
#2738 = ( GEOMETRIC_REPRESENTATION_CONTEXT(3) 
GLOBAL_UNCERTAINTY_ASSIGNED_CONTEXT((#2742)) 
GLOBAL_UNIT_ASSIGNED_CONTEXT((#2739,#2740,#2741)) REPRESENTATION_CONTEXT
('Context #1','3D Context with UNIT and UNCERTAINTY') );
#2739 = ( LENGTH_UNIT() NAMED_UNIT(*) SI_UNIT(.MILLI.,.METRE.) );
#2740 = ( NAMED_UNIT(*) PLANE_ANGLE_UNIT() SI_UNIT($,.RADIAN.) );
#2741 = ( NAMED_UNIT(*) SI_UNIT($,.STERADIAN.) SOLID_ANGLE_UNIT() );
#2742 = UNCERTAINTY_MEASURE_WITH_UNIT(LENGTH_MEASURE(1.E-07),#2739,
  'distance_accuracy_value','confusion accuracy');
#2743 = CONTEXT_DEPENDENT_SHAPE_REPRESENTATION(#2744,#2746);
#2744 = ( REPRESENTATION_RELATIONSHIP('','',#1731,#10) 
REPRESENTATION_RELATIONSHIP_WITH_TRANSFORMATION(#2745) 
SHAPE_REPRESENTATION_RELATIONSHIP() );
#2745 = ITEM_DEFINED_TRANSFORMATION('','',#11,#27);
#2746 = PRODUCT_DEFINITION_SHAPE('Placement','Placement of an item',
  #2747);
#2747 = NEXT_ASSEMBLY_USAGE_OCCURRENCE('4','=>[0:1:1:4]','',#5,#1726,$);
#2748 = PRODUCT_RELATED_PRODUCT_CATEGORY('part',$,(#1728));
#2749 = MECHANICAL_DESIGN_GEOMETRIC_PRESENTATION_REPRESENTATION('',(
    #2750,#2758,#2765,#2772,#2779,#2786,#2793,#2800,#2808,#2815,#2822,
    #2829,#2836,#2843,#2851,#2858,#2865,#2872,#2879,#2886,#2893,#2900,
    #2907,#2914,#2921,#2928),#1713);
#2750 = STYLED_ITEM('color',(#2751),#925);
#2751 = PRESENTATION_STYLE_ASSIGNMENT((#2752));
#2752 = SURFACE_STYLE_USAGE(.BOTH.,#2753);
#2753 = SURFACE_SIDE_STYLE('',(#2754));
#2754 = SURFACE_STYLE_FILL_AREA(#2755);
#2755 = FILL_AREA_STYLE('',(#2756));
#2756 = FILL_AREA_STYLE_COLOUR('',#2757);
#2757 = COLOUR_RGB('',0.823999987314,0.819999987296,0.781000009244);
#2758 = STYLED_ITEM('color',(#2759),#965);
#2759 = PRESENTATION_STYLE_ASSIGNMENT((#2760));
#2760 = SURFACE_STYLE_USAGE(.BOTH.,#2761);
#2761 = SURFACE_SIDE_STYLE('',(#2762));
#2762 = SURFACE_STYLE_FILL_AREA(#2763);
#2763 = FILL_AREA_STYLE('',(#2764));
#2764 = FILL_AREA_STYLE_COLOUR('',#2757);
#2765 = STYLED_ITEM('color',(#2766),#1048);
#2766 = PRESENTATION_STYLE_ASSIGNMENT((#2767));
#2767 = SURFACE_STYLE_USAGE(.BOTH.,#2768);
#2768 = SURFACE_SIDE_STYLE('',(#2769));
#2769 = SURFACE_STYLE_FILL_AREA(#2770);
#2770 = FILL_AREA_STYLE('',(#2771));
#2771 = FILL_AREA_STYLE_COLOUR('',#2757);
#2772 = STYLED_ITEM('color',(#2773),#1073);
#2773 = PRESENTATION_STYLE_ASSIGNMENT((#2774));
#2774 = SURFACE_STYLE_USAGE(.BOTH.,#2775);
#2775 = SURFACE_SIDE_STYLE('',(#2776));
#2776 = SURFACE_STYLE_FILL_AREA(#2777);
#2777 = FILL_AREA_STYLE('',(#2778));
#2778 = FILL_AREA_STYLE_COLOUR('',#2757);
#2779 = STYLED_ITEM('color',(#2780),#1098);
#2780 = PRESENTATION_STYLE_ASSIGNMENT((#2781));
#2781 = SURFACE_STYLE_USAGE(.BOTH.,#2782);
#2782 = SURFACE_SIDE_STYLE('',(#2783));
#2783 = SURFACE_STYLE_FILL_AREA(#2784);
#2784 = FILL_AREA_STYLE('',(#2785));
#2785 = FILL_AREA_STYLE_COLOUR('',#2757);
#2786 = STYLED_ITEM('color',(#2787),#1165);
#2787 = PRESENTATION_STYLE_ASSIGNMENT((#2788));
#2788 = SURFACE_STYLE_USAGE(.BOTH.,#2789);
#2789 = SURFACE_SIDE_STYLE('',(#2790));
#2790 = SURFACE_STYLE_FILL_AREA(#2791);
#2791 = FILL_AREA_STYLE('',(#2792));
#2792 = FILL_AREA_STYLE_COLOUR('',#2757);
#2793 = STYLED_ITEM('color',(#2794),#1182);
#2794 = PRESENTATION_STYLE_ASSIGNMENT((#2795));
#2795 = SURFACE_STYLE_USAGE(.BOTH.,#2796);
#2796 = SURFACE_SIDE_STYLE('',(#2797));
#2797 = SURFACE_STYLE_FILL_AREA(#2798);
#2798 = FILL_AREA_STYLE('',(#2799));
#2799 = FILL_AREA_STYLE_COLOUR('',#2757);
#2800 = STYLED_ITEM('color',(#2801),#1199);
#2801 = PRESENTATION_STYLE_ASSIGNMENT((#2802));
#2802 = SURFACE_STYLE_USAGE(.BOTH.,#2803);
#2803 = SURFACE_SIDE_STYLE('',(#2804));
#2804 = SURFACE_STYLE_FILL_AREA(#2805);
#2805 = FILL_AREA_STYLE('',(#2806));
#2806 = FILL_AREA_STYLE_COLOUR('',#2807);
#2807 = COLOUR_RGB('',0.894999966383,0.890999961016,0.813000030345);
#2808 = STYLED_ITEM('color',(#2809),#1248);
#2809 = PRESENTATION_STYLE_ASSIGNMENT((#2810));
#2810 = SURFACE_STYLE_USAGE(.BOTH.,#2811);
#2811 = SURFACE_SIDE_STYLE('',(#2812));
#2812 = SURFACE_STYLE_FILL_AREA(#2813);
#2813 = FILL_AREA_STYLE('',(#2814));
#2814 = FILL_AREA_STYLE_COLOUR('',#2757);
#2815 = STYLED_ITEM('color',(#2816),#1265);
#2816 = PRESENTATION_STYLE_ASSIGNMENT((#2817));
#2817 = SURFACE_STYLE_USAGE(.BOTH.,#2818);
#2818 = SURFACE_SIDE_STYLE('',(#2819));
#2819 = SURFACE_STYLE_FILL_AREA(#2820);
#2820 = FILL_AREA_STYLE('',(#2821));
#2821 = FILL_AREA_STYLE_COLOUR('',#2757);
#2822 = STYLED_ITEM('color',(#2823),#1282);
#2823 = PRESENTATION_STYLE_ASSIGNMENT((#2824));
#2824 = SURFACE_STYLE_USAGE(.BOTH.,#2825);
#2825 = SURFACE_SIDE_STYLE('',(#2826));
#2826 = SURFACE_STYLE_FILL_AREA(#2827);
#2827 = FILL_AREA_STYLE('',(#2828));
#2828 = FILL_AREA_STYLE_COLOUR('',#2807);
#2829 = STYLED_ITEM('color',(#2830),#1331);
#2830 = PRESENTATION_STYLE_ASSIGNMENT((#2831));
#2831 = SURFACE_STYLE_USAGE(.BOTH.,#2832);
#2832 = SURFACE_SIDE_STYLE('',(#2833));
#2833 = SURFACE_STYLE_FILL_AREA(#2834);
#2834 = FILL_AREA_STYLE('',(#2835));
#2835 = FILL_AREA_STYLE_COLOUR('',#2807);
#2836 = STYLED_ITEM('color',(#2837),#1348);
#2837 = PRESENTATION_STYLE_ASSIGNMENT((#2838));
#2838 = SURFACE_STYLE_USAGE(.BOTH.,#2839);
#2839 = SURFACE_SIDE_STYLE('',(#2840));
#2840 = SURFACE_STYLE_FILL_AREA(#2841);
#2841 = FILL_AREA_STYLE('',(#2842));
#2842 = FILL_AREA_STYLE_COLOUR('',#2757);
#2843 = STYLED_ITEM('color',(#2844),#1417);
#2844 = PRESENTATION_STYLE_ASSIGNMENT((#2845));
#2845 = SURFACE_STYLE_USAGE(.BOTH.,#2846);
#2846 = SURFACE_SIDE_STYLE('',(#2847));
#2847 = SURFACE_STYLE_FILL_AREA(#2848);
#2848 = FILL_AREA_STYLE('',(#2849));
#2849 = FILL_AREA_STYLE_COLOUR('',#2850);
#2850 = COLOUR_RGB('',8.200000279077E-02,8.600000121357E-02,
  9.399999706163E-02);
#2851 = STYLED_ITEM('color',(#2852),#1448);
#2852 = PRESENTATION_STYLE_ASSIGNMENT((#2853));
#2853 = SURFACE_STYLE_USAGE(.BOTH.,#2854);
#2854 = SURFACE_SIDE_STYLE('',(#2855));
#2855 = SURFACE_STYLE_FILL_AREA(#2856);
#2856 = FILL_AREA_STYLE('',(#2857));
#2857 = FILL_AREA_STYLE_COLOUR('',#2850);
#2858 = STYLED_ITEM('color',(#2859),#1472);
#2859 = PRESENTATION_STYLE_ASSIGNMENT((#2860));
#2860 = SURFACE_STYLE_USAGE(.BOTH.,#2861);
#2861 = SURFACE_SIDE_STYLE('',(#2862));
#2862 = SURFACE_STYLE_FILL_AREA(#2863);
#2863 = FILL_AREA_STYLE('',(#2864));
#2864 = FILL_AREA_STYLE_COLOUR('',#2757);
#2865 = STYLED_ITEM('color',(#2866),#1541);
#2866 = PRESENTATION_STYLE_ASSIGNMENT((#2867));
#2867 = SURFACE_STYLE_USAGE(.BOTH.,#2868);
#2868 = SURFACE_SIDE_STYLE('',(#2869));
#2869 = SURFACE_STYLE_FILL_AREA(#2870);
#2870 = FILL_AREA_STYLE('',(#2871));
#2871 = FILL_AREA_STYLE_COLOUR('',#2850);
#2872 = STYLED_ITEM('color',(#2873),#1565);
#2873 = PRESENTATION_STYLE_ASSIGNMENT((#2874));
#2874 = SURFACE_STYLE_USAGE(.BOTH.,#2875);
#2875 = SURFACE_SIDE_STYLE('',(#2876));
#2876 = SURFACE_STYLE_FILL_AREA(#2877);
#2877 = FILL_AREA_STYLE('',(#2878));
#2878 = FILL_AREA_STYLE_COLOUR('',#2757);
#2879 = STYLED_ITEM('color',(#2880),#1582);
#2880 = PRESENTATION_STYLE_ASSIGNMENT((#2881));
#2881 = SURFACE_STYLE_USAGE(.BOTH.,#2882);
#2882 = SURFACE_SIDE_STYLE('',(#2883));
#2883 = SURFACE_STYLE_FILL_AREA(#2884);
#2884 = FILL_AREA_STYLE('',(#2885));
#2885 = FILL_AREA_STYLE_COLOUR('',#2757);
#2886 = STYLED_ITEM('color',(#2887),#1599);
#2887 = PRESENTATION_STYLE_ASSIGNMENT((#2888));
#2888 = SURFACE_STYLE_USAGE(.BOTH.,#2889);
#2889 = SURFACE_SIDE_STYLE('',(#2890));
#2890 = SURFACE_STYLE_FILL_AREA(#2891);
#2891 = FILL_AREA_STYLE('',(#2892));
#2892 = FILL_AREA_STYLE_COLOUR('',#2757);
#2893 = STYLED_ITEM('color',(#2894),#1616);
#2894 = PRESENTATION_STYLE_ASSIGNMENT((#2895));
#2895 = SURFACE_STYLE_USAGE(.BOTH.,#2896);
#2896 = SURFACE_SIDE_STYLE('',(#2897));
#2897 = SURFACE_STYLE_FILL_AREA(#2898);
#2898 = FILL_AREA_STYLE('',(#2899));
#2899 = FILL_AREA_STYLE_COLOUR('',#2757);
#2900 = STYLED_ITEM('color',(#2901),#1633);
#2901 = PRESENTATION_STYLE_ASSIGNMENT((#2902));
#2902 = SURFACE_STYLE_USAGE(.BOTH.,#2903);
#2903 = SURFACE_SIDE_STYLE('',(#2904));
#2904 = SURFACE_STYLE_FILL_AREA(#2905);
#2905 = FILL_AREA_STYLE('',(#2906));
#2906 = FILL_AREA_STYLE_COLOUR('',#2757);
#2907 = STYLED_ITEM('color',(#2908),#1650);
#2908 = PRESENTATION_STYLE_ASSIGNMENT((#2909));
#2909 = SURFACE_STYLE_USAGE(.BOTH.,#2910);
#2910 = SURFACE_SIDE_STYLE('',(#2911));
#2911 = SURFACE_STYLE_FILL_AREA(#2912);
#2912 = FILL_AREA_STYLE('',(#2913));
#2913 = FILL_AREA_STYLE_COLOUR('',#2757);
#2914 = STYLED_ITEM('color',(#2915),#1667);
#2915 = PRESENTATION_STYLE_ASSIGNMENT((#2916));
#2916 = SURFACE_STYLE_USAGE(.BOTH.,#2917);
#2917 = SURFACE_SIDE_STYLE('',(#2918));
#2918 = SURFACE_STYLE_FILL_AREA(#2919);
#2919 = FILL_AREA_STYLE('',(#2920));
#2920 = FILL_AREA_STYLE_COLOUR('',#2757);
#2921 = STYLED_ITEM('color',(#2922),#1684);
#2922 = PRESENTATION_STYLE_ASSIGNMENT((#2923));
#2923 = SURFACE_STYLE_USAGE(.BOTH.,#2924);
#2924 = SURFACE_SIDE_STYLE('',(#2925));
#2925 = SURFACE_STYLE_FILL_AREA(#2926);
#2926 = FILL_AREA_STYLE('',(#2927));
#2927 = FILL_AREA_STYLE_COLOUR('',#2850);
#2928 = STYLED_ITEM('color',(#2929),#1701);
#2929 = PRESENTATION_STYLE_ASSIGNMENT((#2930));
#2930 = SURFACE_STYLE_USAGE(.BOTH.,#2931);
#2931 = SURFACE_SIDE_STYLE('',(#2932));
#2932 = SURFACE_STYLE_FILL_AREA(#2933);
#2933 = FILL_AREA_STYLE('',(#2934));
#2934 = FILL_AREA_STYLE_COLOUR('',#2850);
#2935 = MECHANICAL_DESIGN_GEOMETRIC_PRESENTATION_REPRESENTATION('',(
    #2936),#2738);
#2936 = STYLED_ITEM('color',(#2937),#1732);
#2937 = PRESENTATION_STYLE_ASSIGNMENT((#2938));
#2938 = SURFACE_STYLE_USAGE(.BOTH.,#2939);
#2939 = SURFACE_SIDE_STYLE('',(#2940));
#2940 = SURFACE_STYLE_FILL_AREA(#2941);
#2941 = FILL_AREA_STYLE('',(#2942));
#2942 = FILL_AREA_STYLE_COLOUR('',#2943);
#2943 = COLOUR_RGB('',0.204454873135,0.204454873135,0.204454873135);
#2944 = MECHANICAL_DESIGN_GEOMETRIC_PRESENTATION_REPRESENTATION('',(
    #2945,#2952,#2959,#2966,#2973,#2980,#2987,#2994,#3001,#3008,#3015,
    #3023,#3030,#3037,#3044,#3051,#3058,#3065,#3072,#3079,#3086,#3093,
    #3100,#3107,#3114,#3121,#3128,#3135),#899);
#2945 = STYLED_ITEM('color',(#2946),#47);
#2946 = PRESENTATION_STYLE_ASSIGNMENT((#2947));
#2947 = SURFACE_STYLE_USAGE(.BOTH.,#2948);
#2948 = SURFACE_SIDE_STYLE('',(#2949));
#2949 = SURFACE_STYLE_FILL_AREA(#2950);
#2950 = FILL_AREA_STYLE('',(#2951));
#2951 = FILL_AREA_STYLE_COLOUR('',#2757);
#2952 = STYLED_ITEM('color',(#2953),#123);
#2953 = PRESENTATION_STYLE_ASSIGNMENT((#2954));
#2954 = SURFACE_STYLE_USAGE(.BOTH.,#2955);
#2955 = SURFACE_SIDE_STYLE('',(#2956));
#2956 = SURFACE_STYLE_FILL_AREA(#2957);
#2957 = FILL_AREA_STYLE('',(#2958));
#2958 = FILL_AREA_STYLE_COLOUR('',#2757);
#2959 = STYLED_ITEM('color',(#2960),#154);
#2960 = PRESENTATION_STYLE_ASSIGNMENT((#2961));
#2961 = SURFACE_STYLE_USAGE(.BOTH.,#2962);
#2962 = SURFACE_SIDE_STYLE('',(#2963));
#2963 = SURFACE_STYLE_FILL_AREA(#2964);
#2964 = FILL_AREA_STYLE('',(#2965));
#2965 = FILL_AREA_STYLE_COLOUR('',#2757);
#2966 = STYLED_ITEM('color',(#2967),#179);
#2967 = PRESENTATION_STYLE_ASSIGNMENT((#2968));
#2968 = SURFACE_STYLE_USAGE(.BOTH.,#2969);
#2969 = SURFACE_SIDE_STYLE('',(#2970));
#2970 = SURFACE_STYLE_FILL_AREA(#2971);
#2971 = FILL_AREA_STYLE('',(#2972));
#2972 = FILL_AREA_STYLE_COLOUR('',#2757);
#2973 = STYLED_ITEM('color',(#2974),#204);
#2974 = PRESENTATION_STYLE_ASSIGNMENT((#2975));
#2975 = SURFACE_STYLE_USAGE(.BOTH.,#2976);
#2976 = SURFACE_SIDE_STYLE('',(#2977));
#2977 = SURFACE_STYLE_FILL_AREA(#2978);
#2978 = FILL_AREA_STYLE('',(#2979));
#2979 = FILL_AREA_STYLE_COLOUR('',#2757);
#2980 = STYLED_ITEM('color',(#2981),#228);
#2981 = PRESENTATION_STYLE_ASSIGNMENT((#2982));
#2982 = SURFACE_STYLE_USAGE(.BOTH.,#2983);
#2983 = SURFACE_SIDE_STYLE('',(#2984));
#2984 = SURFACE_STYLE_FILL_AREA(#2985);
#2985 = FILL_AREA_STYLE('',(#2986));
#2986 = FILL_AREA_STYLE_COLOUR('',#2757);
#2987 = STYLED_ITEM('color',(#2988),#252);
#2988 = PRESENTATION_STYLE_ASSIGNMENT((#2989));
#2989 = SURFACE_STYLE_USAGE(.BOTH.,#2990);
#2990 = SURFACE_SIDE_STYLE('',(#2991));
#2991 = SURFACE_STYLE_FILL_AREA(#2992);
#2992 = FILL_AREA_STYLE('',(#2993));
#2993 = FILL_AREA_STYLE_COLOUR('',#2757);
#2994 = STYLED_ITEM('color',(#2995),#277);
#2995 = PRESENTATION_STYLE_ASSIGNMENT((#2996));
#2996 = SURFACE_STYLE_USAGE(.BOTH.,#2997);
#2997 = SURFACE_SIDE_STYLE('',(#2998));
#2998 = SURFACE_STYLE_FILL_AREA(#2999);
#2999 = FILL_AREA_STYLE('',(#3000));
#3000 = FILL_AREA_STYLE_COLOUR('',#2757);
#3001 = STYLED_ITEM('color',(#3002),#302);
#3002 = PRESENTATION_STYLE_ASSIGNMENT((#3003));
#3003 = SURFACE_STYLE_USAGE(.BOTH.,#3004);
#3004 = SURFACE_SIDE_STYLE('',(#3005));
#3005 = SURFACE_STYLE_FILL_AREA(#3006);
#3006 = FILL_AREA_STYLE('',(#3007));
#3007 = FILL_AREA_STYLE_COLOUR('',#2757);
#3008 = STYLED_ITEM('color',(#3009),#319);
#3009 = PRESENTATION_STYLE_ASSIGNMENT((#3010));
#3010 = SURFACE_STYLE_USAGE(.BOTH.,#3011);
#3011 = SURFACE_SIDE_STYLE('',(#3012));
#3012 = SURFACE_STYLE_FILL_AREA(#3013);
#3013 = FILL_AREA_STYLE('',(#3014));
#3014 = FILL_AREA_STYLE_COLOUR('',#2757);
#3015 = STYLED_ITEM('color',(#3016),#405);
#3016 = PRESENTATION_STYLE_ASSIGNMENT((#3017));
#3017 = SURFACE_STYLE_USAGE(.BOTH.,#3018);
#3018 = SURFACE_SIDE_STYLE('',(#3019));
#3019 = SURFACE_STYLE_FILL_AREA(#3020);
#3020 = FILL_AREA_STYLE('',(#3021));
#3021 = FILL_AREA_STYLE_COLOUR('',#3022);
#3022 = COLOUR_RGB('',0.379000005575,0.270000008848,0.214999999939);
#3023 = STYLED_ITEM('color',(#3024),#437);
#3024 = PRESENTATION_STYLE_ASSIGNMENT((#3025));
#3025 = SURFACE_STYLE_USAGE(.BOTH.,#3026);
#3026 = SURFACE_SIDE_STYLE('',(#3027));
#3027 = SURFACE_STYLE_FILL_AREA(#3028);
#3028 = FILL_AREA_STYLE('',(#3029));
#3029 = FILL_AREA_STYLE_COLOUR('',#3022);
#3030 = STYLED_ITEM('color',(#3031),#461);
#3031 = PRESENTATION_STYLE_ASSIGNMENT((#3032));
#3032 = SURFACE_STYLE_USAGE(.BOTH.,#3033);
#3033 = SURFACE_SIDE_STYLE('',(#3034));
#3034 = SURFACE_STYLE_FILL_AREA(#3035);
#3035 = FILL_AREA_STYLE('',(#3036));
#3036 = FILL_AREA_STYLE_COLOUR('',#3022);
#3037 = STYLED_ITEM('color',(#3038),#486);
#3038 = PRESENTATION_STYLE_ASSIGNMENT((#3039));
#3039 = SURFACE_STYLE_USAGE(.BOTH.,#3040);
#3040 = SURFACE_SIDE_STYLE('',(#3041));
#3041 = SURFACE_STYLE_FILL_AREA(#3042);
#3042 = FILL_AREA_STYLE('',(#3043));
#3043 = FILL_AREA_STYLE_COLOUR('',#3022);
#3044 = STYLED_ITEM('color',(#3045),#510);
#3045 = PRESENTATION_STYLE_ASSIGNMENT((#3046));
#3046 = SURFACE_STYLE_USAGE(.BOTH.,#3047);
#3047 = SURFACE_SIDE_STYLE('',(#3048));
#3048 = SURFACE_STYLE_FILL_AREA(#3049);
#3049 = FILL_AREA_STYLE('',(#3050));
#3050 = FILL_AREA_STYLE_COLOUR('',#3022);
#3051 = STYLED_ITEM('color',(#3052),#535);
#3052 = PRESENTATION_STYLE_ASSIGNMENT((#3053));
#3053 = SURFACE_STYLE_USAGE(.BOTH.,#3054);
#3054 = SURFACE_SIDE_STYLE('',(#3055));
#3055 = SURFACE_STYLE_FILL_AREA(#3056);
#3056 = FILL_AREA_STYLE('',(#3057));
#3057 = FILL_AREA_STYLE_COLOUR('',#3022);
#3058 = STYLED_ITEM('color',(#3059),#559);
#3059 = PRESENTATION_STYLE_ASSIGNMENT((#3060));
#3060 = SURFACE_STYLE_USAGE(.BOTH.,#3061);
#3061 = SURFACE_SIDE_STYLE('',(#3062));
#3062 = SURFACE_STYLE_FILL_AREA(#3063);
#3063 = FILL_AREA_STYLE('',(#3064));
#3064 = FILL_AREA_STYLE_COLOUR('',#3022);
#3065 = STYLED_ITEM('color',(#3066),#584);
#3066 = PRESENTATION_STYLE_ASSIGNMENT((#3067));
#3067 = SURFACE_STYLE_USAGE(.BOTH.,#3068);
#3068 = SURFACE_SIDE_STYLE('',(#3069));
#3069 = SURFACE_STYLE_FILL_AREA(#3070);
#3070 = FILL_AREA_STYLE('',(#3071));
#3071 = FILL_AREA_STYLE_COLOUR('',#3022);
#3072 = STYLED_ITEM('color',(#3073),#601);
#3073 = PRESENTATION_STYLE_ASSIGNMENT((#3074));
#3074 = SURFACE_STYLE_USAGE(.BOTH.,#3075);
#3075 = SURFACE_SIDE_STYLE('',(#3076));
#3076 = SURFACE_STYLE_FILL_AREA(#3077);
#3077 = FILL_AREA_STYLE('',(#3078));
#3078 = FILL_AREA_STYLE_COLOUR('',#2757);
#3079 = STYLED_ITEM('color',(#3080),#687);
#3080 = PRESENTATION_STYLE_ASSIGNMENT((#3081));
#3081 = SURFACE_STYLE_USAGE(.BOTH.,#3082);
#3082 = SURFACE_SIDE_STYLE('',(#3083));
#3083 = SURFACE_STYLE_FILL_AREA(#3084);
#3084 = FILL_AREA_STYLE('',(#3085));
#3085 = FILL_AREA_STYLE_COLOUR('',#2757);
#3086 = STYLED_ITEM('color',(#3087),#718);
#3087 = PRESENTATION_STYLE_ASSIGNMENT((#3088));
#3088 = SURFACE_STYLE_USAGE(.BOTH.,#3089);
#3089 = SURFACE_SIDE_STYLE('',(#3090));
#3090 = SURFACE_STYLE_FILL_AREA(#3091);
#3091 = FILL_AREA_STYLE('',(#3092));
#3092 = FILL_AREA_STYLE_COLOUR('',#2757);
#3093 = STYLED_ITEM('color',(#3094),#743);
#3094 = PRESENTATION_STYLE_ASSIGNMENT((#3095));
#3095 = SURFACE_STYLE_USAGE(.BOTH.,#3096);
#3096 = SURFACE_SIDE_STYLE('',(#3097));
#3097 = SURFACE_STYLE_FILL_AREA(#3098);
#3098 = FILL_AREA_STYLE('',(#3099));
#3099 = FILL_AREA_STYLE_COLOUR('',#2757);
#3100 = STYLED_ITEM('color',(#3101),#768);
#3101 = PRESENTATION_STYLE_ASSIGNMENT((#3102));
#3102 = SURFACE_STYLE_USAGE(.BOTH.,#3103);
#3103 = SURFACE_SIDE_STYLE('',(#3104));
#3104 = SURFACE_STYLE_FILL_AREA(#3105);
#3105 = FILL_AREA_STYLE('',(#3106));
#3106 = FILL_AREA_STYLE_COLOUR('',#2757);
#3107 = STYLED_ITEM('color',(#3108),#792);
#3108 = PRESENTATION_STYLE_ASSIGNMENT((#3109));
#3109 = SURFACE_STYLE_USAGE(.BOTH.,#3110);
#3110 = SURFACE_SIDE_STYLE('',(#3111));
#3111 = SURFACE_STYLE_FILL_AREA(#3112);
#3112 = FILL_AREA_STYLE('',(#3113));
#3113 = FILL_AREA_STYLE_COLOUR('',#2757);
#3114 = STYLED_ITEM('color',(#3115),#816);
#3115 = PRESENTATION_STYLE_ASSIGNMENT((#3116));
#3116 = SURFACE_STYLE_USAGE(.BOTH.,#3117);
#3117 = SURFACE_SIDE_STYLE('',(#3118));
#3118 = SURFACE_STYLE_FILL_AREA(#3119);
#3119 = FILL_AREA_STYLE('',(#3120));
#3120 = FILL_AREA_STYLE_COLOUR('',#2757);
#3121 = STYLED_ITEM('color',(#3122),#841);
#3122 = PRESENTATION_STYLE_ASSIGNMENT((#3123));
#3123 = SURFACE_STYLE_USAGE(.BOTH.,#3124);
#3124 = SURFACE_SIDE_STYLE('',(#3125));
#3125 = SURFACE_STYLE_FILL_AREA(#3126);
#3126 = FILL_AREA_STYLE('',(#3127));
#3127 = FILL_AREA_STYLE_COLOUR('',#2757);
#3128 = STYLED_ITEM('color',(#3129),#866);
#3129 = PRESENTATION_STYLE_ASSIGNMENT((#3130));
#3130 = SURFACE_STYLE_USAGE(.BOTH.,#3131);
#3131 = SURFACE_SIDE_STYLE('',(#3132));
#3132 = SURFACE_STYLE_FILL_AREA(#3133);
#3133 = FILL_AREA_STYLE('',(#3134));
#3134 = FILL_AREA_STYLE_COLOUR('',#2757);
#3135 = STYLED_ITEM('color',(#3136),#883);
#3136 = PRESENTATION_STYLE_ASSIGNMENT((#3137));
#3137 = SURFACE_STYLE_USAGE(.BOTH.,#3138);
#3138 = SURFACE_SIDE_STYLE('',(#3139));
#3139 = SURFACE_STYLE_FILL_AREA(#3140);
#3140 = FILL_AREA_STYLE('',(#3141));
#3141 = FILL_AREA_STYLE_COLOUR('',#2757);
ENDSEC;
END-ISO-10303-21;
